seed,truth,label,relative_support,mse,resolved,labeled_no_change,reject_model_at_mse_0_2
80810000,actuator_plus_wind,world,1.0,0.6560751267812805,1,0,1
80810000,world_plus_visual,world,1.0,0.5479691117120464,1,0,1
80810000,none,no_change,1.0,0.029471499008370153,1,1,0
80810001,actuator_plus_wind,world,1.0,0.7023625258105101,1,0,1
80810001,world_plus_visual,world,1.0,0.5220093828534784,1,0,1
80810001,none,no_change,1.0,0.024078855448592913,1,1,0
80810002,actuator_plus_wind,world,1.0,0.6573419447819887,1,0,1
80810002,world_plus_visual,world,1.0,0.5709030558255042,1,0,1
80810002,none,no_change,1.0,0.037090593456215605,1,1,0
80810003,actuator_plus_wind,world,1.0,0.6782155353874312,1,0,1
80810003,world_plus_visual,world,1.0,0.4922852301241248,1,0,1
80810003,none,no_change,1.0,0.037332481238019265,1,1,0
80810004,actuator_plus_wind,world,1.0,0.7481836015221482,1,0,1
80810004,world_plus_visual,world,1.0,0.49231620566332984,1,0,1
80810004,none,no_change,1.0,0.04050116089090585,1,1,0
80810005,actuator_plus_wind,world,1.0,0.711816656024722,1,0,1
80810005,world_plus_visual,world,1.0,0.5758407289357547,1,0,1
80810005,none,no_change,1.0,0.03298722195567284,1,1,0
80810006,actuator_plus_wind,world,1.0,0.6665506803957506,1,0,1
80810006,world_plus_visual,world,1.0,0.5391951873759931,1,0,1
80810006,none,no_change,1.0,0.02837395004106366,1,1,0
80810007,actuator_plus_wind,world,1.0,0.6742616919785611,1,0,1
80810007,world_plus_visual,world,1.0,0.5086871397707445,1,0,1
80810007,none,no_change,1.0,0.02680505699756582,1,1,0
80810008,actuator_plus_wind,world,1.0,0.6778507969115589,1,0,1
80810008,world_plus_visual,world,1.0,0.5588224549090759,1,0,1
80810008,none,no_change,1.0,0.028398903480552764,1,1,0
80810009,actuator_plus_wind,world,1.0,0.6486940512254135,1,0,1
80810009,world_plus_visual,world,1.0,0.5208787492520265,1,0,1
80810009,none,no_change,1.0,0.03741836580314254,1,1,0
80810010,actuator_plus_wind,world,1.0,0.7144306228510997,1,0,1
80810010,world_plus_visual,world,1.0,0.5072434310296631,1,0,1
80810010,none,no_change,1.0,0.03363417243350541,1,1,0
80810011,actuator_plus_wind,world,1.0,0.7345091792367425,1,0,1
80810011,world_plus_visual,world,1.0,0.5223855925147823,1,0,1
80810011,none,no_change,1.0,0.03358471687327214,1,1,0
80810012,actuator_plus_wind,world,1.0,0.7579662126287022,1,0,1
80810012,world_plus_visual,world,1.0,0.5691391547627697,1,0,1
80810012,none,no_change,1.0,0.03457493150066753,1,1,0
80810013,actuator_plus_wind,world,1.0,0.8370562419677183,1,0,1
80810013,world_plus_visual,world,1.0,0.5514540013956937,1,0,1
80810013,none,no_change,1.0,0.04023562302101911,1,1,0
80810014,actuator_plus_wind,world,1.0,0.7785303785174702,1,0,1
80810014,world_plus_visual,world,1.0,0.5715644708348865,1,0,1
80810014,none,no_change,1.0,0.03543173506766328,1,1,0
80810015,actuator_plus_wind,world,1.0,0.7135004715451668,1,0,1
80810015,world_plus_visual,world,1.0,0.5869968005747916,1,0,1
80810015,none,no_change,1.0,0.05070453532170641,1,1,0
80810016,actuator_plus_wind,world,1.0,0.6761153561970307,1,0,1
80810016,world_plus_visual,world,1.0,0.5104714882265557,1,0,1
80810016,none,no_change,1.0,0.037140273996164125,1,1,0
80810017,actuator_plus_wind,world,1.0,0.6778878938437306,1,0,1
80810017,world_plus_visual,world,1.0,0.5961711194556966,1,0,1
80810017,none,no_change,1.0,0.03429525307094647,1,1,0
80810018,actuator_plus_wind,world,1.0,0.6716159389993184,1,0,1
80810018,world_plus_visual,world,1.0,0.5327808971105062,1,0,1
80810018,none,no_change,1.0,0.03262307863570924,1,1,0
80810019,actuator_plus_wind,world,1.0,0.7243372233329272,1,0,1
80810019,world_plus_visual,world,1.0,0.5223875779090168,1,0,1
80810019,none,no_change,1.0,0.03647051252894131,1,1,0
80810020,actuator_plus_wind,world,1.0,0.7104175684314847,1,0,1
80810020,world_plus_visual,world,1.0,0.5026680614987289,1,0,1
80810020,none,no_change,1.0,0.02942752298790093,1,1,0
80810021,actuator_plus_wind,world,1.0,0.6618268716686985,1,0,1
80810021,world_plus_visual,world,1.0,0.5316108502575787,1,0,1
80810021,none,no_change,1.0,0.030002478395731207,1,1,0
80810022,actuator_plus_wind,world,1.0,0.7121804791899664,1,0,1
80810022,world_plus_visual,world,1.0,0.5996505034153109,1,0,1
80810022,none,no_change,1.0,0.04271952334932717,1,1,0
80810023,actuator_plus_wind,world,1.0,0.643388925376732,1,0,1
80810023,world_plus_visual,world,1.0,0.5924978222259168,1,0,1
80810023,none,no_change,1.0,0.02654782233100439,1,1,0
80810024,actuator_plus_wind,world,1.0,0.6855690838506209,1,0,1
80810024,world_plus_visual,world,1.0,0.5292541991868999,1,0,1
80810024,none,no_change,1.0,0.02830397014828474,1,1,0
80810025,actuator_plus_wind,world,1.0,0.6436821537570915,1,0,1
80810025,world_plus_visual,world,1.0,0.4866048650496344,1,0,1
80810025,none,no_change,1.0,0.03418248499841836,1,1,0
80810026,actuator_plus_wind,world,1.0,0.6642018981618787,1,0,1
80810026,world_plus_visual,world,1.0,0.5019757004619904,1,0,1
80810026,none,no_change,1.0,0.023176917949473182,1,1,0
80810027,actuator_plus_wind,world,1.0,0.733003139391171,1,0,1
80810027,world_plus_visual,world,1.0,0.5521251000681633,1,0,1
80810027,none,no_change,1.0,0.030474438534486125,1,1,0
80810028,actuator_plus_wind,world,1.0,0.7382486420026152,1,0,1
80810028,world_plus_visual,world,1.0,0.5789626779924754,1,0,1
80810028,none,no_change,1.0,0.03441864317180857,1,1,0
80810029,actuator_plus_wind,world,1.0,0.6883765480182163,1,0,1
80810029,world_plus_visual,world,1.0,0.5287830241689756,1,0,1
80810029,none,no_change,1.0,0.038408142509383354,1,1,0
80810030,actuator_plus_wind,world,1.0,0.6235913208761359,1,0,1
80810030,world_plus_visual,world,1.0,0.5385337548411051,1,0,1
80810030,none,no_change,1.0,0.030983913059730694,1,1,0
80810031,actuator_plus_wind,world,1.0,0.6687207876090221,1,0,1
80810031,world_plus_visual,world,1.0,0.488728406245158,1,0,1
80810031,none,no_change,1.0,0.033249900104694634,1,1,0
80810032,actuator_plus_wind,world,1.0,0.648180138137684,1,0,1
80810032,world_plus_visual,world,1.0,0.5260819652260672,1,0,1
80810032,none,no_change,1.0,0.01997533129180117,1,1,0
80810033,actuator_plus_wind,world,1.0,0.7090405512225729,1,0,1
80810033,world_plus_visual,world,1.0,0.5100355389515997,1,0,1
80810033,none,no_change,1.0,0.02364826733046904,1,1,0
80810034,actuator_plus_wind,world,1.0,0.6351135293993929,1,0,1
80810034,world_plus_visual,world,1.0,0.49562016836626727,1,0,1
80810034,none,no_change,1.0,0.01892124336144298,1,1,0
80810035,actuator_plus_wind,world,1.0,0.7050692858847878,1,0,1
80810035,world_plus_visual,world,1.0,0.4998566300202197,1,0,1
80810035,none,no_change,1.0,0.03526796500648944,1,1,0
80810036,actuator_plus_wind,world,1.0,0.6936290555988176,1,0,1
80810036,world_plus_visual,world,1.0,0.536580843122911,1,0,1
80810036,none,no_change,1.0,0.05177791102105064,1,1,0
80810037,actuator_plus_wind,world,1.0,0.6901766421455683,1,0,1
80810037,world_plus_visual,world,1.0,0.5440884316341617,1,0,1
80810037,none,no_change,1.0,0.023928176835519354,1,1,0
80810038,actuator_plus_wind,world,1.0,0.7028053961193708,1,0,1
80810038,world_plus_visual,world,1.0,0.5431831655248747,1,0,1
80810038,none,no_change,1.0,0.03072269460440864,1,1,0
80810039,actuator_plus_wind,world,1.0,0.6842495705241879,1,0,1
80810039,world_plus_visual,world,1.0,0.5449068706028305,1,0,1
80810039,none,no_change,1.0,0.022231572584379616,1,1,0
80810040,actuator_plus_wind,world,1.0,0.7012608651781953,1,0,1
80810040,world_plus_visual,world,1.0,0.46137502069646086,1,0,1
80810040,none,no_change,1.0,0.029174179345306462,1,1,0
80810041,actuator_plus_wind,world,1.0,0.6809251433062727,1,0,1
80810041,world_plus_visual,world,1.0,0.5105966769903062,1,0,1
80810041,none,no_change,1.0,0.029639689263117424,1,1,0
80810042,actuator_plus_wind,world,1.0,0.6525795503797274,1,0,1
80810042,world_plus_visual,world,1.0,0.52941957406042,1,0,1
80810042,none,no_change,1.0,0.035491028226818606,1,1,0
80810043,actuator_plus_wind,world,1.0,0.6248172831835642,1,0,1
80810043,world_plus_visual,world,1.0,0.526052008797079,1,0,1
80810043,none,no_change,1.0,0.036749945312165105,1,1,0
80810044,actuator_plus_wind,world,1.0,0.7448827490392587,1,0,1
80810044,world_plus_visual,world,1.0,0.5340553374239608,1,0,1
80810044,none,no_change,1.0,0.025900556692209493,1,1,0
80810045,actuator_plus_wind,world,1.0,0.6752059777955584,1,0,1
80810045,world_plus_visual,world,1.0,0.4893841313864565,1,0,1
80810045,none,no_change,1.0,0.03030500982231214,1,1,0
80810046,actuator_plus_wind,world,1.0,0.7084174069315292,1,0,1
80810046,world_plus_visual,world,1.0,0.4466465727044886,1,0,1
80810046,none,no_change,1.0,0.03441321632778551,1,1,0
80810047,actuator_plus_wind,world,1.0,0.7369615738714344,1,0,1
80810047,world_plus_visual,world,1.0,0.5300739860910109,1,0,1
80810047,none,no_change,1.0,0.026828598067809167,1,1,0
80810048,actuator_plus_wind,world,1.0,0.7257707551231222,1,0,1
80810048,world_plus_visual,world,1.0,0.5844025191672291,1,0,1
80810048,none,no_change,1.0,0.02791445393075571,1,1,0
80810049,actuator_plus_wind,world,1.0,0.6965430205663882,1,0,1
80810049,world_plus_visual,world,1.0,0.5543167318562955,1,0,1
80810049,none,no_change,1.0,0.02843391986040239,1,1,0
80810050,actuator_plus_wind,world,1.0,0.7652620602351093,1,0,1
80810050,world_plus_visual,world,1.0,0.5031742262306703,1,0,1
80810050,none,no_change,1.0,0.039618749029346534,1,1,0
80810051,actuator_plus_wind,world,1.0,0.6434783119840499,1,0,1
80810051,world_plus_visual,world,1.0,0.5752368094813382,1,0,1
80810051,none,no_change,1.0,0.028676098731138466,1,1,0
80810052,actuator_plus_wind,world,1.0,0.6273969063521775,1,0,1
80810052,world_plus_visual,world,1.0,0.550217984039134,1,0,1
80810052,none,no_change,1.0,0.024734551448943955,1,1,0
80810053,actuator_plus_wind,world,1.0,0.7146842694930761,1,0,1
80810053,world_plus_visual,world,1.0,0.5295141362727941,1,0,1
80810053,none,no_change,1.0,0.027425893140245905,1,1,0
80810054,actuator_plus_wind,world,1.0,0.6782496535521898,1,0,1
80810054,world_plus_visual,world,1.0,0.5698950977338212,1,0,1
80810054,none,no_change,1.0,0.02831386383401671,1,1,0
80810055,actuator_plus_wind,world,1.0,0.7501449198350872,1,0,1
80810055,world_plus_visual,world,1.0,0.5370056066138217,1,0,1
80810055,none,no_change,1.0,0.03760724580938238,1,1,0
80810056,actuator_plus_wind,world,1.0,0.6910160712779382,1,0,1
80810056,world_plus_visual,world,1.0,0.478641965470513,1,0,1
80810056,none,no_change,1.0,0.030392701811244278,1,1,0
80810057,actuator_plus_wind,world,1.0,0.6715347538293116,1,0,1
80810057,world_plus_visual,world,1.0,0.5828981156712757,1,0,1
80810057,none,no_change,1.0,0.03041521182354535,1,1,0
80810058,actuator_plus_wind,world,1.0,0.7259628364009986,1,0,1
80810058,world_plus_visual,world,1.0,0.6067023944865609,1,0,1
80810058,none,no_change,1.0,0.04771404063523374,1,1,0
80810059,actuator_plus_wind,world,1.0,0.6847482313516897,1,0,1
80810059,world_plus_visual,world,1.0,0.5420025458346864,1,0,1
80810059,none,no_change,1.0,0.02949207351391848,1,1,0
80810060,actuator_plus_wind,world,1.0,0.7497983395622855,1,0,1
80810060,world_plus_visual,world,1.0,0.591160277212277,1,0,1
80810060,none,no_change,1.0,0.03503361460767727,1,1,0
80810061,actuator_plus_wind,world,1.0,0.6773824940583685,1,0,1
80810061,world_plus_visual,world,1.0,0.587696831399055,1,0,1
80810061,none,no_change,1.0,0.03188059535416754,1,1,0
80810062,actuator_plus_wind,world,1.0,0.7162262589574434,1,0,1
80810062,world_plus_visual,world,1.0,0.5327764019395008,1,0,1
80810062,none,no_change,1.0,0.03177385489661955,1,1,0
80810063,actuator_plus_wind,world,1.0,0.7261874112281314,1,0,1
80810063,world_plus_visual,world,1.0,0.5040869120138439,1,0,1
80810063,none,no_change,1.0,0.031053375319166687,1,1,0
80810064,actuator_plus_wind,world,1.0,0.7840662865130215,1,0,1
80810064,world_plus_visual,world,1.0,0.551444540537335,1,0,1
80810064,none,no_change,1.0,0.030541341808413284,1,1,0
80810065,actuator_plus_wind,world,1.0,0.6680249159932038,1,0,1
80810065,world_plus_visual,world,1.0,0.5339490008638654,1,0,1
80810065,none,no_change,1.0,0.02580403771009077,1,1,0
80810066,actuator_plus_wind,world,1.0,0.7184405342270009,1,0,1
80810066,world_plus_visual,world,1.0,0.5106111010482027,1,0,1
80810066,none,no_change,1.0,0.033091826754933766,1,1,0
80810067,actuator_plus_wind,world,1.0,0.7373300660740298,1,0,1
80810067,world_plus_visual,world,1.0,0.529143751040709,1,0,1
80810067,none,no_change,1.0,0.029908841128372693,1,1,0
80810068,actuator_plus_wind,world,1.0,0.6818143331515788,1,0,1
80810068,world_plus_visual,world,1.0,0.5489886383151891,1,0,1
80810068,none,no_change,1.0,0.02335789170795557,1,1,0
80810069,actuator_plus_wind,world,1.0,0.6851948080530302,1,0,1
80810069,world_plus_visual,world,1.0,0.510323437625985,1,0,1
80810069,none,no_change,1.0,0.02703585329271063,1,1,0
80810070,actuator_plus_wind,world,1.0,0.7516068952354713,1,0,1
80810070,world_plus_visual,world,1.0,0.48870100115997755,1,0,1
80810070,none,no_change,1.0,0.0453910464295059,1,1,0
80810071,actuator_plus_wind,world,1.0,0.7700848465587825,1,0,1
80810071,world_plus_visual,world,1.0,0.5196609269908096,1,0,1
80810071,none,no_change,1.0,0.02628083346759677,1,1,0
80810072,actuator_plus_wind,world,1.0,0.6551229112826874,1,0,1
80810072,world_plus_visual,world,1.0,0.5214003684311473,1,0,1
80810072,none,no_change,1.0,0.04234415822578242,1,1,0
80810073,actuator_plus_wind,world,1.0,0.743512503811453,1,0,1
80810073,world_plus_visual,world,1.0,0.5254615473968997,1,0,1
80810073,none,no_change,1.0,0.03775252279235528,1,1,0
80810074,actuator_plus_wind,world,1.0,0.6788070250983811,1,0,1
80810074,world_plus_visual,world,1.0,0.5910834392699086,1,0,1
80810074,none,no_change,1.0,0.034256452014805594,1,1,0
80810075,actuator_plus_wind,world,1.0,0.6639860190420408,1,0,1
80810075,world_plus_visual,world,1.0,0.49349328256991054,1,0,1
80810075,none,no_change,1.0,0.020880764824958903,1,1,0
80810076,actuator_plus_wind,world,1.0,0.7310350081906772,1,0,1
80810076,world_plus_visual,world,1.0,0.529889200217609,1,0,1
80810076,none,no_change,1.0,0.021614388974424737,1,1,0
80810077,actuator_plus_wind,world,1.0,0.6816217250166062,1,0,1
80810077,world_plus_visual,world,1.0,0.5633724932253016,1,0,1
80810077,none,no_change,1.0,0.03172950581614898,1,1,0
80810078,actuator_plus_wind,world,1.0,0.6955785917839749,1,0,1
80810078,world_plus_visual,world,1.0,0.5233934584320902,1,0,1
80810078,none,no_change,1.0,0.0458852651153638,1,1,0
80810079,actuator_plus_wind,world,1.0,0.7295477432902088,1,0,1
80810079,world_plus_visual,world,1.0,0.5021794633187853,1,0,1
80810079,none,no_change,1.0,0.034874514761458156,1,1,0
80810080,actuator_plus_wind,world,1.0,0.7738578130872629,1,0,1
80810080,world_plus_visual,world,1.0,0.5426712250053848,1,0,1
80810080,none,no_change,1.0,0.03311028900858248,1,1,0
80810081,actuator_plus_wind,world,1.0,0.721361866164536,1,0,1
80810081,world_plus_visual,world,1.0,0.5075316069503544,1,0,1
80810081,none,no_change,1.0,0.03567453830730855,1,1,0
80810082,actuator_plus_wind,world,1.0,0.6737901465291105,1,0,1
80810082,world_plus_visual,world,1.0,0.538406160152399,1,0,1
80810082,none,no_change,1.0,0.0447284231584211,1,1,0
80810083,actuator_plus_wind,world,1.0,0.6829636934608395,1,0,1
80810083,world_plus_visual,world,1.0,0.5435613249557864,1,0,1
80810083,none,no_change,1.0,0.040443963795096106,1,1,0
80810084,actuator_plus_wind,world,1.0,0.7096651036027551,1,0,1
80810084,world_plus_visual,world,1.0,0.5514676156087647,1,0,1
80810084,none,no_change,1.0,0.03511742431029779,1,1,0
80810085,actuator_plus_wind,world,1.0,0.6948910463417081,1,0,1
80810085,world_plus_visual,world,1.0,0.5618325858622623,1,0,1
80810085,none,no_change,1.0,0.030846194939167848,1,1,0
80810086,actuator_plus_wind,world,1.0,0.667583860622616,1,0,1
80810086,world_plus_visual,world,1.0,0.5698532400085256,1,0,1
80810086,none,no_change,1.0,0.022198452049340216,1,1,0
80810087,actuator_plus_wind,world,1.0,0.7394532879079506,1,0,1
80810087,world_plus_visual,world,1.0,0.5653301158453853,1,0,1
80810087,none,no_change,1.0,0.04720068745528174,1,1,0
80810088,actuator_plus_wind,world,1.0,0.764611738340391,1,0,1
80810088,world_plus_visual,world,1.0,0.5646279762015678,1,0,1
80810088,none,no_change,1.0,0.045862230083917155,1,1,0
80810089,actuator_plus_wind,world,1.0,0.6673499448860764,1,0,1
80810089,world_plus_visual,world,1.0,0.5212654062704988,1,0,1
80810089,none,no_change,1.0,0.025670362111280248,1,1,0
80810090,actuator_plus_wind,world,1.0,0.7031970872053152,1,0,1
80810090,world_plus_visual,world,1.0,0.5406269615001114,1,0,1
80810090,none,no_change,1.0,0.03504865925122455,1,1,0
80810091,actuator_plus_wind,world,1.0,0.719403707833389,1,0,1
80810091,world_plus_visual,world,1.0,0.5298174722845627,1,0,1
80810091,none,no_change,1.0,0.03778869202019869,1,1,0
80810092,actuator_plus_wind,world,1.0,0.7301295472146628,1,0,1
80810092,world_plus_visual,world,1.0,0.5596197742586286,1,0,1
80810092,none,no_change,1.0,0.031837191060323795,1,1,0
80810093,actuator_plus_wind,world,1.0,0.7137822990158206,1,0,1
80810093,world_plus_visual,world,1.0,0.4787060271652473,1,0,1
80810093,none,no_change,1.0,0.03606705172298039,1,1,0
80810094,actuator_plus_wind,world,1.0,0.6810343695738958,1,0,1
80810094,world_plus_visual,world,1.0,0.5477313099554048,1,0,1
80810094,none,no_change,1.0,0.025957711190091614,1,1,0
80810095,actuator_plus_wind,world,1.0,0.6524160465175387,1,0,1
80810095,world_plus_visual,world,1.0,0.5267162015314965,1,0,1
80810095,none,no_change,1.0,0.018109201268340532,1,1,0
80810096,actuator_plus_wind,world,1.0,0.7014182716239875,1,0,1
80810096,world_plus_visual,world,1.0,0.5288689244919874,1,0,1
80810096,none,no_change,1.0,0.03454925822440049,1,1,0
80810097,actuator_plus_wind,world,1.0,0.7108276908631398,1,0,1
80810097,world_plus_visual,world,1.0,0.5509168918275935,1,0,1
80810097,none,no_change,1.0,0.0274961002237822,1,1,0
80810098,actuator_plus_wind,world,1.0,0.6893549285532296,1,0,1
80810098,world_plus_visual,world,1.0,0.579486110751375,1,0,1
80810098,none,no_change,1.0,0.027648235428012563,1,1,0
80810099,actuator_plus_wind,world,1.0,0.6960792138460131,1,0,1
80810099,world_plus_visual,world,1.0,0.5155748810382654,1,0,1
80810099,none,no_change,1.0,0.04676130805241018,1,1,0
80810100,actuator_plus_wind,world,1.0,0.7015752144524514,1,0,1
80810100,world_plus_visual,world,1.0,0.5703866859523788,1,0,1
80810100,none,no_change,1.0,0.02052040105770384,1,1,0
80810101,actuator_plus_wind,world,1.0,0.6867945012286393,1,0,1
80810101,world_plus_visual,world,1.0,0.4976473832936265,1,0,1
80810101,none,no_change,1.0,0.02430800550387803,1,1,0
80810102,actuator_plus_wind,world,1.0,0.6465774568950206,1,0,1
80810102,world_plus_visual,world,1.0,0.5655775736023793,1,0,1
80810102,none,no_change,1.0,0.026407378570890132,1,1,0
80810103,actuator_plus_wind,world,1.0,0.760888260652966,1,0,1
80810103,world_plus_visual,world,1.0,0.5467666743249286,1,0,1
80810103,none,no_change,1.0,0.03760880116570932,1,1,0
80810104,actuator_plus_wind,world,1.0,0.7676567629519352,1,0,1
80810104,world_plus_visual,world,1.0,0.5317037518914752,1,0,1
80810104,none,no_change,1.0,0.03285892614444835,1,1,0
80810105,actuator_plus_wind,world,1.0,0.6855829789972994,1,0,1
80810105,world_plus_visual,world,1.0,0.5776107871506009,1,0,1
80810105,none,no_change,1.0,0.037098264341737124,1,1,0
80810106,actuator_plus_wind,world,1.0,0.6970268901078888,1,0,1
80810106,world_plus_visual,world,1.0,0.510948194471948,1,0,1
80810106,none,no_change,1.0,0.023658856196018263,1,1,0
80810107,actuator_plus_wind,world,1.0,0.6422421353250999,1,0,1
80810107,world_plus_visual,world,1.0,0.49360810230875635,1,0,1
80810107,none,no_change,1.0,0.04204865870257584,1,1,0
80810108,actuator_plus_wind,world,1.0,0.6965544343586227,1,0,1
80810108,world_plus_visual,world,1.0,0.5633597137141889,1,0,1
80810108,none,no_change,1.0,0.024632200379727198,1,1,0
80810109,actuator_plus_wind,world,1.0,0.7176231911200448,1,0,1
80810109,world_plus_visual,world,1.0,0.5791440585845612,1,0,1
80810109,none,no_change,1.0,0.0321303762417836,1,1,0
80810110,actuator_plus_wind,world,1.0,0.7171170952990691,1,0,1
80810110,world_plus_visual,world,1.0,0.5337461646857139,1,0,1
80810110,none,no_change,1.0,0.046710474618897414,1,1,0
80810111,actuator_plus_wind,world,1.0,0.6530891306294723,1,0,1
80810111,world_plus_visual,world,1.0,0.5395555679864615,1,0,1
80810111,none,no_change,1.0,0.03742453861555859,1,1,0
80810112,actuator_plus_wind,world,1.0,0.6891337598340539,1,0,1
80810112,world_plus_visual,world,1.0,0.4854847119207462,1,0,1
80810112,none,no_change,1.0,0.037675741429822586,1,1,0
80810113,actuator_plus_wind,world,1.0,0.6858557482675787,1,0,1
80810113,world_plus_visual,world,1.0,0.5082677399169411,1,0,1
80810113,none,no_change,1.0,0.026017695299726237,1,1,0
80810114,actuator_plus_wind,world,1.0,0.7552330383908131,1,0,1
80810114,world_plus_visual,world,1.0,0.5771947553111624,1,0,1
80810114,none,no_change,1.0,0.02511628653972432,1,1,0
80810115,actuator_plus_wind,world,1.0,0.7090939901742296,1,0,1
80810115,world_plus_visual,world,1.0,0.5703723912680091,1,0,1
80810115,none,no_change,1.0,0.036407111590254795,1,1,0
80810116,actuator_plus_wind,world,1.0,0.6929866041035107,1,0,1
80810116,world_plus_visual,world,1.0,0.5738715526697601,1,0,1
80810116,none,no_change,1.0,0.04275643752322026,1,1,0
80810117,actuator_plus_wind,world,1.0,0.7511244876356765,1,0,1
80810117,world_plus_visual,world,1.0,0.5332779166773002,1,0,1
80810117,none,no_change,1.0,0.01840468732639663,1,1,0
80810118,actuator_plus_wind,world,1.0,0.649224854588322,1,0,1
80810118,world_plus_visual,world,1.0,0.5693405800960131,1,0,1
80810118,none,no_change,1.0,0.03714112754009447,1,1,0
80810119,actuator_plus_wind,world,1.0,0.680478248767877,1,0,1
80810119,world_plus_visual,world,1.0,0.5741192150988773,1,0,1
80810119,none,no_change,1.0,0.03292905431745643,1,1,0
80810120,actuator_plus_wind,world,1.0,0.6776753444901505,1,0,1
80810120,world_plus_visual,world,1.0,0.4783776123712153,1,0,1
80810120,none,no_change,1.0,0.03438523548146378,1,1,0
80810121,actuator_plus_wind,world,1.0,0.6759627060637609,1,0,1
80810121,world_plus_visual,world,1.0,0.565034022964236,1,0,1
80810121,none,no_change,1.0,0.033261996957891164,1,1,0
80810122,actuator_plus_wind,world,1.0,0.7257161527400767,1,0,1
80810122,world_plus_visual,world,1.0,0.5358203368823603,1,0,1
80810122,none,no_change,1.0,0.020236969951690262,1,1,0
80810123,actuator_plus_wind,world,1.0,0.6710744220741933,1,0,1
80810123,world_plus_visual,world,1.0,0.5699066205137657,1,0,1
80810123,none,no_change,1.0,0.02384753768822398,1,1,0
80810124,actuator_plus_wind,world,1.0,0.6804468393719674,1,0,1
80810124,world_plus_visual,world,1.0,0.5792889661433714,1,0,1
80810124,none,no_change,1.0,0.03269968669819028,1,1,0
80810125,actuator_plus_wind,world,1.0,0.6991831224924957,1,0,1
80810125,world_plus_visual,world,1.0,0.5992704334546793,1,0,1
80810125,none,no_change,1.0,0.0339570858607511,1,1,0
80810126,actuator_plus_wind,world,1.0,0.7161145257203909,1,0,1
80810126,world_plus_visual,world,1.0,0.5657025567568548,1,0,1
80810126,none,no_change,1.0,0.024898487322947374,1,1,0
80810127,actuator_plus_wind,world,1.0,0.6511029699284806,1,0,1
80810127,world_plus_visual,world,1.0,0.5241672246834341,1,0,1
80810127,none,no_change,1.0,0.02103993519791084,1,1,0
80810128,actuator_plus_wind,world,1.0,0.7079319531399587,1,0,1
80810128,world_plus_visual,world,1.0,0.5381158999336896,1,0,1
80810128,none,no_change,1.0,0.029872220631245634,1,1,0
80810129,actuator_plus_wind,world,1.0,0.7338321250594869,1,0,1
80810129,world_plus_visual,world,1.0,0.48316811081309274,1,0,1
80810129,none,no_change,1.0,0.0315795703929149,1,1,0
80810130,actuator_plus_wind,world,1.0,0.7624044899913963,1,0,1
80810130,world_plus_visual,world,1.0,0.5082371172142311,1,0,1
80810130,none,no_change,1.0,0.0331831428138241,1,1,0
80810131,actuator_plus_wind,world,1.0,0.7580550078829601,1,0,1
80810131,world_plus_visual,world,1.0,0.5134277535427034,1,0,1
80810131,none,no_change,1.0,0.04438661767904245,1,1,0
80810132,actuator_plus_wind,world,1.0,0.6533277337240415,1,0,1
80810132,world_plus_visual,world,1.0,0.5617255837656222,1,0,1
80810132,none,no_change,1.0,0.029414011557388525,1,1,0
80810133,actuator_plus_wind,world,1.0,0.7611364578392411,1,0,1
80810133,world_plus_visual,world,1.0,0.5373091202270831,1,0,1
80810133,none,no_change,1.0,0.03475106451941493,1,1,0
80810134,actuator_plus_wind,world,1.0,0.6868564757152993,1,0,1
80810134,world_plus_visual,world,1.0,0.5867237538314091,1,0,1
80810134,none,no_change,1.0,0.04801840008025254,1,1,0
80810135,actuator_plus_wind,world,1.0,0.6716876269154435,1,0,1
80810135,world_plus_visual,world,1.0,0.5180310027029562,1,0,1
80810135,none,no_change,1.0,0.031680161403151164,1,1,0
80810136,actuator_plus_wind,world,1.0,0.7324701479209274,1,0,1
80810136,world_plus_visual,world,1.0,0.5430356587355353,1,0,1
80810136,none,no_change,1.0,0.033479701650496796,1,1,0
80810137,actuator_plus_wind,world,1.0,0.7838786284566618,1,0,1
80810137,world_plus_visual,world,1.0,0.5923692781673932,1,0,1
80810137,none,no_change,1.0,0.047139130015727004,1,1,0
80810138,actuator_plus_wind,world,1.0,0.7317542104210496,1,0,1
80810138,world_plus_visual,world,1.0,0.5915762732546037,1,0,1
80810138,none,no_change,1.0,0.02993300776018735,1,1,0
80810139,actuator_plus_wind,world,1.0,0.7056118957174746,1,0,1
80810139,world_plus_visual,world,1.0,0.561697940489596,1,0,1
80810139,none,no_change,1.0,0.02638741117892506,1,1,0
80810140,actuator_plus_wind,world,1.0,0.6809273785842223,1,0,1
80810140,world_plus_visual,world,1.0,0.5112740822944614,1,0,1
80810140,none,no_change,1.0,0.015173309799012361,1,1,0
80810141,actuator_plus_wind,world,1.0,0.8381850726362474,1,0,1
80810141,world_plus_visual,world,1.0,0.5695606711156006,1,0,1
80810141,none,no_change,1.0,0.039140871760984464,1,1,0
80810142,actuator_plus_wind,world,1.0,0.7017722702733801,1,0,1
80810142,world_plus_visual,world,1.0,0.5471606151600144,1,0,1
80810142,none,no_change,1.0,0.03554811336364803,1,1,0
80810143,actuator_plus_wind,world,1.0,0.7114837200982804,1,0,1
80810143,world_plus_visual,world,1.0,0.5443935170300424,1,0,1
80810143,none,no_change,1.0,0.029674371806274868,1,1,0
80810144,actuator_plus_wind,world,1.0,0.7270851755715073,1,0,1
80810144,world_plus_visual,world,1.0,0.5587358117102187,1,0,1
80810144,none,no_change,1.0,0.04081303434881467,1,1,0
80810145,actuator_plus_wind,world,1.0,0.6692767716192966,1,0,1
80810145,world_plus_visual,world,1.0,0.5907452625407769,1,0,1
80810145,none,no_change,1.0,0.04301854228331825,1,1,0
80810146,actuator_plus_wind,world,1.0,0.6242625487555905,1,0,1
80810146,world_plus_visual,world,1.0,0.5153349133229109,1,0,1
80810146,none,no_change,1.0,0.031059611783173107,1,1,0
80810147,actuator_plus_wind,world,1.0,0.758564390096864,1,0,1
80810147,world_plus_visual,world,1.0,0.5594167278436704,1,0,1
80810147,none,no_change,1.0,0.03053254397911533,1,1,0
80810148,actuator_plus_wind,world,1.0,0.7062374837095163,1,0,1
80810148,world_plus_visual,world,1.0,0.513373982093086,1,0,1
80810148,none,no_change,1.0,0.03475702224118699,1,1,0
80810149,actuator_plus_wind,world,1.0,0.6891292354506854,1,0,1
80810149,world_plus_visual,world,1.0,0.5445201803681942,1,0,1
80810149,none,no_change,1.0,0.03164757614248843,1,1,0
80810150,actuator_plus_wind,world,1.0,0.74712875908509,1,0,1
80810150,world_plus_visual,world,1.0,0.5200053821623439,1,0,1
80810150,none,no_change,1.0,0.033109159159216944,1,1,0
80810151,actuator_plus_wind,world,1.0,0.7319205363805056,1,0,1
80810151,world_plus_visual,world,1.0,0.4973456427030611,1,0,1
80810151,none,no_change,1.0,0.02782766119689146,1,1,0
80810152,actuator_plus_wind,world,1.0,0.7164114119963593,1,0,1
80810152,world_plus_visual,world,1.0,0.5622775814703986,1,0,1
80810152,none,no_change,1.0,0.03149637614406752,1,1,0
80810153,actuator_plus_wind,world,1.0,0.6565719672456484,1,0,1
80810153,world_plus_visual,world,1.0,0.5113186054489974,1,0,1
80810153,none,no_change,1.0,0.03522939591913183,1,1,0
80810154,actuator_plus_wind,world,1.0,0.673160596816098,1,0,1
80810154,world_plus_visual,world,1.0,0.5524263761283194,1,0,1
80810154,none,no_change,1.0,0.02028087006161904,1,1,0
80810155,actuator_plus_wind,world,1.0,0.7088556546335761,1,0,1
80810155,world_plus_visual,world,1.0,0.5904800533152564,1,0,1
80810155,none,no_change,1.0,0.02425606392144573,1,1,0
80810156,actuator_plus_wind,world,1.0,0.7062613008791915,1,0,1
80810156,world_plus_visual,world,1.0,0.5821826184149722,1,0,1
80810156,none,no_change,1.0,0.026815423489522826,1,1,0
80810157,actuator_plus_wind,world,1.0,0.636989159892629,1,0,1
80810157,world_plus_visual,world,1.0,0.4555056889954329,1,0,1
80810157,none,no_change,1.0,0.03740874483522372,1,1,0
80810158,actuator_plus_wind,world,1.0,0.7169232385788683,1,0,1
80810158,world_plus_visual,world,1.0,0.6425134003824077,1,0,1
80810158,none,no_change,1.0,0.03079460684188831,1,1,0
80810159,actuator_plus_wind,world,1.0,0.7329677257065558,1,0,1
80810159,world_plus_visual,world,1.0,0.5670395636743931,1,0,1
80810159,none,no_change,1.0,0.019641819835609593,1,1,0
80810160,actuator_plus_wind,world,1.0,0.6598186817481574,1,0,1
80810160,world_plus_visual,world,1.0,0.5252310699877688,1,0,1
80810160,none,no_change,1.0,0.043163620889872606,1,1,0
80810161,actuator_plus_wind,world,1.0,0.6902855010040615,1,0,1
80810161,world_plus_visual,world,1.0,0.5152593678449752,1,0,1
80810161,none,no_change,1.0,0.022851487247927127,1,1,0
80810162,actuator_plus_wind,world,1.0,0.6698012865333096,1,0,1
80810162,world_plus_visual,world,1.0,0.521976199163765,1,0,1
80810162,none,no_change,1.0,0.02663319497530084,1,1,0
80810163,actuator_plus_wind,world,1.0,0.7640369659590892,1,0,1
80810163,world_plus_visual,world,1.0,0.5304912906016621,1,0,1
80810163,none,no_change,1.0,0.032265186305023154,1,1,0
80810164,actuator_plus_wind,world,1.0,0.6922059950494516,1,0,1
80810164,world_plus_visual,world,1.0,0.47472551917486167,1,0,1
80810164,none,no_change,1.0,0.0313300606861217,1,1,0
80810165,actuator_plus_wind,world,1.0,0.6845111893770169,1,0,1
80810165,world_plus_visual,world,1.0,0.4890424815797756,1,0,1
80810165,none,no_change,1.0,0.027344798935844405,1,1,0
80810166,actuator_plus_wind,world,1.0,0.7637431544803897,1,0,1
80810166,world_plus_visual,world,1.0,0.5620576957114984,1,0,1
80810166,none,no_change,1.0,0.03358434882316081,1,1,0
80810167,actuator_plus_wind,world,1.0,0.6890618448791375,1,0,1
80810167,world_plus_visual,world,1.0,0.5497049347034642,1,0,1
80810167,none,no_change,1.0,0.0238127895729722,1,1,0
80810168,actuator_plus_wind,world,1.0,0.7290270125956391,1,0,1
80810168,world_plus_visual,world,1.0,0.5701349766581032,1,0,1
80810168,none,no_change,1.0,0.029528099379024144,1,1,0
80810169,actuator_plus_wind,world,1.0,0.7189307302677138,1,0,1
80810169,world_plus_visual,world,1.0,0.5830606196423379,1,0,1
80810169,none,no_change,1.0,0.033419949514982845,1,1,0
80810170,actuator_plus_wind,world,1.0,0.664458862189894,1,0,1
80810170,world_plus_visual,world,1.0,0.46494549193422746,1,0,1
80810170,none,no_change,1.0,0.03350801781834827,1,1,0
80810171,actuator_plus_wind,world,1.0,0.653652691417454,1,0,1
80810171,world_plus_visual,world,1.0,0.5325426910227428,1,0,1
80810171,none,no_change,1.0,0.034144116031606275,1,1,0
80810172,actuator_plus_wind,world,1.0,0.7302235845425763,1,0,1
80810172,world_plus_visual,world,1.0,0.531172235676343,1,0,1
80810172,none,no_change,1.0,0.02141398092306764,1,1,0
80810173,actuator_plus_wind,world,1.0,0.60298172074784,1,0,1
80810173,world_plus_visual,world,1.0,0.5630362304138307,1,0,1
80810173,none,no_change,1.0,0.028790438685873453,1,1,0
80810174,actuator_plus_wind,world,1.0,0.6804160040417319,1,0,1
80810174,world_plus_visual,world,1.0,0.5876163238723834,1,0,1
80810174,none,no_change,1.0,0.035457550804365155,1,1,0
80810175,actuator_plus_wind,world,1.0,0.6837071195699242,1,0,1
80810175,world_plus_visual,world,1.0,0.4788398667057983,1,0,1
80810175,none,no_change,1.0,0.039680224996950016,1,1,0
80810176,actuator_plus_wind,world,1.0,0.6971068259162813,1,0,1
80810176,world_plus_visual,world,1.0,0.48225815591272925,1,0,1
80810176,none,no_change,1.0,0.027213340007649255,1,1,0
80810177,actuator_plus_wind,world,1.0,0.6743454832402933,1,0,1
80810177,world_plus_visual,world,1.0,0.5200744367165194,1,0,1
80810177,none,no_change,1.0,0.03197182373836894,1,1,0
80810178,actuator_plus_wind,world,1.0,0.7557471222968394,1,0,1
80810178,world_plus_visual,world,1.0,0.554835035554264,1,0,1
80810178,none,no_change,1.0,0.036691460002288206,1,1,0
80810179,actuator_plus_wind,world,1.0,0.7145168094881796,1,0,1
80810179,world_plus_visual,world,1.0,0.6044409693400018,1,0,1
80810179,none,no_change,1.0,0.04194555250733236,1,1,0
80810180,actuator_plus_wind,world,1.0,0.6651569434163397,1,0,1
80810180,world_plus_visual,world,1.0,0.5785602448476667,1,0,1
80810180,none,no_change,1.0,0.033987154824047364,1,1,0
80810181,actuator_plus_wind,world,1.0,0.6731434514927898,1,0,1
80810181,world_plus_visual,world,1.0,0.5122430650833607,1,0,1
80810181,none,no_change,1.0,0.04057862492748888,1,1,0
80810182,actuator_plus_wind,world,1.0,0.7316957071361241,1,0,1
80810182,world_plus_visual,world,1.0,0.5667731643290258,1,0,1
80810182,none,no_change,1.0,0.03701051517407564,1,1,0
80810183,actuator_plus_wind,world,1.0,0.7187430712315287,1,0,1
80810183,world_plus_visual,world,1.0,0.5938236504855253,1,0,1
80810183,none,no_change,1.0,0.028242316141463646,1,1,0
80810184,actuator_plus_wind,world,1.0,0.6068620185653381,1,0,1
80810184,world_plus_visual,world,1.0,0.549528142116817,1,0,1
80810184,none,no_change,1.0,0.03653815403553227,1,1,0
80810185,actuator_plus_wind,world,1.0,0.7420667197753028,1,0,1
80810185,world_plus_visual,world,1.0,0.4784425194075534,1,0,1
80810185,none,no_change,1.0,0.03350340447262925,1,1,0
80810186,actuator_plus_wind,world,1.0,0.6654395982318873,1,0,1
80810186,world_plus_visual,world,1.0,0.51772273479239,1,0,1
80810186,none,no_change,1.0,0.0350299568804246,1,1,0
80810187,actuator_plus_wind,world,1.0,0.7032088831480037,1,0,1
80810187,world_plus_visual,world,1.0,0.5488661282916694,1,0,1
80810187,none,no_change,1.0,0.029130970376986243,1,1,0
80810188,actuator_plus_wind,world,1.0,0.729864812893967,1,0,1
80810188,world_plus_visual,world,1.0,0.5134791038677172,1,0,1
80810188,none,no_change,1.0,0.025363598507419326,1,1,0
80810189,actuator_plus_wind,world,1.0,0.6477552441540211,1,0,1
80810189,world_plus_visual,world,1.0,0.5047689150476722,1,0,1
80810189,none,no_change,1.0,0.022518280325228707,1,1,0
80810190,actuator_plus_wind,world,1.0,0.7021456098089579,1,0,1
80810190,world_plus_visual,world,1.0,0.5115307259766614,1,0,1
80810190,none,no_change,1.0,0.018517709249129873,1,1,0
80810191,actuator_plus_wind,world,1.0,0.7295922513140597,1,0,1
80810191,world_plus_visual,world,1.0,0.5347627486999437,1,0,1
80810191,none,no_change,1.0,0.03317940095134495,1,1,0
