training,model,init_seed,test_shift_accuracy,first6_after_shift,late_after_shift
stable_only,memoryless,80011,0.40267335004177107,0.20294117647058824,0.31636363636363635
stable_only,memoryless,80022,0.4177109440267335,0.22647058823529412,0.33090909090909093
stable_only,memoryless,80033,0.391812865497076,0.15294117647058825,0.3418181818181818
stable_only,history,80011,0.38763575605680867,0.19411764705882353,0.3236363636363636
stable_only,history,80022,0.38512949039264827,0.1676470588235294,0.2690909090909091
stable_only,history,80033,0.3767752715121136,0.20588235294117646,0.3054545454545455
stable_only,recurrent,80011,0.35004177109440265,0.1588235294117647,0.24363636363636362
stable_only,recurrent,80022,0.366750208855472,0.18823529411764706,0.1709090909090909
stable_only,recurrent,80033,0.3287385129490393,0.07058823529411765,0.20727272727272728
stable_matched_size,memoryless,80011,0.4674185463659148,0.2647058823529412,0.3527272727272727
stable_matched_size,memoryless,80022,0.4314954051796157,0.26176470588235295,0.33090909090909093
stable_matched_size,memoryless,80033,0.4640768588137009,0.2529411764705882,0.3781818181818182
stable_matched_size,history,80011,0.40852130325814534,0.2235294117647059,0.38181818181818183
stable_matched_size,history,80022,0.4344193817878028,0.25882352941176473,0.38181818181818183
stable_matched_size,history,80033,0.4089390142021721,0.21764705882352942,0.32727272727272727
stable_matched_size,recurrent,80011,0.39766081871345027,0.27647058823529413,0.31272727272727274
stable_matched_size,recurrent,80022,0.366750208855472,0.18529411764705883,0.19272727272727272
stable_matched_size,recurrent,80033,0.4390142021720969,0.1588235294117647,0.32
mixed_training,memoryless,80011,0.4644945697577276,0.2323529411764706,0.4072727272727273
mixed_training,memoryless,80022,0.4603174603174603,0.22941176470588234,0.43272727272727274
mixed_training,memoryless,80033,0.4753550543024227,0.23529411764705882,0.43636363636363634
mixed_training,history,80011,0.4598997493734336,0.2088235294117647,0.4618181818181818
mixed_training,history,80022,0.42815371762740184,0.22941176470588234,0.4581818181818182
mixed_training,history,80033,0.4502923976608187,0.21764705882352942,0.4218181818181818
mixed_training,recurrent,80011,0.46365914786967416,0.19117647058823528,0.4036363636363636
mixed_training,recurrent,80022,0.4803675856307435,0.20588235294117646,0.45454545454545453
mixed_training,recurrent,80033,0.4644945697577276,0.2235294117647059,0.4
stable_only,learned_forward,n/a,0.8721804511278195,0.8088235294117647,0.9163636363636364
stable_only,learned_no_history,n/a,0.639515455304929,0.6647058823529411,0.6036363636363636
stable_only,action_scrambled,n/a,0.2581453634085213,0.25,0.2
stable_matched_size,learned_forward,n/a,0.8705096073517126,0.8088235294117647,0.9127272727272727
stable_matched_size,learned_no_history,n/a,0.6390977443609023,0.6647058823529411,0.6036363636363636
stable_matched_size,action_scrambled,n/a,0.2577276524644946,0.24705882352941178,0.20727272727272728
mixed_training,learned_forward,n/a,0.8700918964076859,0.8058823529411765,0.9127272727272727
mixed_training,learned_no_history,n/a,0.6403508771929824,0.6676470588235294,0.6036363636363636
mixed_training,action_scrambled,n/a,0.2573099415204678,0.24705882352941178,0.20727272727272728
