training,controller,environment,development_world_seed,food
stable_only,learned_forward,stable,19001103,6.0
stable_only,learned_forward,stable,19001602,9.0
stable_only,learned_forward,stable,19002205,1.0
stable_only,learned_forward,stable,19002294,0.0
stable_only,learned_forward,stable,19002793,0.0
stable_only,learned_forward,stable,19003396,4.0
stable_only,learned_forward,stable,19003485,6.0
stable_only,learned_forward,stable,19003984,2.0
stable_only,learned_forward,stable,19004587,5.0
stable_only,learned_forward,stable,19004676,7.0
stable_only,learned_forward,stable,19005175,8.0
stable_only,learned_forward,stable,19005778,1.0
stable_only,learned_forward,stable,19005867,3.0
stable_only,learned_forward,stable,19006366,0.0
stable_only,learned_forward,stable,19006969,5.0
stable_only,learned_forward,stable,19007058,0.0
stable_only,learned_forward,stable,19007557,0.0
stable_only,learned_forward,stable,19008160,7.0
stable_only,learned_forward,stable,19008249,6.0
stable_only,learned_forward,stable,19008748,0.0
stable_only,learned_forward,stable,19009351,6.0
stable_only,learned_forward,stable,19009440,6.0
stable_only,learned_forward,stable,19009939,3.0
stable_only,learned_forward,stable,19010542,4.0
stable_only,learned_forward,stable,19010631,2.0
stable_only,learned_forward,stable,19011130,1.0
stable_only,learned_forward,stable,19011733,7.0
stable_only,learned_forward,stable,19011822,5.0
stable_only,learned_forward,stable,19012321,3.0
stable_only,learned_forward,stable,19012924,0.0
stable_only,learned_forward,stable,19013013,6.0
stable_only,learned_forward,stable,19013512,7.0
stable_only,learned_forward,stable,19014115,3.0
stable_only,learned_forward,stable,19014204,4.0
stable_only,learned_forward,stable,19014703,6.0
stable_only,learned_forward,stable,19015306,1.0
stable_only,learned_forward,stable,19015395,0.0
stable_only,learned_forward,stable,19015894,3.0
stable_only,learned_forward,stable,19016497,0.0
stable_only,learned_forward,stable,19016586,5.0
stable_only,learned_forward,stable,19017085,3.0
stable_only,learned_forward,stable,19017688,3.0
stable_only,learned_forward,stable,19017777,0.0
stable_only,learned_forward,stable,19018276,2.0
stable_only,learned_forward,stable,19018879,3.0
stable_only,learned_forward,stable,19018968,3.0
stable_only,learned_forward,stable,19019467,8.0
stable_only,learned_forward,stable,19020070,6.0
stable_only,learned_forward,stable,19020159,6.0
stable_only,learned_forward,stable,19020658,8.0
stable_only,learned_forward,stable,19021261,1.0
stable_only,learned_forward,stable,19021350,4.0
stable_only,learned_forward,stable,19021849,1.0
stable_only,learned_forward,stable,19022452,6.0
stable_only,learned_forward,stable,19022541,1.0
stable_only,learned_forward,stable,19023040,5.0
stable_only,learned_forward,stable,19023643,6.0
stable_only,learned_forward,stable,19023732,0.0
stable_only,learned_forward,stable,19024231,4.0
stable_only,learned_forward,stable,19024834,6.0
stable_only,learned_forward,stable,19024923,1.0
stable_only,learned_forward,stable,19025422,6.0
stable_only,learned_forward,stable,19026025,4.0
stable_only,learned_forward,stable,19026114,5.0
stable_only,learned_forward,stable,19026613,5.0
stable_only,learned_forward,stable,19027216,2.0
stable_only,learned_forward,stable,19027305,5.0
stable_only,learned_forward,stable,19027804,0.0
stable_only,learned_forward,stable,19028407,3.0
stable_only,learned_forward,stable,19028496,5.0
stable_only,learned_forward,stable,19028995,7.0
stable_only,learned_forward,stable,19029598,0.0
stable_only,learned_forward,shift+dropout,19001103,5.0
stable_only,learned_forward,shift+dropout,19001602,5.0
stable_only,learned_forward,shift+dropout,19002205,5.0
stable_only,learned_forward,shift+dropout,19002294,0.0
stable_only,learned_forward,shift+dropout,19002793,7.0
stable_only,learned_forward,shift+dropout,19003396,4.0
stable_only,learned_forward,shift+dropout,19003485,4.0
stable_only,learned_forward,shift+dropout,19003984,3.0
stable_only,learned_forward,shift+dropout,19004587,4.0
stable_only,learned_forward,shift+dropout,19004676,4.0
stable_only,learned_forward,shift+dropout,19005175,6.0
stable_only,learned_forward,shift+dropout,19005778,1.0
stable_only,learned_forward,shift+dropout,19005867,3.0
stable_only,learned_forward,shift+dropout,19006366,0.0
stable_only,learned_forward,shift+dropout,19006969,4.0
stable_only,learned_forward,shift+dropout,19007058,0.0
stable_only,learned_forward,shift+dropout,19007557,0.0
stable_only,learned_forward,shift+dropout,19008160,3.0
stable_only,learned_forward,shift+dropout,19008249,3.0
stable_only,learned_forward,shift+dropout,19008748,5.0
stable_only,learned_forward,shift+dropout,19009351,5.0
stable_only,learned_forward,shift+dropout,19009440,4.0
stable_only,learned_forward,shift+dropout,19009939,0.0
stable_only,learned_forward,shift+dropout,19010542,2.0
stable_only,learned_forward,shift+dropout,19010631,2.0
stable_only,learned_forward,shift+dropout,19011130,1.0
stable_only,learned_forward,shift+dropout,19011733,3.0
stable_only,learned_forward,shift+dropout,19011822,2.0
stable_only,learned_forward,shift+dropout,19012321,2.0
stable_only,learned_forward,shift+dropout,19012924,0.0
stable_only,learned_forward,shift+dropout,19013013,1.0
stable_only,learned_forward,shift+dropout,19013512,7.0
stable_only,learned_forward,shift+dropout,19014115,5.0
stable_only,learned_forward,shift+dropout,19014204,4.0
stable_only,learned_forward,shift+dropout,19014703,3.0
stable_only,learned_forward,shift+dropout,19015306,1.0
stable_only,learned_forward,shift+dropout,19015395,0.0
stable_only,learned_forward,shift+dropout,19015894,3.0
stable_only,learned_forward,shift+dropout,19016497,0.0
stable_only,learned_forward,shift+dropout,19016586,0.0
stable_only,learned_forward,shift+dropout,19017085,4.0
stable_only,learned_forward,shift+dropout,19017688,0.0
stable_only,learned_forward,shift+dropout,19017777,0.0
stable_only,learned_forward,shift+dropout,19018276,5.0
stable_only,learned_forward,shift+dropout,19018879,3.0
stable_only,learned_forward,shift+dropout,19018968,4.0
stable_only,learned_forward,shift+dropout,19019467,6.0
stable_only,learned_forward,shift+dropout,19020070,5.0
stable_only,learned_forward,shift+dropout,19020159,8.0
stable_only,learned_forward,shift+dropout,19020658,5.0
stable_only,learned_forward,shift+dropout,19021261,2.0
stable_only,learned_forward,shift+dropout,19021350,3.0
stable_only,learned_forward,shift+dropout,19021849,3.0
stable_only,learned_forward,shift+dropout,19022452,5.0
stable_only,learned_forward,shift+dropout,19022541,6.0
stable_only,learned_forward,shift+dropout,19023040,4.0
stable_only,learned_forward,shift+dropout,19023643,2.0
stable_only,learned_forward,shift+dropout,19023732,0.0
stable_only,learned_forward,shift+dropout,19024231,4.0
stable_only,learned_forward,shift+dropout,19024834,3.0
stable_only,learned_forward,shift+dropout,19024923,5.0
stable_only,learned_forward,shift+dropout,19025422,6.0
stable_only,learned_forward,shift+dropout,19026025,4.0
stable_only,learned_forward,shift+dropout,19026114,5.0
stable_only,learned_forward,shift+dropout,19026613,0.0
stable_only,learned_forward,shift+dropout,19027216,3.0
stable_only,learned_forward,shift+dropout,19027305,5.0
stable_only,learned_forward,shift+dropout,19027804,0.0
stable_only,learned_forward,shift+dropout,19028407,5.0
stable_only,learned_forward,shift+dropout,19028496,0.0
stable_only,learned_forward,shift+dropout,19028995,5.0
stable_only,learned_forward,shift+dropout,19029598,4.0
stable_only,analytic_bayesian,stable,19001103,0.0
stable_only,analytic_bayesian,stable,19001602,9.0
stable_only,analytic_bayesian,stable,19002205,1.0
stable_only,analytic_bayesian,stable,19002294,0.0
stable_only,analytic_bayesian,stable,19002793,2.0
stable_only,analytic_bayesian,stable,19003396,6.0
stable_only,analytic_bayesian,stable,19003485,0.0
stable_only,analytic_bayesian,stable,19003984,3.0
stable_only,analytic_bayesian,stable,19004587,3.0
stable_only,analytic_bayesian,stable,19004676,2.0
stable_only,analytic_bayesian,stable,19005175,8.0
stable_only,analytic_bayesian,stable,19005778,3.0
stable_only,analytic_bayesian,stable,19005867,3.0
stable_only,analytic_bayesian,stable,19006366,0.0
stable_only,analytic_bayesian,stable,19006969,2.0
stable_only,analytic_bayesian,stable,19007058,0.0
stable_only,analytic_bayesian,stable,19007557,0.0
stable_only,analytic_bayesian,stable,19008160,7.0
stable_only,analytic_bayesian,stable,19008249,6.0
stable_only,analytic_bayesian,stable,19008748,3.0
stable_only,analytic_bayesian,stable,19009351,5.0
stable_only,analytic_bayesian,stable,19009440,6.0
stable_only,analytic_bayesian,stable,19009939,3.0
stable_only,analytic_bayesian,stable,19010542,3.0
stable_only,analytic_bayesian,stable,19010631,2.0
stable_only,analytic_bayesian,stable,19011130,1.0
stable_only,analytic_bayesian,stable,19011733,7.0
stable_only,analytic_bayesian,stable,19011822,5.0
stable_only,analytic_bayesian,stable,19012321,8.0
stable_only,analytic_bayesian,stable,19012924,0.0
stable_only,analytic_bayesian,stable,19013013,8.0
stable_only,analytic_bayesian,stable,19013512,8.0
stable_only,analytic_bayesian,stable,19014115,3.0
stable_only,analytic_bayesian,stable,19014204,4.0
stable_only,analytic_bayesian,stable,19014703,6.0
stable_only,analytic_bayesian,stable,19015306,2.0
stable_only,analytic_bayesian,stable,19015395,0.0
stable_only,analytic_bayesian,stable,19015894,3.0
stable_only,analytic_bayesian,stable,19016497,0.0
stable_only,analytic_bayesian,stable,19016586,4.0
stable_only,analytic_bayesian,stable,19017085,5.0
stable_only,analytic_bayesian,stable,19017688,4.0
stable_only,analytic_bayesian,stable,19017777,0.0
stable_only,analytic_bayesian,stable,19018276,2.0
stable_only,analytic_bayesian,stable,19018879,4.0
stable_only,analytic_bayesian,stable,19018968,3.0
stable_only,analytic_bayesian,stable,19019467,8.0
stable_only,analytic_bayesian,stable,19020070,7.0
stable_only,analytic_bayesian,stable,19020159,6.0
stable_only,analytic_bayesian,stable,19020658,8.0
stable_only,analytic_bayesian,stable,19021261,1.0
stable_only,analytic_bayesian,stable,19021350,5.0
stable_only,analytic_bayesian,stable,19021849,1.0
stable_only,analytic_bayesian,stable,19022452,6.0
stable_only,analytic_bayesian,stable,19022541,5.0
stable_only,analytic_bayesian,stable,19023040,5.0
stable_only,analytic_bayesian,stable,19023643,8.0
stable_only,analytic_bayesian,stable,19023732,0.0
stable_only,analytic_bayesian,stable,19024231,4.0
stable_only,analytic_bayesian,stable,19024834,6.0
stable_only,analytic_bayesian,stable,19024923,1.0
stable_only,analytic_bayesian,stable,19025422,6.0
stable_only,analytic_bayesian,stable,19026025,4.0
stable_only,analytic_bayesian,stable,19026114,5.0
stable_only,analytic_bayesian,stable,19026613,4.0
stable_only,analytic_bayesian,stable,19027216,2.0
stable_only,analytic_bayesian,stable,19027305,4.0
stable_only,analytic_bayesian,stable,19027804,0.0
stable_only,analytic_bayesian,stable,19028407,3.0
stable_only,analytic_bayesian,stable,19028496,5.0
stable_only,analytic_bayesian,stable,19028995,7.0
stable_only,analytic_bayesian,stable,19029598,0.0
stable_only,analytic_bayesian,shift+dropout,19001103,0.0
stable_only,analytic_bayesian,shift+dropout,19001602,5.0
stable_only,analytic_bayesian,shift+dropout,19002205,6.0
stable_only,analytic_bayesian,shift+dropout,19002294,0.0
stable_only,analytic_bayesian,shift+dropout,19002793,5.0
stable_only,analytic_bayesian,shift+dropout,19003396,4.0
stable_only,analytic_bayesian,shift+dropout,19003485,4.0
stable_only,analytic_bayesian,shift+dropout,19003984,3.0
stable_only,analytic_bayesian,shift+dropout,19004587,4.0
stable_only,analytic_bayesian,shift+dropout,19004676,5.0
stable_only,analytic_bayesian,shift+dropout,19005175,6.0
stable_only,analytic_bayesian,shift+dropout,19005778,1.0
stable_only,analytic_bayesian,shift+dropout,19005867,5.0
stable_only,analytic_bayesian,shift+dropout,19006366,0.0
stable_only,analytic_bayesian,shift+dropout,19006969,4.0
stable_only,analytic_bayesian,shift+dropout,19007058,0.0
stable_only,analytic_bayesian,shift+dropout,19007557,0.0
stable_only,analytic_bayesian,shift+dropout,19008160,5.0
stable_only,analytic_bayesian,shift+dropout,19008249,3.0
stable_only,analytic_bayesian,shift+dropout,19008748,6.0
stable_only,analytic_bayesian,shift+dropout,19009351,5.0
stable_only,analytic_bayesian,shift+dropout,19009440,4.0
stable_only,analytic_bayesian,shift+dropout,19009939,3.0
stable_only,analytic_bayesian,shift+dropout,19010542,2.0
stable_only,analytic_bayesian,shift+dropout,19010631,2.0
stable_only,analytic_bayesian,shift+dropout,19011130,1.0
stable_only,analytic_bayesian,shift+dropout,19011733,3.0
stable_only,analytic_bayesian,shift+dropout,19011822,2.0
stable_only,analytic_bayesian,shift+dropout,19012321,2.0
stable_only,analytic_bayesian,shift+dropout,19012924,0.0
stable_only,analytic_bayesian,shift+dropout,19013013,5.0
stable_only,analytic_bayesian,shift+dropout,19013512,7.0
stable_only,analytic_bayesian,shift+dropout,19014115,5.0
stable_only,analytic_bayesian,shift+dropout,19014204,4.0
stable_only,analytic_bayesian,shift+dropout,19014703,4.0
stable_only,analytic_bayesian,shift+dropout,19015306,2.0
stable_only,analytic_bayesian,shift+dropout,19015395,0.0
stable_only,analytic_bayesian,shift+dropout,19015894,3.0
stable_only,analytic_bayesian,shift+dropout,19016497,0.0
stable_only,analytic_bayesian,shift+dropout,19016586,4.0
stable_only,analytic_bayesian,shift+dropout,19017085,4.0
stable_only,analytic_bayesian,shift+dropout,19017688,4.0
stable_only,analytic_bayesian,shift+dropout,19017777,0.0
stable_only,analytic_bayesian,shift+dropout,19018276,2.0
stable_only,analytic_bayesian,shift+dropout,19018879,3.0
stable_only,analytic_bayesian,shift+dropout,19018968,4.0
stable_only,analytic_bayesian,shift+dropout,19019467,6.0
stable_only,analytic_bayesian,shift+dropout,19020070,7.0
stable_only,analytic_bayesian,shift+dropout,19020159,8.0
stable_only,analytic_bayesian,shift+dropout,19020658,5.0
stable_only,analytic_bayesian,shift+dropout,19021261,2.0
stable_only,analytic_bayesian,shift+dropout,19021350,6.0
stable_only,analytic_bayesian,shift+dropout,19021849,3.0
stable_only,analytic_bayesian,shift+dropout,19022452,5.0
stable_only,analytic_bayesian,shift+dropout,19022541,6.0
stable_only,analytic_bayesian,shift+dropout,19023040,4.0
stable_only,analytic_bayesian,shift+dropout,19023643,2.0
stable_only,analytic_bayesian,shift+dropout,19023732,0.0
stable_only,analytic_bayesian,shift+dropout,19024231,4.0
stable_only,analytic_bayesian,shift+dropout,19024834,3.0
stable_only,analytic_bayesian,shift+dropout,19024923,5.0
stable_only,analytic_bayesian,shift+dropout,19025422,6.0
stable_only,analytic_bayesian,shift+dropout,19026025,4.0
stable_only,analytic_bayesian,shift+dropout,19026114,5.0
stable_only,analytic_bayesian,shift+dropout,19026613,0.0
stable_only,analytic_bayesian,shift+dropout,19027216,3.0
stable_only,analytic_bayesian,shift+dropout,19027305,5.0
stable_only,analytic_bayesian,shift+dropout,19027804,0.0
stable_only,analytic_bayesian,shift+dropout,19028407,5.0
stable_only,analytic_bayesian,shift+dropout,19028496,1.0
stable_only,analytic_bayesian,shift+dropout,19028995,5.0
stable_only,analytic_bayesian,shift+dropout,19029598,4.0
stable_only,analytic_comparator,stable,19001103,0.0
stable_only,analytic_comparator,stable,19001602,6.0
stable_only,analytic_comparator,stable,19002205,1.0
stable_only,analytic_comparator,stable,19002294,0.0
stable_only,analytic_comparator,stable,19002793,6.0
stable_only,analytic_comparator,stable,19003396,4.0
stable_only,analytic_comparator,stable,19003485,0.0
stable_only,analytic_comparator,stable,19003984,5.0
stable_only,analytic_comparator,stable,19004587,3.0
stable_only,analytic_comparator,stable,19004676,2.0
stable_only,analytic_comparator,stable,19005175,7.0
stable_only,analytic_comparator,stable,19005778,3.0
stable_only,analytic_comparator,stable,19005867,2.0
stable_only,analytic_comparator,stable,19006366,0.0
stable_only,analytic_comparator,stable,19006969,0.0
stable_only,analytic_comparator,stable,19007058,4.0
stable_only,analytic_comparator,stable,19007557,0.0
stable_only,analytic_comparator,stable,19008160,6.0
stable_only,analytic_comparator,stable,19008249,5.0
stable_only,analytic_comparator,stable,19008748,3.0
stable_only,analytic_comparator,stable,19009351,6.0
stable_only,analytic_comparator,stable,19009440,6.0
stable_only,analytic_comparator,stable,19009939,5.0
stable_only,analytic_comparator,stable,19010542,3.0
stable_only,analytic_comparator,stable,19010631,2.0
stable_only,analytic_comparator,stable,19011130,6.0
stable_only,analytic_comparator,stable,19011733,6.0
stable_only,analytic_comparator,stable,19011822,0.0
stable_only,analytic_comparator,stable,19012321,3.0
stable_only,analytic_comparator,stable,19012924,0.0
stable_only,analytic_comparator,stable,19013013,8.0
stable_only,analytic_comparator,stable,19013512,8.0
stable_only,analytic_comparator,stable,19014115,4.0
stable_only,analytic_comparator,stable,19014204,4.0
stable_only,analytic_comparator,stable,19014703,4.0
stable_only,analytic_comparator,stable,19015306,2.0
stable_only,analytic_comparator,stable,19015395,0.0
stable_only,analytic_comparator,stable,19015894,3.0
stable_only,analytic_comparator,stable,19016497,0.0
stable_only,analytic_comparator,stable,19016586,4.0
stable_only,analytic_comparator,stable,19017085,7.0
stable_only,analytic_comparator,stable,19017688,6.0
stable_only,analytic_comparator,stable,19017777,4.0
stable_only,analytic_comparator,stable,19018276,2.0
stable_only,analytic_comparator,stable,19018879,3.0
stable_only,analytic_comparator,stable,19018968,0.0
stable_only,analytic_comparator,stable,19019467,7.0
stable_only,analytic_comparator,stable,19020070,7.0
stable_only,analytic_comparator,stable,19020159,8.0
stable_only,analytic_comparator,stable,19020658,4.0
stable_only,analytic_comparator,stable,19021261,1.0
stable_only,analytic_comparator,stable,19021350,2.0
stable_only,analytic_comparator,stable,19021849,1.0
stable_only,analytic_comparator,stable,19022452,6.0
stable_only,analytic_comparator,stable,19022541,5.0
stable_only,analytic_comparator,stable,19023040,5.0
stable_only,analytic_comparator,stable,19023643,6.0
stable_only,analytic_comparator,stable,19023732,0.0
stable_only,analytic_comparator,stable,19024231,0.0
stable_only,analytic_comparator,stable,19024834,5.0
stable_only,analytic_comparator,stable,19024923,1.0
stable_only,analytic_comparator,stable,19025422,6.0
stable_only,analytic_comparator,stable,19026025,5.0
stable_only,analytic_comparator,stable,19026114,6.0
stable_only,analytic_comparator,stable,19026613,4.0
stable_only,analytic_comparator,stable,19027216,6.0
stable_only,analytic_comparator,stable,19027305,7.0
stable_only,analytic_comparator,stable,19027804,0.0
stable_only,analytic_comparator,stable,19028407,6.0
stable_only,analytic_comparator,stable,19028496,1.0
stable_only,analytic_comparator,stable,19028995,7.0
stable_only,analytic_comparator,stable,19029598,1.0
stable_only,analytic_comparator,shift+dropout,19001103,0.0
stable_only,analytic_comparator,shift+dropout,19001602,4.0
stable_only,analytic_comparator,shift+dropout,19002205,3.0
stable_only,analytic_comparator,shift+dropout,19002294,0.0
stable_only,analytic_comparator,shift+dropout,19002793,3.0
stable_only,analytic_comparator,shift+dropout,19003396,3.0
stable_only,analytic_comparator,shift+dropout,19003485,4.0
stable_only,analytic_comparator,shift+dropout,19003984,1.0
stable_only,analytic_comparator,shift+dropout,19004587,4.0
stable_only,analytic_comparator,shift+dropout,19004676,4.0
stable_only,analytic_comparator,shift+dropout,19005175,4.0
stable_only,analytic_comparator,shift+dropout,19005778,1.0
stable_only,analytic_comparator,shift+dropout,19005867,4.0
stable_only,analytic_comparator,shift+dropout,19006366,0.0
stable_only,analytic_comparator,shift+dropout,19006969,0.0
stable_only,analytic_comparator,shift+dropout,19007058,3.0
stable_only,analytic_comparator,shift+dropout,19007557,0.0
stable_only,analytic_comparator,shift+dropout,19008160,4.0
stable_only,analytic_comparator,shift+dropout,19008249,2.0
stable_only,analytic_comparator,shift+dropout,19008748,4.0
stable_only,analytic_comparator,shift+dropout,19009351,2.0
stable_only,analytic_comparator,shift+dropout,19009440,3.0
stable_only,analytic_comparator,shift+dropout,19009939,4.0
stable_only,analytic_comparator,shift+dropout,19010542,4.0
stable_only,analytic_comparator,shift+dropout,19010631,2.0
stable_only,analytic_comparator,shift+dropout,19011130,3.0
stable_only,analytic_comparator,shift+dropout,19011733,2.0
stable_only,analytic_comparator,shift+dropout,19011822,0.0
stable_only,analytic_comparator,shift+dropout,19012321,1.0
stable_only,analytic_comparator,shift+dropout,19012924,0.0
stable_only,analytic_comparator,shift+dropout,19013013,4.0
stable_only,analytic_comparator,shift+dropout,19013512,7.0
stable_only,analytic_comparator,shift+dropout,19014115,4.0
stable_only,analytic_comparator,shift+dropout,19014204,4.0
stable_only,analytic_comparator,shift+dropout,19014703,3.0
stable_only,analytic_comparator,shift+dropout,19015306,2.0
stable_only,analytic_comparator,shift+dropout,19015395,0.0
stable_only,analytic_comparator,shift+dropout,19015894,3.0
stable_only,analytic_comparator,shift+dropout,19016497,0.0
stable_only,analytic_comparator,shift+dropout,19016586,6.0
stable_only,analytic_comparator,shift+dropout,19017085,3.0
stable_only,analytic_comparator,shift+dropout,19017688,0.0
stable_only,analytic_comparator,shift+dropout,19017777,0.0
stable_only,analytic_comparator,shift+dropout,19018276,4.0
stable_only,analytic_comparator,shift+dropout,19018879,4.0
stable_only,analytic_comparator,shift+dropout,19018968,1.0
stable_only,analytic_comparator,shift+dropout,19019467,6.0
stable_only,analytic_comparator,shift+dropout,19020070,5.0
stable_only,analytic_comparator,shift+dropout,19020159,5.0
stable_only,analytic_comparator,shift+dropout,19020658,4.0
stable_only,analytic_comparator,shift+dropout,19021261,1.0
stable_only,analytic_comparator,shift+dropout,19021350,4.0
stable_only,analytic_comparator,shift+dropout,19021849,4.0
stable_only,analytic_comparator,shift+dropout,19022452,3.0
stable_only,analytic_comparator,shift+dropout,19022541,3.0
stable_only,analytic_comparator,shift+dropout,19023040,3.0
stable_only,analytic_comparator,shift+dropout,19023643,4.0
stable_only,analytic_comparator,shift+dropout,19023732,1.0
stable_only,analytic_comparator,shift+dropout,19024231,0.0
stable_only,analytic_comparator,shift+dropout,19024834,2.0
stable_only,analytic_comparator,shift+dropout,19024923,5.0
stable_only,analytic_comparator,shift+dropout,19025422,5.0
stable_only,analytic_comparator,shift+dropout,19026025,2.0
stable_only,analytic_comparator,shift+dropout,19026114,4.0
stable_only,analytic_comparator,shift+dropout,19026613,5.0
stable_only,analytic_comparator,shift+dropout,19027216,3.0
stable_only,analytic_comparator,shift+dropout,19027305,4.0
stable_only,analytic_comparator,shift+dropout,19027804,0.0
stable_only,analytic_comparator,shift+dropout,19028407,3.0
stable_only,analytic_comparator,shift+dropout,19028496,1.0
stable_only,analytic_comparator,shift+dropout,19028995,4.0
stable_only,analytic_comparator,shift+dropout,19029598,2.0
stable_matched_size,learned_forward,stable,19001103,6.0
stable_matched_size,learned_forward,stable,19001602,6.0
stable_matched_size,learned_forward,stable,19002205,1.0
stable_matched_size,learned_forward,stable,19002294,0.0
stable_matched_size,learned_forward,stable,19002793,0.0
stable_matched_size,learned_forward,stable,19003396,4.0
stable_matched_size,learned_forward,stable,19003485,6.0
stable_matched_size,learned_forward,stable,19003984,2.0
stable_matched_size,learned_forward,stable,19004587,5.0
stable_matched_size,learned_forward,stable,19004676,7.0
stable_matched_size,learned_forward,stable,19005175,8.0
stable_matched_size,learned_forward,stable,19005778,1.0
stable_matched_size,learned_forward,stable,19005867,3.0
stable_matched_size,learned_forward,stable,19006366,0.0
stable_matched_size,learned_forward,stable,19006969,5.0
stable_matched_size,learned_forward,stable,19007058,0.0
stable_matched_size,learned_forward,stable,19007557,0.0
stable_matched_size,learned_forward,stable,19008160,7.0
stable_matched_size,learned_forward,stable,19008249,6.0
stable_matched_size,learned_forward,stable,19008748,0.0
stable_matched_size,learned_forward,stable,19009351,4.0
stable_matched_size,learned_forward,stable,19009440,6.0
stable_matched_size,learned_forward,stable,19009939,4.0
stable_matched_size,learned_forward,stable,19010542,4.0
stable_matched_size,learned_forward,stable,19010631,2.0
stable_matched_size,learned_forward,stable,19011130,1.0
stable_matched_size,learned_forward,stable,19011733,7.0
stable_matched_size,learned_forward,stable,19011822,5.0
stable_matched_size,learned_forward,stable,19012321,3.0
stable_matched_size,learned_forward,stable,19012924,0.0
stable_matched_size,learned_forward,stable,19013013,6.0
stable_matched_size,learned_forward,stable,19013512,7.0
stable_matched_size,learned_forward,stable,19014115,3.0
stable_matched_size,learned_forward,stable,19014204,4.0
stable_matched_size,learned_forward,stable,19014703,6.0
stable_matched_size,learned_forward,stable,19015306,1.0
stable_matched_size,learned_forward,stable,19015395,0.0
stable_matched_size,learned_forward,stable,19015894,3.0
stable_matched_size,learned_forward,stable,19016497,0.0
stable_matched_size,learned_forward,stable,19016586,5.0
stable_matched_size,learned_forward,stable,19017085,3.0
stable_matched_size,learned_forward,stable,19017688,3.0
stable_matched_size,learned_forward,stable,19017777,0.0
stable_matched_size,learned_forward,stable,19018276,2.0
stable_matched_size,learned_forward,stable,19018879,3.0
stable_matched_size,learned_forward,stable,19018968,3.0
stable_matched_size,learned_forward,stable,19019467,8.0
stable_matched_size,learned_forward,stable,19020070,6.0
stable_matched_size,learned_forward,stable,19020159,6.0
stable_matched_size,learned_forward,stable,19020658,8.0
stable_matched_size,learned_forward,stable,19021261,1.0
stable_matched_size,learned_forward,stable,19021350,4.0
stable_matched_size,learned_forward,stable,19021849,1.0
stable_matched_size,learned_forward,stable,19022452,6.0
stable_matched_size,learned_forward,stable,19022541,1.0
stable_matched_size,learned_forward,stable,19023040,5.0
stable_matched_size,learned_forward,stable,19023643,6.0
stable_matched_size,learned_forward,stable,19023732,0.0
stable_matched_size,learned_forward,stable,19024231,4.0
stable_matched_size,learned_forward,stable,19024834,6.0
stable_matched_size,learned_forward,stable,19024923,1.0
stable_matched_size,learned_forward,stable,19025422,6.0
stable_matched_size,learned_forward,stable,19026025,4.0
stable_matched_size,learned_forward,stable,19026114,5.0
stable_matched_size,learned_forward,stable,19026613,5.0
stable_matched_size,learned_forward,stable,19027216,2.0
stable_matched_size,learned_forward,stable,19027305,5.0
stable_matched_size,learned_forward,stable,19027804,0.0
stable_matched_size,learned_forward,stable,19028407,3.0
stable_matched_size,learned_forward,stable,19028496,5.0
stable_matched_size,learned_forward,stable,19028995,7.0
stable_matched_size,learned_forward,stable,19029598,0.0
stable_matched_size,learned_forward,shift+dropout,19001103,5.0
stable_matched_size,learned_forward,shift+dropout,19001602,5.0
stable_matched_size,learned_forward,shift+dropout,19002205,5.0
stable_matched_size,learned_forward,shift+dropout,19002294,0.0
stable_matched_size,learned_forward,shift+dropout,19002793,7.0
stable_matched_size,learned_forward,shift+dropout,19003396,4.0
stable_matched_size,learned_forward,shift+dropout,19003485,4.0
stable_matched_size,learned_forward,shift+dropout,19003984,3.0
stable_matched_size,learned_forward,shift+dropout,19004587,4.0
stable_matched_size,learned_forward,shift+dropout,19004676,4.0
stable_matched_size,learned_forward,shift+dropout,19005175,6.0
stable_matched_size,learned_forward,shift+dropout,19005778,1.0
stable_matched_size,learned_forward,shift+dropout,19005867,3.0
stable_matched_size,learned_forward,shift+dropout,19006366,0.0
stable_matched_size,learned_forward,shift+dropout,19006969,4.0
stable_matched_size,learned_forward,shift+dropout,19007058,0.0
stable_matched_size,learned_forward,shift+dropout,19007557,0.0
stable_matched_size,learned_forward,shift+dropout,19008160,3.0
stable_matched_size,learned_forward,shift+dropout,19008249,3.0
stable_matched_size,learned_forward,shift+dropout,19008748,5.0
stable_matched_size,learned_forward,shift+dropout,19009351,5.0
stable_matched_size,learned_forward,shift+dropout,19009440,4.0
stable_matched_size,learned_forward,shift+dropout,19009939,0.0
stable_matched_size,learned_forward,shift+dropout,19010542,2.0
stable_matched_size,learned_forward,shift+dropout,19010631,2.0
stable_matched_size,learned_forward,shift+dropout,19011130,1.0
stable_matched_size,learned_forward,shift+dropout,19011733,3.0
stable_matched_size,learned_forward,shift+dropout,19011822,2.0
stable_matched_size,learned_forward,shift+dropout,19012321,2.0
stable_matched_size,learned_forward,shift+dropout,19012924,0.0
stable_matched_size,learned_forward,shift+dropout,19013013,1.0
stable_matched_size,learned_forward,shift+dropout,19013512,7.0
stable_matched_size,learned_forward,shift+dropout,19014115,5.0
stable_matched_size,learned_forward,shift+dropout,19014204,4.0
stable_matched_size,learned_forward,shift+dropout,19014703,3.0
stable_matched_size,learned_forward,shift+dropout,19015306,1.0
stable_matched_size,learned_forward,shift+dropout,19015395,0.0
stable_matched_size,learned_forward,shift+dropout,19015894,3.0
stable_matched_size,learned_forward,shift+dropout,19016497,0.0
stable_matched_size,learned_forward,shift+dropout,19016586,0.0
stable_matched_size,learned_forward,shift+dropout,19017085,4.0
stable_matched_size,learned_forward,shift+dropout,19017688,0.0
stable_matched_size,learned_forward,shift+dropout,19017777,0.0
stable_matched_size,learned_forward,shift+dropout,19018276,5.0
stable_matched_size,learned_forward,shift+dropout,19018879,3.0
stable_matched_size,learned_forward,shift+dropout,19018968,4.0
stable_matched_size,learned_forward,shift+dropout,19019467,6.0
stable_matched_size,learned_forward,shift+dropout,19020070,5.0
stable_matched_size,learned_forward,shift+dropout,19020159,8.0
stable_matched_size,learned_forward,shift+dropout,19020658,5.0
stable_matched_size,learned_forward,shift+dropout,19021261,2.0
stable_matched_size,learned_forward,shift+dropout,19021350,3.0
stable_matched_size,learned_forward,shift+dropout,19021849,3.0
stable_matched_size,learned_forward,shift+dropout,19022452,5.0
stable_matched_size,learned_forward,shift+dropout,19022541,6.0
stable_matched_size,learned_forward,shift+dropout,19023040,4.0
stable_matched_size,learned_forward,shift+dropout,19023643,2.0
stable_matched_size,learned_forward,shift+dropout,19023732,0.0
stable_matched_size,learned_forward,shift+dropout,19024231,4.0
stable_matched_size,learned_forward,shift+dropout,19024834,3.0
stable_matched_size,learned_forward,shift+dropout,19024923,5.0
stable_matched_size,learned_forward,shift+dropout,19025422,6.0
stable_matched_size,learned_forward,shift+dropout,19026025,4.0
stable_matched_size,learned_forward,shift+dropout,19026114,5.0
stable_matched_size,learned_forward,shift+dropout,19026613,0.0
stable_matched_size,learned_forward,shift+dropout,19027216,3.0
stable_matched_size,learned_forward,shift+dropout,19027305,5.0
stable_matched_size,learned_forward,shift+dropout,19027804,0.0
stable_matched_size,learned_forward,shift+dropout,19028407,5.0
stable_matched_size,learned_forward,shift+dropout,19028496,0.0
stable_matched_size,learned_forward,shift+dropout,19028995,5.0
stable_matched_size,learned_forward,shift+dropout,19029598,4.0
stable_matched_size,analytic_bayesian,stable,19001103,0.0
stable_matched_size,analytic_bayesian,stable,19001602,9.0
stable_matched_size,analytic_bayesian,stable,19002205,1.0
stable_matched_size,analytic_bayesian,stable,19002294,0.0
stable_matched_size,analytic_bayesian,stable,19002793,2.0
stable_matched_size,analytic_bayesian,stable,19003396,6.0
stable_matched_size,analytic_bayesian,stable,19003485,0.0
stable_matched_size,analytic_bayesian,stable,19003984,3.0
stable_matched_size,analytic_bayesian,stable,19004587,3.0
stable_matched_size,analytic_bayesian,stable,19004676,2.0
stable_matched_size,analytic_bayesian,stable,19005175,8.0
stable_matched_size,analytic_bayesian,stable,19005778,3.0
stable_matched_size,analytic_bayesian,stable,19005867,3.0
stable_matched_size,analytic_bayesian,stable,19006366,0.0
stable_matched_size,analytic_bayesian,stable,19006969,2.0
stable_matched_size,analytic_bayesian,stable,19007058,0.0
stable_matched_size,analytic_bayesian,stable,19007557,0.0
stable_matched_size,analytic_bayesian,stable,19008160,7.0
stable_matched_size,analytic_bayesian,stable,19008249,6.0
stable_matched_size,analytic_bayesian,stable,19008748,3.0
stable_matched_size,analytic_bayesian,stable,19009351,5.0
stable_matched_size,analytic_bayesian,stable,19009440,6.0
stable_matched_size,analytic_bayesian,stable,19009939,3.0
stable_matched_size,analytic_bayesian,stable,19010542,3.0
stable_matched_size,analytic_bayesian,stable,19010631,2.0
stable_matched_size,analytic_bayesian,stable,19011130,1.0
stable_matched_size,analytic_bayesian,stable,19011733,7.0
stable_matched_size,analytic_bayesian,stable,19011822,5.0
stable_matched_size,analytic_bayesian,stable,19012321,8.0
stable_matched_size,analytic_bayesian,stable,19012924,0.0
stable_matched_size,analytic_bayesian,stable,19013013,8.0
stable_matched_size,analytic_bayesian,stable,19013512,8.0
stable_matched_size,analytic_bayesian,stable,19014115,3.0
stable_matched_size,analytic_bayesian,stable,19014204,4.0
stable_matched_size,analytic_bayesian,stable,19014703,6.0
stable_matched_size,analytic_bayesian,stable,19015306,2.0
stable_matched_size,analytic_bayesian,stable,19015395,0.0
stable_matched_size,analytic_bayesian,stable,19015894,3.0
stable_matched_size,analytic_bayesian,stable,19016497,0.0
stable_matched_size,analytic_bayesian,stable,19016586,4.0
stable_matched_size,analytic_bayesian,stable,19017085,5.0
stable_matched_size,analytic_bayesian,stable,19017688,4.0
stable_matched_size,analytic_bayesian,stable,19017777,0.0
stable_matched_size,analytic_bayesian,stable,19018276,2.0
stable_matched_size,analytic_bayesian,stable,19018879,4.0
stable_matched_size,analytic_bayesian,stable,19018968,3.0
stable_matched_size,analytic_bayesian,stable,19019467,8.0
stable_matched_size,analytic_bayesian,stable,19020070,7.0
stable_matched_size,analytic_bayesian,stable,19020159,6.0
stable_matched_size,analytic_bayesian,stable,19020658,8.0
stable_matched_size,analytic_bayesian,stable,19021261,1.0
stable_matched_size,analytic_bayesian,stable,19021350,5.0
stable_matched_size,analytic_bayesian,stable,19021849,1.0
stable_matched_size,analytic_bayesian,stable,19022452,6.0
stable_matched_size,analytic_bayesian,stable,19022541,5.0
stable_matched_size,analytic_bayesian,stable,19023040,5.0
stable_matched_size,analytic_bayesian,stable,19023643,8.0
stable_matched_size,analytic_bayesian,stable,19023732,0.0
stable_matched_size,analytic_bayesian,stable,19024231,4.0
stable_matched_size,analytic_bayesian,stable,19024834,6.0
stable_matched_size,analytic_bayesian,stable,19024923,1.0
stable_matched_size,analytic_bayesian,stable,19025422,6.0
stable_matched_size,analytic_bayesian,stable,19026025,4.0
stable_matched_size,analytic_bayesian,stable,19026114,5.0
stable_matched_size,analytic_bayesian,stable,19026613,4.0
stable_matched_size,analytic_bayesian,stable,19027216,2.0
stable_matched_size,analytic_bayesian,stable,19027305,4.0
stable_matched_size,analytic_bayesian,stable,19027804,0.0
stable_matched_size,analytic_bayesian,stable,19028407,3.0
stable_matched_size,analytic_bayesian,stable,19028496,5.0
stable_matched_size,analytic_bayesian,stable,19028995,7.0
stable_matched_size,analytic_bayesian,stable,19029598,0.0
stable_matched_size,analytic_bayesian,shift+dropout,19001103,0.0
stable_matched_size,analytic_bayesian,shift+dropout,19001602,5.0
stable_matched_size,analytic_bayesian,shift+dropout,19002205,6.0
stable_matched_size,analytic_bayesian,shift+dropout,19002294,0.0
stable_matched_size,analytic_bayesian,shift+dropout,19002793,5.0
stable_matched_size,analytic_bayesian,shift+dropout,19003396,4.0
stable_matched_size,analytic_bayesian,shift+dropout,19003485,4.0
stable_matched_size,analytic_bayesian,shift+dropout,19003984,3.0
stable_matched_size,analytic_bayesian,shift+dropout,19004587,4.0
stable_matched_size,analytic_bayesian,shift+dropout,19004676,5.0
stable_matched_size,analytic_bayesian,shift+dropout,19005175,6.0
stable_matched_size,analytic_bayesian,shift+dropout,19005778,1.0
stable_matched_size,analytic_bayesian,shift+dropout,19005867,5.0
stable_matched_size,analytic_bayesian,shift+dropout,19006366,0.0
stable_matched_size,analytic_bayesian,shift+dropout,19006969,4.0
stable_matched_size,analytic_bayesian,shift+dropout,19007058,0.0
stable_matched_size,analytic_bayesian,shift+dropout,19007557,0.0
stable_matched_size,analytic_bayesian,shift+dropout,19008160,5.0
stable_matched_size,analytic_bayesian,shift+dropout,19008249,3.0
stable_matched_size,analytic_bayesian,shift+dropout,19008748,6.0
stable_matched_size,analytic_bayesian,shift+dropout,19009351,5.0
stable_matched_size,analytic_bayesian,shift+dropout,19009440,4.0
stable_matched_size,analytic_bayesian,shift+dropout,19009939,3.0
stable_matched_size,analytic_bayesian,shift+dropout,19010542,2.0
stable_matched_size,analytic_bayesian,shift+dropout,19010631,2.0
stable_matched_size,analytic_bayesian,shift+dropout,19011130,1.0
stable_matched_size,analytic_bayesian,shift+dropout,19011733,3.0
stable_matched_size,analytic_bayesian,shift+dropout,19011822,2.0
stable_matched_size,analytic_bayesian,shift+dropout,19012321,2.0
stable_matched_size,analytic_bayesian,shift+dropout,19012924,0.0
stable_matched_size,analytic_bayesian,shift+dropout,19013013,5.0
stable_matched_size,analytic_bayesian,shift+dropout,19013512,7.0
stable_matched_size,analytic_bayesian,shift+dropout,19014115,5.0
stable_matched_size,analytic_bayesian,shift+dropout,19014204,4.0
stable_matched_size,analytic_bayesian,shift+dropout,19014703,4.0
stable_matched_size,analytic_bayesian,shift+dropout,19015306,2.0
stable_matched_size,analytic_bayesian,shift+dropout,19015395,0.0
stable_matched_size,analytic_bayesian,shift+dropout,19015894,3.0
stable_matched_size,analytic_bayesian,shift+dropout,19016497,0.0
stable_matched_size,analytic_bayesian,shift+dropout,19016586,4.0
stable_matched_size,analytic_bayesian,shift+dropout,19017085,4.0
stable_matched_size,analytic_bayesian,shift+dropout,19017688,4.0
stable_matched_size,analytic_bayesian,shift+dropout,19017777,0.0
stable_matched_size,analytic_bayesian,shift+dropout,19018276,2.0
stable_matched_size,analytic_bayesian,shift+dropout,19018879,3.0
stable_matched_size,analytic_bayesian,shift+dropout,19018968,4.0
stable_matched_size,analytic_bayesian,shift+dropout,19019467,6.0
stable_matched_size,analytic_bayesian,shift+dropout,19020070,7.0
stable_matched_size,analytic_bayesian,shift+dropout,19020159,8.0
stable_matched_size,analytic_bayesian,shift+dropout,19020658,5.0
stable_matched_size,analytic_bayesian,shift+dropout,19021261,2.0
stable_matched_size,analytic_bayesian,shift+dropout,19021350,6.0
stable_matched_size,analytic_bayesian,shift+dropout,19021849,3.0
stable_matched_size,analytic_bayesian,shift+dropout,19022452,5.0
stable_matched_size,analytic_bayesian,shift+dropout,19022541,6.0
stable_matched_size,analytic_bayesian,shift+dropout,19023040,4.0
stable_matched_size,analytic_bayesian,shift+dropout,19023643,2.0
stable_matched_size,analytic_bayesian,shift+dropout,19023732,0.0
stable_matched_size,analytic_bayesian,shift+dropout,19024231,4.0
stable_matched_size,analytic_bayesian,shift+dropout,19024834,3.0
stable_matched_size,analytic_bayesian,shift+dropout,19024923,5.0
stable_matched_size,analytic_bayesian,shift+dropout,19025422,6.0
stable_matched_size,analytic_bayesian,shift+dropout,19026025,4.0
stable_matched_size,analytic_bayesian,shift+dropout,19026114,5.0
stable_matched_size,analytic_bayesian,shift+dropout,19026613,0.0
stable_matched_size,analytic_bayesian,shift+dropout,19027216,3.0
stable_matched_size,analytic_bayesian,shift+dropout,19027305,5.0
stable_matched_size,analytic_bayesian,shift+dropout,19027804,0.0
stable_matched_size,analytic_bayesian,shift+dropout,19028407,5.0
stable_matched_size,analytic_bayesian,shift+dropout,19028496,1.0
stable_matched_size,analytic_bayesian,shift+dropout,19028995,5.0
stable_matched_size,analytic_bayesian,shift+dropout,19029598,4.0
stable_matched_size,analytic_comparator,stable,19001103,0.0
stable_matched_size,analytic_comparator,stable,19001602,6.0
stable_matched_size,analytic_comparator,stable,19002205,1.0
stable_matched_size,analytic_comparator,stable,19002294,0.0
stable_matched_size,analytic_comparator,stable,19002793,6.0
stable_matched_size,analytic_comparator,stable,19003396,4.0
stable_matched_size,analytic_comparator,stable,19003485,0.0
stable_matched_size,analytic_comparator,stable,19003984,5.0
stable_matched_size,analytic_comparator,stable,19004587,3.0
stable_matched_size,analytic_comparator,stable,19004676,2.0
stable_matched_size,analytic_comparator,stable,19005175,7.0
stable_matched_size,analytic_comparator,stable,19005778,3.0
stable_matched_size,analytic_comparator,stable,19005867,2.0
stable_matched_size,analytic_comparator,stable,19006366,0.0
stable_matched_size,analytic_comparator,stable,19006969,0.0
stable_matched_size,analytic_comparator,stable,19007058,4.0
stable_matched_size,analytic_comparator,stable,19007557,0.0
stable_matched_size,analytic_comparator,stable,19008160,6.0
stable_matched_size,analytic_comparator,stable,19008249,5.0
stable_matched_size,analytic_comparator,stable,19008748,3.0
stable_matched_size,analytic_comparator,stable,19009351,6.0
stable_matched_size,analytic_comparator,stable,19009440,6.0
stable_matched_size,analytic_comparator,stable,19009939,5.0
stable_matched_size,analytic_comparator,stable,19010542,3.0
stable_matched_size,analytic_comparator,stable,19010631,2.0
stable_matched_size,analytic_comparator,stable,19011130,6.0
stable_matched_size,analytic_comparator,stable,19011733,6.0
stable_matched_size,analytic_comparator,stable,19011822,0.0
stable_matched_size,analytic_comparator,stable,19012321,3.0
stable_matched_size,analytic_comparator,stable,19012924,0.0
stable_matched_size,analytic_comparator,stable,19013013,8.0
stable_matched_size,analytic_comparator,stable,19013512,8.0
stable_matched_size,analytic_comparator,stable,19014115,4.0
stable_matched_size,analytic_comparator,stable,19014204,4.0
stable_matched_size,analytic_comparator,stable,19014703,4.0
stable_matched_size,analytic_comparator,stable,19015306,2.0
stable_matched_size,analytic_comparator,stable,19015395,0.0
stable_matched_size,analytic_comparator,stable,19015894,3.0
stable_matched_size,analytic_comparator,stable,19016497,0.0
stable_matched_size,analytic_comparator,stable,19016586,4.0
stable_matched_size,analytic_comparator,stable,19017085,7.0
stable_matched_size,analytic_comparator,stable,19017688,6.0
stable_matched_size,analytic_comparator,stable,19017777,4.0
stable_matched_size,analytic_comparator,stable,19018276,2.0
stable_matched_size,analytic_comparator,stable,19018879,3.0
stable_matched_size,analytic_comparator,stable,19018968,0.0
stable_matched_size,analytic_comparator,stable,19019467,7.0
stable_matched_size,analytic_comparator,stable,19020070,7.0
stable_matched_size,analytic_comparator,stable,19020159,8.0
stable_matched_size,analytic_comparator,stable,19020658,4.0
stable_matched_size,analytic_comparator,stable,19021261,1.0
stable_matched_size,analytic_comparator,stable,19021350,2.0
stable_matched_size,analytic_comparator,stable,19021849,1.0
stable_matched_size,analytic_comparator,stable,19022452,6.0
stable_matched_size,analytic_comparator,stable,19022541,5.0
stable_matched_size,analytic_comparator,stable,19023040,5.0
stable_matched_size,analytic_comparator,stable,19023643,6.0
stable_matched_size,analytic_comparator,stable,19023732,0.0
stable_matched_size,analytic_comparator,stable,19024231,0.0
stable_matched_size,analytic_comparator,stable,19024834,5.0
stable_matched_size,analytic_comparator,stable,19024923,1.0
stable_matched_size,analytic_comparator,stable,19025422,6.0
stable_matched_size,analytic_comparator,stable,19026025,5.0
stable_matched_size,analytic_comparator,stable,19026114,6.0
stable_matched_size,analytic_comparator,stable,19026613,4.0
stable_matched_size,analytic_comparator,stable,19027216,6.0
stable_matched_size,analytic_comparator,stable,19027305,7.0
stable_matched_size,analytic_comparator,stable,19027804,0.0
stable_matched_size,analytic_comparator,stable,19028407,6.0
stable_matched_size,analytic_comparator,stable,19028496,1.0
stable_matched_size,analytic_comparator,stable,19028995,7.0
stable_matched_size,analytic_comparator,stable,19029598,1.0
stable_matched_size,analytic_comparator,shift+dropout,19001103,0.0
stable_matched_size,analytic_comparator,shift+dropout,19001602,4.0
stable_matched_size,analytic_comparator,shift+dropout,19002205,3.0
stable_matched_size,analytic_comparator,shift+dropout,19002294,0.0
stable_matched_size,analytic_comparator,shift+dropout,19002793,3.0
stable_matched_size,analytic_comparator,shift+dropout,19003396,3.0
stable_matched_size,analytic_comparator,shift+dropout,19003485,4.0
stable_matched_size,analytic_comparator,shift+dropout,19003984,1.0
stable_matched_size,analytic_comparator,shift+dropout,19004587,4.0
stable_matched_size,analytic_comparator,shift+dropout,19004676,4.0
stable_matched_size,analytic_comparator,shift+dropout,19005175,4.0
stable_matched_size,analytic_comparator,shift+dropout,19005778,1.0
stable_matched_size,analytic_comparator,shift+dropout,19005867,4.0
stable_matched_size,analytic_comparator,shift+dropout,19006366,0.0
stable_matched_size,analytic_comparator,shift+dropout,19006969,0.0
stable_matched_size,analytic_comparator,shift+dropout,19007058,3.0
stable_matched_size,analytic_comparator,shift+dropout,19007557,0.0
stable_matched_size,analytic_comparator,shift+dropout,19008160,4.0
stable_matched_size,analytic_comparator,shift+dropout,19008249,2.0
stable_matched_size,analytic_comparator,shift+dropout,19008748,4.0
stable_matched_size,analytic_comparator,shift+dropout,19009351,2.0
stable_matched_size,analytic_comparator,shift+dropout,19009440,3.0
stable_matched_size,analytic_comparator,shift+dropout,19009939,4.0
stable_matched_size,analytic_comparator,shift+dropout,19010542,4.0
stable_matched_size,analytic_comparator,shift+dropout,19010631,2.0
stable_matched_size,analytic_comparator,shift+dropout,19011130,3.0
stable_matched_size,analytic_comparator,shift+dropout,19011733,2.0
stable_matched_size,analytic_comparator,shift+dropout,19011822,0.0
stable_matched_size,analytic_comparator,shift+dropout,19012321,1.0
stable_matched_size,analytic_comparator,shift+dropout,19012924,0.0
stable_matched_size,analytic_comparator,shift+dropout,19013013,4.0
stable_matched_size,analytic_comparator,shift+dropout,19013512,7.0
stable_matched_size,analytic_comparator,shift+dropout,19014115,4.0
stable_matched_size,analytic_comparator,shift+dropout,19014204,4.0
stable_matched_size,analytic_comparator,shift+dropout,19014703,3.0
stable_matched_size,analytic_comparator,shift+dropout,19015306,2.0
stable_matched_size,analytic_comparator,shift+dropout,19015395,0.0
stable_matched_size,analytic_comparator,shift+dropout,19015894,3.0
stable_matched_size,analytic_comparator,shift+dropout,19016497,0.0
stable_matched_size,analytic_comparator,shift+dropout,19016586,6.0
stable_matched_size,analytic_comparator,shift+dropout,19017085,3.0
stable_matched_size,analytic_comparator,shift+dropout,19017688,0.0
stable_matched_size,analytic_comparator,shift+dropout,19017777,0.0
stable_matched_size,analytic_comparator,shift+dropout,19018276,4.0
stable_matched_size,analytic_comparator,shift+dropout,19018879,4.0
stable_matched_size,analytic_comparator,shift+dropout,19018968,1.0
stable_matched_size,analytic_comparator,shift+dropout,19019467,6.0
stable_matched_size,analytic_comparator,shift+dropout,19020070,5.0
stable_matched_size,analytic_comparator,shift+dropout,19020159,5.0
stable_matched_size,analytic_comparator,shift+dropout,19020658,4.0
stable_matched_size,analytic_comparator,shift+dropout,19021261,1.0
stable_matched_size,analytic_comparator,shift+dropout,19021350,4.0
stable_matched_size,analytic_comparator,shift+dropout,19021849,4.0
stable_matched_size,analytic_comparator,shift+dropout,19022452,3.0
stable_matched_size,analytic_comparator,shift+dropout,19022541,3.0
stable_matched_size,analytic_comparator,shift+dropout,19023040,3.0
stable_matched_size,analytic_comparator,shift+dropout,19023643,4.0
stable_matched_size,analytic_comparator,shift+dropout,19023732,1.0
stable_matched_size,analytic_comparator,shift+dropout,19024231,0.0
stable_matched_size,analytic_comparator,shift+dropout,19024834,2.0
stable_matched_size,analytic_comparator,shift+dropout,19024923,5.0
stable_matched_size,analytic_comparator,shift+dropout,19025422,5.0
stable_matched_size,analytic_comparator,shift+dropout,19026025,2.0
stable_matched_size,analytic_comparator,shift+dropout,19026114,4.0
stable_matched_size,analytic_comparator,shift+dropout,19026613,5.0
stable_matched_size,analytic_comparator,shift+dropout,19027216,3.0
stable_matched_size,analytic_comparator,shift+dropout,19027305,4.0
stable_matched_size,analytic_comparator,shift+dropout,19027804,0.0
stable_matched_size,analytic_comparator,shift+dropout,19028407,3.0
stable_matched_size,analytic_comparator,shift+dropout,19028496,1.0
stable_matched_size,analytic_comparator,shift+dropout,19028995,4.0
stable_matched_size,analytic_comparator,shift+dropout,19029598,2.0
mixed_training,learned_forward,stable,19001103,6.0
mixed_training,learned_forward,stable,19001602,9.0
mixed_training,learned_forward,stable,19002205,1.0
mixed_training,learned_forward,stable,19002294,0.0
mixed_training,learned_forward,stable,19002793,0.0
mixed_training,learned_forward,stable,19003396,4.0
mixed_training,learned_forward,stable,19003485,6.0
mixed_training,learned_forward,stable,19003984,2.0
mixed_training,learned_forward,stable,19004587,5.0
mixed_training,learned_forward,stable,19004676,7.0
mixed_training,learned_forward,stable,19005175,8.0
mixed_training,learned_forward,stable,19005778,1.0
mixed_training,learned_forward,stable,19005867,3.0
mixed_training,learned_forward,stable,19006366,0.0
mixed_training,learned_forward,stable,19006969,5.0
mixed_training,learned_forward,stable,19007058,0.0
mixed_training,learned_forward,stable,19007557,0.0
mixed_training,learned_forward,stable,19008160,7.0
mixed_training,learned_forward,stable,19008249,6.0
mixed_training,learned_forward,stable,19008748,0.0
mixed_training,learned_forward,stable,19009351,6.0
mixed_training,learned_forward,stable,19009440,6.0
mixed_training,learned_forward,stable,19009939,3.0
mixed_training,learned_forward,stable,19010542,4.0
mixed_training,learned_forward,stable,19010631,2.0
mixed_training,learned_forward,stable,19011130,1.0
mixed_training,learned_forward,stable,19011733,7.0
mixed_training,learned_forward,stable,19011822,5.0
mixed_training,learned_forward,stable,19012321,3.0
mixed_training,learned_forward,stable,19012924,0.0
mixed_training,learned_forward,stable,19013013,6.0
mixed_training,learned_forward,stable,19013512,7.0
mixed_training,learned_forward,stable,19014115,3.0
mixed_training,learned_forward,stable,19014204,4.0
mixed_training,learned_forward,stable,19014703,6.0
mixed_training,learned_forward,stable,19015306,1.0
mixed_training,learned_forward,stable,19015395,0.0
mixed_training,learned_forward,stable,19015894,3.0
mixed_training,learned_forward,stable,19016497,0.0
mixed_training,learned_forward,stable,19016586,5.0
mixed_training,learned_forward,stable,19017085,3.0
mixed_training,learned_forward,stable,19017688,3.0
mixed_training,learned_forward,stable,19017777,0.0
mixed_training,learned_forward,stable,19018276,2.0
mixed_training,learned_forward,stable,19018879,3.0
mixed_training,learned_forward,stable,19018968,3.0
mixed_training,learned_forward,stable,19019467,8.0
mixed_training,learned_forward,stable,19020070,6.0
mixed_training,learned_forward,stable,19020159,6.0
mixed_training,learned_forward,stable,19020658,8.0
mixed_training,learned_forward,stable,19021261,1.0
mixed_training,learned_forward,stable,19021350,4.0
mixed_training,learned_forward,stable,19021849,1.0
mixed_training,learned_forward,stable,19022452,6.0
mixed_training,learned_forward,stable,19022541,1.0
mixed_training,learned_forward,stable,19023040,5.0
mixed_training,learned_forward,stable,19023643,6.0
mixed_training,learned_forward,stable,19023732,0.0
mixed_training,learned_forward,stable,19024231,4.0
mixed_training,learned_forward,stable,19024834,6.0
mixed_training,learned_forward,stable,19024923,1.0
mixed_training,learned_forward,stable,19025422,6.0
mixed_training,learned_forward,stable,19026025,4.0
mixed_training,learned_forward,stable,19026114,5.0
mixed_training,learned_forward,stable,19026613,5.0
mixed_training,learned_forward,stable,19027216,2.0
mixed_training,learned_forward,stable,19027305,5.0
mixed_training,learned_forward,stable,19027804,0.0
mixed_training,learned_forward,stable,19028407,3.0
mixed_training,learned_forward,stable,19028496,5.0
mixed_training,learned_forward,stable,19028995,7.0
mixed_training,learned_forward,stable,19029598,0.0
mixed_training,learned_forward,shift+dropout,19001103,5.0
mixed_training,learned_forward,shift+dropout,19001602,5.0
mixed_training,learned_forward,shift+dropout,19002205,5.0
mixed_training,learned_forward,shift+dropout,19002294,0.0
mixed_training,learned_forward,shift+dropout,19002793,7.0
mixed_training,learned_forward,shift+dropout,19003396,4.0
mixed_training,learned_forward,shift+dropout,19003485,4.0
mixed_training,learned_forward,shift+dropout,19003984,3.0
mixed_training,learned_forward,shift+dropout,19004587,4.0
mixed_training,learned_forward,shift+dropout,19004676,4.0
mixed_training,learned_forward,shift+dropout,19005175,6.0
mixed_training,learned_forward,shift+dropout,19005778,1.0
mixed_training,learned_forward,shift+dropout,19005867,3.0
mixed_training,learned_forward,shift+dropout,19006366,0.0
mixed_training,learned_forward,shift+dropout,19006969,4.0
mixed_training,learned_forward,shift+dropout,19007058,0.0
mixed_training,learned_forward,shift+dropout,19007557,0.0
mixed_training,learned_forward,shift+dropout,19008160,3.0
mixed_training,learned_forward,shift+dropout,19008249,3.0
mixed_training,learned_forward,shift+dropout,19008748,5.0
mixed_training,learned_forward,shift+dropout,19009351,5.0
mixed_training,learned_forward,shift+dropout,19009440,4.0
mixed_training,learned_forward,shift+dropout,19009939,0.0
mixed_training,learned_forward,shift+dropout,19010542,2.0
mixed_training,learned_forward,shift+dropout,19010631,2.0
mixed_training,learned_forward,shift+dropout,19011130,1.0
mixed_training,learned_forward,shift+dropout,19011733,3.0
mixed_training,learned_forward,shift+dropout,19011822,2.0
mixed_training,learned_forward,shift+dropout,19012321,2.0
mixed_training,learned_forward,shift+dropout,19012924,0.0
mixed_training,learned_forward,shift+dropout,19013013,1.0
mixed_training,learned_forward,shift+dropout,19013512,7.0
mixed_training,learned_forward,shift+dropout,19014115,5.0
mixed_training,learned_forward,shift+dropout,19014204,4.0
mixed_training,learned_forward,shift+dropout,19014703,3.0
mixed_training,learned_forward,shift+dropout,19015306,1.0
mixed_training,learned_forward,shift+dropout,19015395,0.0
mixed_training,learned_forward,shift+dropout,19015894,3.0
mixed_training,learned_forward,shift+dropout,19016497,0.0
mixed_training,learned_forward,shift+dropout,19016586,0.0
mixed_training,learned_forward,shift+dropout,19017085,4.0
mixed_training,learned_forward,shift+dropout,19017688,0.0
mixed_training,learned_forward,shift+dropout,19017777,0.0
mixed_training,learned_forward,shift+dropout,19018276,5.0
mixed_training,learned_forward,shift+dropout,19018879,3.0
mixed_training,learned_forward,shift+dropout,19018968,4.0
mixed_training,learned_forward,shift+dropout,19019467,6.0
mixed_training,learned_forward,shift+dropout,19020070,5.0
mixed_training,learned_forward,shift+dropout,19020159,8.0
mixed_training,learned_forward,shift+dropout,19020658,5.0
mixed_training,learned_forward,shift+dropout,19021261,2.0
mixed_training,learned_forward,shift+dropout,19021350,3.0
mixed_training,learned_forward,shift+dropout,19021849,3.0
mixed_training,learned_forward,shift+dropout,19022452,5.0
mixed_training,learned_forward,shift+dropout,19022541,6.0
mixed_training,learned_forward,shift+dropout,19023040,4.0
mixed_training,learned_forward,shift+dropout,19023643,2.0
mixed_training,learned_forward,shift+dropout,19023732,0.0
mixed_training,learned_forward,shift+dropout,19024231,4.0
mixed_training,learned_forward,shift+dropout,19024834,3.0
mixed_training,learned_forward,shift+dropout,19024923,5.0
mixed_training,learned_forward,shift+dropout,19025422,6.0
mixed_training,learned_forward,shift+dropout,19026025,4.0
mixed_training,learned_forward,shift+dropout,19026114,5.0
mixed_training,learned_forward,shift+dropout,19026613,0.0
mixed_training,learned_forward,shift+dropout,19027216,3.0
mixed_training,learned_forward,shift+dropout,19027305,5.0
mixed_training,learned_forward,shift+dropout,19027804,0.0
mixed_training,learned_forward,shift+dropout,19028407,5.0
mixed_training,learned_forward,shift+dropout,19028496,0.0
mixed_training,learned_forward,shift+dropout,19028995,5.0
mixed_training,learned_forward,shift+dropout,19029598,4.0
mixed_training,analytic_bayesian,stable,19001103,0.0
mixed_training,analytic_bayesian,stable,19001602,9.0
mixed_training,analytic_bayesian,stable,19002205,1.0
mixed_training,analytic_bayesian,stable,19002294,0.0
mixed_training,analytic_bayesian,stable,19002793,2.0
mixed_training,analytic_bayesian,stable,19003396,6.0
mixed_training,analytic_bayesian,stable,19003485,0.0
mixed_training,analytic_bayesian,stable,19003984,3.0
mixed_training,analytic_bayesian,stable,19004587,3.0
mixed_training,analytic_bayesian,stable,19004676,2.0
mixed_training,analytic_bayesian,stable,19005175,8.0
mixed_training,analytic_bayesian,stable,19005778,3.0
mixed_training,analytic_bayesian,stable,19005867,3.0
mixed_training,analytic_bayesian,stable,19006366,0.0
mixed_training,analytic_bayesian,stable,19006969,2.0
mixed_training,analytic_bayesian,stable,19007058,0.0
mixed_training,analytic_bayesian,stable,19007557,0.0
mixed_training,analytic_bayesian,stable,19008160,7.0
mixed_training,analytic_bayesian,stable,19008249,6.0
mixed_training,analytic_bayesian,stable,19008748,3.0
mixed_training,analytic_bayesian,stable,19009351,5.0
mixed_training,analytic_bayesian,stable,19009440,6.0
mixed_training,analytic_bayesian,stable,19009939,3.0
mixed_training,analytic_bayesian,stable,19010542,3.0
mixed_training,analytic_bayesian,stable,19010631,2.0
mixed_training,analytic_bayesian,stable,19011130,1.0
mixed_training,analytic_bayesian,stable,19011733,7.0
mixed_training,analytic_bayesian,stable,19011822,5.0
mixed_training,analytic_bayesian,stable,19012321,8.0
mixed_training,analytic_bayesian,stable,19012924,0.0
mixed_training,analytic_bayesian,stable,19013013,8.0
mixed_training,analytic_bayesian,stable,19013512,8.0
mixed_training,analytic_bayesian,stable,19014115,3.0
mixed_training,analytic_bayesian,stable,19014204,4.0
mixed_training,analytic_bayesian,stable,19014703,6.0
mixed_training,analytic_bayesian,stable,19015306,2.0
mixed_training,analytic_bayesian,stable,19015395,0.0
mixed_training,analytic_bayesian,stable,19015894,3.0
mixed_training,analytic_bayesian,stable,19016497,0.0
mixed_training,analytic_bayesian,stable,19016586,4.0
mixed_training,analytic_bayesian,stable,19017085,5.0
mixed_training,analytic_bayesian,stable,19017688,4.0
mixed_training,analytic_bayesian,stable,19017777,0.0
mixed_training,analytic_bayesian,stable,19018276,2.0
mixed_training,analytic_bayesian,stable,19018879,4.0
mixed_training,analytic_bayesian,stable,19018968,3.0
mixed_training,analytic_bayesian,stable,19019467,8.0
mixed_training,analytic_bayesian,stable,19020070,7.0
mixed_training,analytic_bayesian,stable,19020159,6.0
mixed_training,analytic_bayesian,stable,19020658,8.0
mixed_training,analytic_bayesian,stable,19021261,1.0
mixed_training,analytic_bayesian,stable,19021350,5.0
mixed_training,analytic_bayesian,stable,19021849,1.0
mixed_training,analytic_bayesian,stable,19022452,6.0
mixed_training,analytic_bayesian,stable,19022541,5.0
mixed_training,analytic_bayesian,stable,19023040,5.0
mixed_training,analytic_bayesian,stable,19023643,8.0
mixed_training,analytic_bayesian,stable,19023732,0.0
mixed_training,analytic_bayesian,stable,19024231,4.0
mixed_training,analytic_bayesian,stable,19024834,6.0
mixed_training,analytic_bayesian,stable,19024923,1.0
mixed_training,analytic_bayesian,stable,19025422,6.0
mixed_training,analytic_bayesian,stable,19026025,4.0
mixed_training,analytic_bayesian,stable,19026114,5.0
mixed_training,analytic_bayesian,stable,19026613,4.0
mixed_training,analytic_bayesian,stable,19027216,2.0
mixed_training,analytic_bayesian,stable,19027305,4.0
mixed_training,analytic_bayesian,stable,19027804,0.0
mixed_training,analytic_bayesian,stable,19028407,3.0
mixed_training,analytic_bayesian,stable,19028496,5.0
mixed_training,analytic_bayesian,stable,19028995,7.0
mixed_training,analytic_bayesian,stable,19029598,0.0
mixed_training,analytic_bayesian,shift+dropout,19001103,0.0
mixed_training,analytic_bayesian,shift+dropout,19001602,5.0
mixed_training,analytic_bayesian,shift+dropout,19002205,6.0
mixed_training,analytic_bayesian,shift+dropout,19002294,0.0
mixed_training,analytic_bayesian,shift+dropout,19002793,5.0
mixed_training,analytic_bayesian,shift+dropout,19003396,4.0
mixed_training,analytic_bayesian,shift+dropout,19003485,4.0
mixed_training,analytic_bayesian,shift+dropout,19003984,3.0
mixed_training,analytic_bayesian,shift+dropout,19004587,4.0
mixed_training,analytic_bayesian,shift+dropout,19004676,5.0
mixed_training,analytic_bayesian,shift+dropout,19005175,6.0
mixed_training,analytic_bayesian,shift+dropout,19005778,1.0
mixed_training,analytic_bayesian,shift+dropout,19005867,5.0
mixed_training,analytic_bayesian,shift+dropout,19006366,0.0
mixed_training,analytic_bayesian,shift+dropout,19006969,4.0
mixed_training,analytic_bayesian,shift+dropout,19007058,0.0
mixed_training,analytic_bayesian,shift+dropout,19007557,0.0
mixed_training,analytic_bayesian,shift+dropout,19008160,5.0
mixed_training,analytic_bayesian,shift+dropout,19008249,3.0
mixed_training,analytic_bayesian,shift+dropout,19008748,6.0
mixed_training,analytic_bayesian,shift+dropout,19009351,5.0
mixed_training,analytic_bayesian,shift+dropout,19009440,4.0
mixed_training,analytic_bayesian,shift+dropout,19009939,3.0
mixed_training,analytic_bayesian,shift+dropout,19010542,2.0
mixed_training,analytic_bayesian,shift+dropout,19010631,2.0
mixed_training,analytic_bayesian,shift+dropout,19011130,1.0
mixed_training,analytic_bayesian,shift+dropout,19011733,3.0
mixed_training,analytic_bayesian,shift+dropout,19011822,2.0
mixed_training,analytic_bayesian,shift+dropout,19012321,2.0
mixed_training,analytic_bayesian,shift+dropout,19012924,0.0
mixed_training,analytic_bayesian,shift+dropout,19013013,5.0
mixed_training,analytic_bayesian,shift+dropout,19013512,7.0
mixed_training,analytic_bayesian,shift+dropout,19014115,5.0
mixed_training,analytic_bayesian,shift+dropout,19014204,4.0
mixed_training,analytic_bayesian,shift+dropout,19014703,4.0
mixed_training,analytic_bayesian,shift+dropout,19015306,2.0
mixed_training,analytic_bayesian,shift+dropout,19015395,0.0
mixed_training,analytic_bayesian,shift+dropout,19015894,3.0
mixed_training,analytic_bayesian,shift+dropout,19016497,0.0
mixed_training,analytic_bayesian,shift+dropout,19016586,4.0
mixed_training,analytic_bayesian,shift+dropout,19017085,4.0
mixed_training,analytic_bayesian,shift+dropout,19017688,4.0
mixed_training,analytic_bayesian,shift+dropout,19017777,0.0
mixed_training,analytic_bayesian,shift+dropout,19018276,2.0
mixed_training,analytic_bayesian,shift+dropout,19018879,3.0
mixed_training,analytic_bayesian,shift+dropout,19018968,4.0
mixed_training,analytic_bayesian,shift+dropout,19019467,6.0
mixed_training,analytic_bayesian,shift+dropout,19020070,7.0
mixed_training,analytic_bayesian,shift+dropout,19020159,8.0
mixed_training,analytic_bayesian,shift+dropout,19020658,5.0
mixed_training,analytic_bayesian,shift+dropout,19021261,2.0
mixed_training,analytic_bayesian,shift+dropout,19021350,6.0
mixed_training,analytic_bayesian,shift+dropout,19021849,3.0
mixed_training,analytic_bayesian,shift+dropout,19022452,5.0
mixed_training,analytic_bayesian,shift+dropout,19022541,6.0
mixed_training,analytic_bayesian,shift+dropout,19023040,4.0
mixed_training,analytic_bayesian,shift+dropout,19023643,2.0
mixed_training,analytic_bayesian,shift+dropout,19023732,0.0
mixed_training,analytic_bayesian,shift+dropout,19024231,4.0
mixed_training,analytic_bayesian,shift+dropout,19024834,3.0
mixed_training,analytic_bayesian,shift+dropout,19024923,5.0
mixed_training,analytic_bayesian,shift+dropout,19025422,6.0
mixed_training,analytic_bayesian,shift+dropout,19026025,4.0
mixed_training,analytic_bayesian,shift+dropout,19026114,5.0
mixed_training,analytic_bayesian,shift+dropout,19026613,0.0
mixed_training,analytic_bayesian,shift+dropout,19027216,3.0
mixed_training,analytic_bayesian,shift+dropout,19027305,5.0
mixed_training,analytic_bayesian,shift+dropout,19027804,0.0
mixed_training,analytic_bayesian,shift+dropout,19028407,5.0
mixed_training,analytic_bayesian,shift+dropout,19028496,1.0
mixed_training,analytic_bayesian,shift+dropout,19028995,5.0
mixed_training,analytic_bayesian,shift+dropout,19029598,4.0
mixed_training,analytic_comparator,stable,19001103,0.0
mixed_training,analytic_comparator,stable,19001602,6.0
mixed_training,analytic_comparator,stable,19002205,1.0
mixed_training,analytic_comparator,stable,19002294,0.0
mixed_training,analytic_comparator,stable,19002793,6.0
mixed_training,analytic_comparator,stable,19003396,4.0
mixed_training,analytic_comparator,stable,19003485,0.0
mixed_training,analytic_comparator,stable,19003984,5.0
mixed_training,analytic_comparator,stable,19004587,3.0
mixed_training,analytic_comparator,stable,19004676,2.0
mixed_training,analytic_comparator,stable,19005175,7.0
mixed_training,analytic_comparator,stable,19005778,3.0
mixed_training,analytic_comparator,stable,19005867,2.0
mixed_training,analytic_comparator,stable,19006366,0.0
mixed_training,analytic_comparator,stable,19006969,0.0
mixed_training,analytic_comparator,stable,19007058,4.0
mixed_training,analytic_comparator,stable,19007557,0.0
mixed_training,analytic_comparator,stable,19008160,6.0
mixed_training,analytic_comparator,stable,19008249,5.0
mixed_training,analytic_comparator,stable,19008748,3.0
mixed_training,analytic_comparator,stable,19009351,6.0
mixed_training,analytic_comparator,stable,19009440,6.0
mixed_training,analytic_comparator,stable,19009939,5.0
mixed_training,analytic_comparator,stable,19010542,3.0
mixed_training,analytic_comparator,stable,19010631,2.0
mixed_training,analytic_comparator,stable,19011130,6.0
mixed_training,analytic_comparator,stable,19011733,6.0
mixed_training,analytic_comparator,stable,19011822,0.0
mixed_training,analytic_comparator,stable,19012321,3.0
mixed_training,analytic_comparator,stable,19012924,0.0
mixed_training,analytic_comparator,stable,19013013,8.0
mixed_training,analytic_comparator,stable,19013512,8.0
mixed_training,analytic_comparator,stable,19014115,4.0
mixed_training,analytic_comparator,stable,19014204,4.0
mixed_training,analytic_comparator,stable,19014703,4.0
mixed_training,analytic_comparator,stable,19015306,2.0
mixed_training,analytic_comparator,stable,19015395,0.0
mixed_training,analytic_comparator,stable,19015894,3.0
mixed_training,analytic_comparator,stable,19016497,0.0
mixed_training,analytic_comparator,stable,19016586,4.0
mixed_training,analytic_comparator,stable,19017085,7.0
mixed_training,analytic_comparator,stable,19017688,6.0
mixed_training,analytic_comparator,stable,19017777,4.0
mixed_training,analytic_comparator,stable,19018276,2.0
mixed_training,analytic_comparator,stable,19018879,3.0
mixed_training,analytic_comparator,stable,19018968,0.0
mixed_training,analytic_comparator,stable,19019467,7.0
mixed_training,analytic_comparator,stable,19020070,7.0
mixed_training,analytic_comparator,stable,19020159,8.0
mixed_training,analytic_comparator,stable,19020658,4.0
mixed_training,analytic_comparator,stable,19021261,1.0
mixed_training,analytic_comparator,stable,19021350,2.0
mixed_training,analytic_comparator,stable,19021849,1.0
mixed_training,analytic_comparator,stable,19022452,6.0
mixed_training,analytic_comparator,stable,19022541,5.0
mixed_training,analytic_comparator,stable,19023040,5.0
mixed_training,analytic_comparator,stable,19023643,6.0
mixed_training,analytic_comparator,stable,19023732,0.0
mixed_training,analytic_comparator,stable,19024231,0.0
mixed_training,analytic_comparator,stable,19024834,5.0
mixed_training,analytic_comparator,stable,19024923,1.0
mixed_training,analytic_comparator,stable,19025422,6.0
mixed_training,analytic_comparator,stable,19026025,5.0
mixed_training,analytic_comparator,stable,19026114,6.0
mixed_training,analytic_comparator,stable,19026613,4.0
mixed_training,analytic_comparator,stable,19027216,6.0
mixed_training,analytic_comparator,stable,19027305,7.0
mixed_training,analytic_comparator,stable,19027804,0.0
mixed_training,analytic_comparator,stable,19028407,6.0
mixed_training,analytic_comparator,stable,19028496,1.0
mixed_training,analytic_comparator,stable,19028995,7.0
mixed_training,analytic_comparator,stable,19029598,1.0
mixed_training,analytic_comparator,shift+dropout,19001103,0.0
mixed_training,analytic_comparator,shift+dropout,19001602,4.0
mixed_training,analytic_comparator,shift+dropout,19002205,3.0
mixed_training,analytic_comparator,shift+dropout,19002294,0.0
mixed_training,analytic_comparator,shift+dropout,19002793,3.0
mixed_training,analytic_comparator,shift+dropout,19003396,3.0
mixed_training,analytic_comparator,shift+dropout,19003485,4.0
mixed_training,analytic_comparator,shift+dropout,19003984,1.0
mixed_training,analytic_comparator,shift+dropout,19004587,4.0
mixed_training,analytic_comparator,shift+dropout,19004676,4.0
mixed_training,analytic_comparator,shift+dropout,19005175,4.0
mixed_training,analytic_comparator,shift+dropout,19005778,1.0
mixed_training,analytic_comparator,shift+dropout,19005867,4.0
mixed_training,analytic_comparator,shift+dropout,19006366,0.0
mixed_training,analytic_comparator,shift+dropout,19006969,0.0
mixed_training,analytic_comparator,shift+dropout,19007058,3.0
mixed_training,analytic_comparator,shift+dropout,19007557,0.0
mixed_training,analytic_comparator,shift+dropout,19008160,4.0
mixed_training,analytic_comparator,shift+dropout,19008249,2.0
mixed_training,analytic_comparator,shift+dropout,19008748,4.0
mixed_training,analytic_comparator,shift+dropout,19009351,2.0
mixed_training,analytic_comparator,shift+dropout,19009440,3.0
mixed_training,analytic_comparator,shift+dropout,19009939,4.0
mixed_training,analytic_comparator,shift+dropout,19010542,4.0
mixed_training,analytic_comparator,shift+dropout,19010631,2.0
mixed_training,analytic_comparator,shift+dropout,19011130,3.0
mixed_training,analytic_comparator,shift+dropout,19011733,2.0
mixed_training,analytic_comparator,shift+dropout,19011822,0.0
mixed_training,analytic_comparator,shift+dropout,19012321,1.0
mixed_training,analytic_comparator,shift+dropout,19012924,0.0
mixed_training,analytic_comparator,shift+dropout,19013013,4.0
mixed_training,analytic_comparator,shift+dropout,19013512,7.0
mixed_training,analytic_comparator,shift+dropout,19014115,4.0
mixed_training,analytic_comparator,shift+dropout,19014204,4.0
mixed_training,analytic_comparator,shift+dropout,19014703,3.0
mixed_training,analytic_comparator,shift+dropout,19015306,2.0
mixed_training,analytic_comparator,shift+dropout,19015395,0.0
mixed_training,analytic_comparator,shift+dropout,19015894,3.0
mixed_training,analytic_comparator,shift+dropout,19016497,0.0
mixed_training,analytic_comparator,shift+dropout,19016586,6.0
mixed_training,analytic_comparator,shift+dropout,19017085,3.0
mixed_training,analytic_comparator,shift+dropout,19017688,0.0
mixed_training,analytic_comparator,shift+dropout,19017777,0.0
mixed_training,analytic_comparator,shift+dropout,19018276,4.0
mixed_training,analytic_comparator,shift+dropout,19018879,4.0
mixed_training,analytic_comparator,shift+dropout,19018968,1.0
mixed_training,analytic_comparator,shift+dropout,19019467,6.0
mixed_training,analytic_comparator,shift+dropout,19020070,5.0
mixed_training,analytic_comparator,shift+dropout,19020159,5.0
mixed_training,analytic_comparator,shift+dropout,19020658,4.0
mixed_training,analytic_comparator,shift+dropout,19021261,1.0
mixed_training,analytic_comparator,shift+dropout,19021350,4.0
mixed_training,analytic_comparator,shift+dropout,19021849,4.0
mixed_training,analytic_comparator,shift+dropout,19022452,3.0
mixed_training,analytic_comparator,shift+dropout,19022541,3.0
mixed_training,analytic_comparator,shift+dropout,19023040,3.0
mixed_training,analytic_comparator,shift+dropout,19023643,4.0
mixed_training,analytic_comparator,shift+dropout,19023732,1.0
mixed_training,analytic_comparator,shift+dropout,19024231,0.0
mixed_training,analytic_comparator,shift+dropout,19024834,2.0
mixed_training,analytic_comparator,shift+dropout,19024923,5.0
mixed_training,analytic_comparator,shift+dropout,19025422,5.0
mixed_training,analytic_comparator,shift+dropout,19026025,2.0
mixed_training,analytic_comparator,shift+dropout,19026114,4.0
mixed_training,analytic_comparator,shift+dropout,19026613,5.0
mixed_training,analytic_comparator,shift+dropout,19027216,3.0
mixed_training,analytic_comparator,shift+dropout,19027305,4.0
mixed_training,analytic_comparator,shift+dropout,19027804,0.0
mixed_training,analytic_comparator,shift+dropout,19028407,3.0
mixed_training,analytic_comparator,shift+dropout,19028496,1.0
mixed_training,analytic_comparator,shift+dropout,19028995,4.0
mixed_training,analytic_comparator,shift+dropout,19029598,2.0
