env,kind,n_valid,post_mse,pre_mse,seed
shift+dropout,action_model,32,1.613570058355111,0.6935961749211725,23000000
shift+dropout,shuffled_action,32,1.1994062368616183,1.8574244428768216,23000000
shift+dropout,action_blind,32,2.197604642052264,1.754802565950126,23000000
shift+dropout,reset_memory,32,1.3992044164961155,1.1292412631773439,23000000
shift+dropout,action_model,32,1.3198538974989211,0.5611952520150765,23007919
shift+dropout,shuffled_action,32,1.5564445378855492,2.5017257334386525,23007919
shift+dropout,action_blind,32,1.2953186222236974,1.916917490835087,23007919
shift+dropout,reset_memory,32,0.9762151360908685,1.1252435008924908,23007919
shift+dropout,action_model,40,1.5007227139819062,0.5713583687120877,23015838
shift+dropout,shuffled_action,40,1.5672704765970376,1.2112344404868418,23015838
shift+dropout,action_blind,40,1.5294614557786617,1.2798690505272634,23015838
shift+dropout,reset_memory,40,0.9775582850711241,0.8130982177413655,23015838
shift+dropout,action_model,35,1.3823126897780518,0.9373206822703887,23023757
shift+dropout,shuffled_action,35,1.7727157131270423,1.3161500371578316,23023757
shift+dropout,action_blind,35,1.9179842053734302,1.5788075472830765,23023757
shift+dropout,reset_memory,35,1.0939084076591286,1.0613520990012313,23023757
shift+dropout,action_model,40,1.1688887826275316,0.5997312019039363,23031676
shift+dropout,shuffled_action,40,1.8333783107145223,1.3134207454143605,23031676
shift+dropout,action_blind,40,1.7264031371033661,1.5945115558948701,23031676
shift+dropout,reset_memory,40,0.9690665583377152,0.9636127246511313,23031676
shift+dropout,action_model,27,1.2829931166206199,0.5513503201130984,23039595
shift+dropout,shuffled_action,27,1.2446881513504737,1.2047497772482851,23039595
shift+dropout,action_blind,27,1.967466168212364,1.2852264094175028,23039595
shift+dropout,reset_memory,27,1.1707522683588565,0.7949292954064181,23039595
shift+dropout,action_model,37,1.398833641861108,0.5714425870157015,23047514
shift+dropout,shuffled_action,37,2.024701530796993,1.58758018101259,23047514
shift+dropout,action_blind,37,1.7955835691903421,1.6235030083920234,23047514
shift+dropout,reset_memory,37,1.037424505471111,1.0230566034653863,23047514
shift+dropout,action_model,35,1.226629645408252,0.4947240658260153,23055433
shift+dropout,shuffled_action,35,1.4701659564437082,1.345389013231586,23055433
shift+dropout,action_blind,35,1.7190410058517795,1.7407005792503725,23055433
shift+dropout,reset_memory,35,1.0225057490649596,1.0679976931433952,23055433
shift+dropout,action_model,27,2.0587441158593704,0.6084584210395615,23063352
shift+dropout,shuffled_action,27,1.7986440195898517,1.597485909808241,23063352
shift+dropout,action_blind,27,1.676210836934654,1.5831643070368528,23063352
shift+dropout,reset_memory,27,1.1080825838543158,1.1506709535832809,23063352
shift+dropout,action_model,35,1.8133416651299532,0.4755220782364991,23071271
shift+dropout,shuffled_action,35,1.4199121370322954,1.223328416412491,23071271
shift+dropout,action_blind,35,1.9800794728830577,1.580818033968985,23071271
shift+dropout,reset_memory,35,1.273260379396931,0.9861031501485163,23071271
shift+dropout,action_model,29,0.9418750277780615,0.7497906623021925,23079190
shift+dropout,shuffled_action,29,2.2306549403489893,1.2454973956894724,23079190
shift+dropout,action_blind,29,1.723738989745423,1.3224057567873548,23079190
shift+dropout,reset_memory,29,1.0322983904077025,0.8698003270535467,23079190
shift+dropout,action_model,28,0.970417721597213,0.6193052123887398,23087109
shift+dropout,shuffled_action,28,1.6103112032266993,1.45249839974011,23087109
shift+dropout,action_blind,28,1.5735431352738545,1.7943155218881575,23087109
shift+dropout,reset_memory,28,1.0407856197068315,1.0515434263798766,23087109
shift+dropout,action_model,19,0.8694745096139448,1.1627624388469848,23095028
shift+dropout,shuffled_action,19,0.9747761623235585,1.0303219639740215,23095028
shift+dropout,action_blind,19,1.1296442200361796,1.2075621844436601,23095028
shift+dropout,reset_memory,19,0.7584384438862596,1.135890349079346,23095028
shift+dropout,action_model,29,1.3924379010254606,0.4685164844160013,23102947
shift+dropout,shuffled_action,29,1.1611552087877857,0.805104690671308,23102947
shift+dropout,action_blind,29,1.3017047186115063,1.4024805700724075,23102947
shift+dropout,reset_memory,29,0.8631634443447874,0.8968493643569599,23102947
shift+dropout,action_model,27,1.2183755651985182,0.687241638788026,23110866
shift+dropout,shuffled_action,27,1.5290535934510285,1.4103393276226808,23110866
shift+dropout,action_blind,27,1.8066459933820542,1.6645983350323301,23110866
shift+dropout,reset_memory,27,1.1987481437315075,1.2142555652912281,23110866
shift+dropout,action_model,29,1.2095962452198752,1.018770536688451,23118785
shift+dropout,shuffled_action,29,2.1701878945679622,1.424185808875809,23118785
shift+dropout,action_blind,29,2.069268711786017,1.3740392767523544,23118785
shift+dropout,reset_memory,29,1.2953424771038473,0.9256354366068066,23118785
shift+dropout,action_model,38,1.3169376319993917,0.8349772236877436,23126704
shift+dropout,shuffled_action,38,1.0311445924627956,1.368232852082966,23126704
shift+dropout,action_blind,38,1.3808440748433661,1.6513179656207875,23126704
shift+dropout,reset_memory,38,1.1500805845421842,1.1178047836690763,23126704
shift+dropout,action_model,36,1.1404529836650312,0.6604949440639089,23134623
shift+dropout,shuffled_action,36,1.0702749859303577,2.248661663543496,23134623
shift+dropout,action_blind,36,1.8572818984180433,1.9366538842884249,23134623
shift+dropout,reset_memory,36,1.0601840415320625,1.0763223540241862,23134623
shift+dropout,action_model,34,1.262613350251191,0.9390999324485715,23142542
shift+dropout,shuffled_action,34,1.134854524719444,1.3479727045051015,23142542
shift+dropout,action_blind,34,1.4215973965472242,1.3811842459392227,23142542
shift+dropout,reset_memory,34,0.9070539884802098,0.9220895240427455,23142542
shift+dropout,action_model,34,1.2971153142614416,0.7651090077090922,23150461
shift+dropout,shuffled_action,34,1.391513579849022,1.113954867361595,23150461
shift+dropout,action_blind,34,1.7072978110094017,1.4962910740337176,23150461
shift+dropout,reset_memory,34,1.0731880138280068,0.8530518492261965,23150461
shift+dropout,action_model,34,1.5799341673211198,0.7930045922368281,23158380
shift+dropout,shuffled_action,34,2.1678906026271645,1.4640740814457023,23158380
shift+dropout,action_blind,34,2.1993719727206487,1.838232784686041,23158380
shift+dropout,reset_memory,34,1.180880854350512,1.1836312734886805,23158380
shift+dropout,action_model,36,0.9775167684570889,0.6094997426006121,23166299
shift+dropout,shuffled_action,36,0.9802220299256943,1.3312206885368412,23166299
shift+dropout,action_blind,36,1.5204224282949381,1.852711630602835,23166299
shift+dropout,reset_memory,36,0.9223417685245388,1.0859061318260637,23166299
shift+dropout,action_model,30,1.2338089676027613,0.6134310745320448,23174218
shift+dropout,shuffled_action,30,1.136456828173319,1.7523416761853814,23174218
shift+dropout,action_blind,30,1.213921656126079,2.025024205555443,23174218
shift+dropout,reset_memory,30,0.8891938417816673,1.1452236562962295,23174218
shift+dropout,action_model,29,2.303940137005456,0.601881836307633,23182137
shift+dropout,shuffled_action,29,2.0722994705445106,1.8171856262904065,23182137
shift+dropout,action_blind,29,1.9604707791345868,1.6795668677753886,23182137
shift+dropout,reset_memory,29,1.0630173153733684,1.0061252636916942,23182137
shift+dropout,action_model,32,1.2789111740909704,0.6501781130300889,24000000
shift+dropout,shuffled_action,32,1.9212567333910116,1.2093527937238475,24000000
shift+dropout,action_blind,32,2.161714970849839,1.543365855913537,24000000
shift+dropout,reset_memory,32,1.2084044074606353,1.004547207763078,24000000
shift+dropout,action_model,38,1.0967638683889356,0.5165051260720291,24007919
shift+dropout,shuffled_action,38,1.914760207478851,1.0736060985138933,24007919
shift+dropout,action_blind,38,1.5312567182485866,1.5070413976877168,24007919
shift+dropout,reset_memory,38,0.9600382502144353,0.8923688856748226,24007919
shift+dropout,action_model,29,1.9263658265571084,0.5547689968910702,24015838
shift+dropout,shuffled_action,29,2.464100375004684,1.6316420912929916,24015838
shift+dropout,action_blind,29,1.9114022183327204,2.2309606028031213,24015838
shift+dropout,reset_memory,29,1.1096199737763794,1.1742087559595304,24015838
shift+dropout,action_model,34,0.9880778139541694,0.6484919040931101,24023757
shift+dropout,shuffled_action,34,1.9663459684095104,1.1309160728773606,24023757
shift+dropout,action_blind,34,1.6214546899965312,1.1930837686045153,24023757
shift+dropout,reset_memory,34,1.0497156583966256,0.8813409244172022,24023757
shift+dropout,action_model,22,1.6065637756160052,0.5103180426793862,24031676
shift+dropout,shuffled_action,22,0.9596003193080926,1.7863069904083835,24031676
shift+dropout,action_blind,22,1.6905094120900241,1.6102107019131449,24031676
shift+dropout,reset_memory,22,1.2457333982762535,0.9440936178616934,24031676
shift+dropout,action_model,30,1.531223428423026,0.5472193490441046,24039595
shift+dropout,shuffled_action,30,0.9961737786400027,2.1232850986991085,24039595
shift+dropout,action_blind,30,1.3381202115750477,1.9216655791577963,24039595
shift+dropout,reset_memory,30,1.0948073595085173,1.1270034671569793,24039595
shift+dropout,action_model,34,1.1699426754439097,0.4247803444338446,24047514
shift+dropout,shuffled_action,34,1.5469713980309774,1.6210755512842958,24047514
shift+dropout,action_blind,34,1.4765622302693544,1.5057236521018387,24047514
shift+dropout,reset_memory,34,0.9322511604012637,0.8443761795529232,24047514
shift+dropout,action_model,28,1.5705011663119917,0.4187389292069286,24055433
shift+dropout,shuffled_action,28,1.5398075801080837,1.0911475646242028,24055433
shift+dropout,action_blind,28,1.4221452630335287,1.4674909484322614,24055433
shift+dropout,reset_memory,28,0.9789788234244358,0.9141447716836483,24055433
shift+dropout,action_model,30,1.5268763984139802,0.8513737718527801,24063352
shift+dropout,shuffled_action,30,1.9776450217928403,1.1981822029558526,24063352
shift+dropout,action_blind,30,1.7896640064508966,1.6970023087056751,24063352
shift+dropout,reset_memory,30,1.020051555799889,1.1867151208332432,24063352
shift+dropout,action_model,32,0.9099591907033531,0.6362468042642849,24071271
shift+dropout,shuffled_action,32,1.1739433209915047,1.4011547847090042,24071271
shift+dropout,action_blind,32,1.43181858367913,1.5293148806848327,24071271
shift+dropout,reset_memory,32,0.896065978162276,1.0102439672371182,24071271
shift+dropout,action_model,31,1.4151553103447698,0.7271622796300967,24079190
shift+dropout,shuffled_action,31,1.8566431564670263,1.4656927233103474,24079190
shift+dropout,action_blind,31,1.7884246058444575,1.7205765570591172,24079190
shift+dropout,reset_memory,31,1.0392940298320508,0.9627802990827163,24079190
shift+dropout,action_model,28,1.715787728635895,0.6891131063645293,24087109
shift+dropout,shuffled_action,28,2.462992256686902,1.4142585511391457,24087109
shift+dropout,action_blind,28,1.808962744738335,1.611004306803171,24087109
shift+dropout,reset_memory,28,1.0409666242146174,1.023954622110175,24087109
shift+dropout,action_model,33,1.0604985405361205,0.7110393509333789,24095028
shift+dropout,shuffled_action,33,1.7756333720863706,1.237736350161009,24095028
shift+dropout,action_blind,33,1.2048952896266099,1.839268713746762,24095028
shift+dropout,reset_memory,33,0.7336952325894274,1.0218092952922782,24095028
shift+dropout,action_model,31,2.001113215473735,0.43582955754982267,24102947
shift+dropout,shuffled_action,31,1.5946343388805886,1.0461028095556824,24102947
shift+dropout,action_blind,31,2.02917559937404,1.2567101002383034,24102947
shift+dropout,reset_memory,31,1.2630714525716824,0.8841099344866633,24102947
shift+dropout,action_model,28,1.1632627098216421,0.46999449339504656,24110866
shift+dropout,shuffled_action,28,1.2045303640783267,1.468243050873573,24110866
shift+dropout,action_blind,28,1.7558712951193787,1.290844894681365,24110866
shift+dropout,reset_memory,28,1.151368672177903,0.8815400285599324,24110866
shift+dropout,action_model,30,1.4225740744515658,0.4678936532257053,24118785
shift+dropout,shuffled_action,30,1.3215970620108053,1.5397953369028707,24118785
shift+dropout,action_blind,30,1.3048341296346666,2.266618830582639,24118785
shift+dropout,reset_memory,30,0.9847614247324711,1.237880680859747,24118785
shift+dropout,action_model,27,1.6988744376606815,0.6508621908252467,24126704
shift+dropout,shuffled_action,27,2.096454911464341,1.3644540166340913,24126704
shift+dropout,action_blind,27,1.7068694772232522,1.6838051306985198,24126704
shift+dropout,reset_memory,27,1.1067787937013702,1.044098974342519,24126704
shift+dropout,action_model,34,1.4581117090404,0.3984138783957149,24134623
shift+dropout,shuffled_action,34,2.8190061892414575,1.2407847135009138,24134623
shift+dropout,action_blind,34,2.3896508273218564,1.7294857777442665,24134623
shift+dropout,reset_memory,34,1.3938809213155139,0.9572401707497621,24134623
shift+dropout,action_model,31,0.8969890853269235,0.6872220008127854,24142542
shift+dropout,shuffled_action,31,1.4087621463686812,1.200253682730772,24142542
shift+dropout,action_blind,31,1.4236020325279497,1.5454993370767078,24142542
shift+dropout,reset_memory,31,0.8840099287345827,0.9356531554928559,24142542
shift+dropout,action_model,38,1.7140794456729462,0.7389127888494306,24150461
shift+dropout,shuffled_action,38,1.6176607559483733,1.9544145292616437,24150461
shift+dropout,action_blind,38,1.5914241800931708,1.8399453857759482,24150461
shift+dropout,reset_memory,38,0.9880083572616054,1.2711792522099692,24150461
shift+dropout,action_model,36,1.4964371423851102,0.5958030979905033,24158380
shift+dropout,shuffled_action,36,2.0138378596905238,1.733557902977193,24158380
shift+dropout,action_blind,36,1.9033593042849897,1.8343782687246517,24158380
shift+dropout,reset_memory,36,1.289466793298372,1.0280187424993323,24158380
shift+dropout,action_model,32,1.32334957836896,0.7516331426886527,24166299
shift+dropout,shuffled_action,32,1.2750272722774203,1.8156472206842296,24166299
shift+dropout,action_blind,32,1.217075399603139,1.8872041359545757,24166299
shift+dropout,reset_memory,32,0.797569488025995,1.2282086842097895,24166299
shift+dropout,action_model,39,1.5900755198147545,0.9969021468469673,24174218
shift+dropout,shuffled_action,39,2.7889160930396364,1.3411510417250727,24174218
shift+dropout,action_blind,39,1.8376798110713257,2.0190952982888994,24174218
shift+dropout,reset_memory,39,1.3251532947760785,1.2375049815817616,24174218
shift+dropout,action_model,31,1.9396211964562728,0.5096778027270409,24182137
shift+dropout,shuffled_action,31,2.3374073834990914,1.4673319029414829,24182137
shift+dropout,action_blind,31,2.069340648369349,1.4619752617376076,24182137
shift+dropout,reset_memory,31,1.2960118570647325,1.090145245579594,24182137
shift+dropout,action_model,27,1.2684618153160692,0.49974066291040037,25000000
shift+dropout,shuffled_action,27,2.279880734131722,1.0872955003341394,25000000
shift+dropout,action_blind,27,1.8698848309121514,1.6332442294899394,25000000
shift+dropout,reset_memory,27,0.9964932611025166,1.006865224591179,25000000
shift+dropout,action_model,36,1.4027626049738573,0.7765399955225863,25007919
shift+dropout,shuffled_action,36,1.700800881771869,1.5073930325835754,25007919
shift+dropout,action_blind,36,1.9962145787329932,1.5638451404350353,25007919
shift+dropout,reset_memory,36,1.2599787174410997,1.102614098452866,25007919
shift+dropout,action_model,40,1.1623736093779964,0.516906675704672,25015838
shift+dropout,shuffled_action,40,1.0624910567367147,1.6931735979012972,25015838
shift+dropout,action_blind,40,1.2386982419302106,1.76135403470618,25015838
shift+dropout,reset_memory,40,0.93466180982022,1.0292162239346045,25015838
shift+dropout,action_model,28,0.8495480445049597,0.8631587443238137,25023757
shift+dropout,shuffled_action,28,1.1848009832303605,1.6567907707440312,25023757
shift+dropout,action_blind,28,1.7028373520411675,1.605453993446303,25023757
shift+dropout,reset_memory,28,0.8370220440436462,1.0329751970699168,25023757
shift+dropout,action_model,32,1.1067639749244078,0.4715586935290808,25031676
shift+dropout,shuffled_action,32,1.3142175096534767,0.9249422250211002,25031676
shift+dropout,action_blind,32,1.4827630046152045,0.9079573853436809,25031676
shift+dropout,reset_memory,32,0.8204829297096823,0.668532629343912,25031676
shift+dropout,action_model,31,1.3751150538387964,0.8579919333612321,25039595
shift+dropout,shuffled_action,31,1.7231301871148232,1.3056462996678855,25039595
shift+dropout,action_blind,31,1.9556018212822792,1.7387475504714645,25039595
shift+dropout,reset_memory,31,1.1444773422535435,0.9783179684261422,25039595
shift+dropout,action_model,37,1.2244993142428338,0.9137626334828248,25047514
shift+dropout,shuffled_action,37,1.3718765011260647,1.7375571907124103,25047514
shift+dropout,action_blind,37,1.6896986313767737,1.7578780090158523,25047514
shift+dropout,reset_memory,37,1.0690522517254633,1.0366347134272076,25047514
shift+dropout,action_model,29,1.5116188233010805,0.8670092244519582,25055433
shift+dropout,shuffled_action,29,1.5902149828538108,1.2463833197068221,25055433
shift+dropout,action_blind,29,1.5180857046269685,1.4450279900024483,25055433
shift+dropout,reset_memory,29,1.132990703233012,0.8637520279945992,25055433
shift+dropout,action_model,31,1.7755998086162514,1.046949288661268,25063352
shift+dropout,shuffled_action,31,2.233625546632075,1.2324545544209013,25063352
shift+dropout,action_blind,31,1.599011132872316,1.4292298080302142,25063352
shift+dropout,reset_memory,31,1.0429800158713376,0.9479554992161509,25063352
shift+dropout,action_model,26,2.484659361479353,0.6081981177638928,25071271
shift+dropout,shuffled_action,26,1.610005690875474,1.1288666644344327,25071271
shift+dropout,action_blind,26,2.345373825998693,1.3686179459964647,25071271
shift+dropout,reset_memory,26,1.4556868611700151,1.0432109253471293,25071271
shift+dropout,action_model,31,1.4176970890715064,0.4059855134236246,25079190
shift+dropout,shuffled_action,31,1.5709558964584278,1.8298069255288472,25079190
shift+dropout,action_blind,31,1.2013114933064304,1.7981946948948258,25079190
shift+dropout,reset_memory,31,1.173812540984648,1.0669108200124124,25079190
shift+dropout,action_model,28,1.4876039540454136,0.3645522525108268,25087109
shift+dropout,shuffled_action,28,1.004812822391835,1.33522673450927,25087109
shift+dropout,action_blind,28,1.8626213240853713,1.1534147247176767,25087109
shift+dropout,reset_memory,28,1.028168227433467,0.8403129887901779,25087109
shift+dropout,action_model,31,1.4478540621104434,0.7562951849806517,25095028
shift+dropout,shuffled_action,31,1.8790933926906657,1.7148628452902508,25095028
shift+dropout,action_blind,31,1.7586924652492961,1.697909293607897,25095028
shift+dropout,reset_memory,31,1.0795900229290616,1.069753280922312,25095028
shift+dropout,action_model,39,1.305041826407975,0.5177114667939048,25102947
shift+dropout,shuffled_action,39,1.6492644318544798,1.5123687256255587,25102947
shift+dropout,action_blind,39,1.6005439000185118,1.70500745784403,25102947
shift+dropout,reset_memory,39,1.0253924200801543,1.0510359988115943,25102947
shift+dropout,action_model,31,1.5626526944364976,0.5301520867680032,25110866
shift+dropout,shuffled_action,31,1.3223256839416306,1.3986796381107525,25110866
shift+dropout,action_blind,31,1.2690688607298724,1.9100314666812668,25110866
shift+dropout,reset_memory,31,1.0360956035654623,1.172809399036368,25110866
shift+dropout,action_model,32,2.2733523368319664,0.4502319713252384,25118785
shift+dropout,shuffled_action,32,1.432861239897692,1.5565448024175748,25118785
shift+dropout,action_blind,32,2.375381261094214,1.6703184171937602,25118785
shift+dropout,reset_memory,32,1.2744470509470187,0.9489171753207204,25118785
shift+dropout,action_model,34,2.1475570370062322,0.3660469597570614,25126704
shift+dropout,shuffled_action,34,2.016631602775525,1.5048379774074574,25126704
shift+dropout,action_blind,34,2.259610579773545,1.7253798857455607,25126704
shift+dropout,reset_memory,34,1.3427452727865294,1.0060850823957255,25126704
shift+dropout,action_model,38,1.3779438304727667,0.6945330194028371,25134623
shift+dropout,shuffled_action,38,2.089091907919845,1.4067511194952738,25134623
shift+dropout,action_blind,38,1.9332162656078484,1.564226188304115,25134623
shift+dropout,reset_memory,38,1.2104419660239292,0.956804766148871,25134623
shift+dropout,action_model,37,1.2186344163782723,0.7945596719509346,25142542
shift+dropout,shuffled_action,37,1.2785063193566755,0.9694128200343951,25142542
shift+dropout,action_blind,37,1.3674512807188686,1.6174276543423238,25142542
shift+dropout,reset_memory,37,0.9438545292950875,1.0830651522757373,25142542
shift+dropout,action_model,35,1.3792165426864882,0.8809530015897391,25150461
shift+dropout,shuffled_action,35,1.3028382994098813,1.5516580688347756,25150461
shift+dropout,action_blind,35,1.7663632309651411,1.7532986732908629,25150461
shift+dropout,reset_memory,35,1.327694875788373,1.0239891893542983,25150461
shift+dropout,action_model,31,1.0472829788631879,0.5177221897212554,25158380
shift+dropout,shuffled_action,31,1.5136743959885608,1.4774657804610014,25158380
shift+dropout,action_blind,31,1.4660022047377264,1.479269798148911,25158380
shift+dropout,reset_memory,31,0.873564267480912,0.8634931484657049,25158380
shift+dropout,action_model,34,1.7218558076180084,0.6271124004522162,25166299
shift+dropout,shuffled_action,34,0.839614822230322,1.410749442348315,25166299
shift+dropout,action_blind,34,1.7521107548456327,1.8097403043478815,25166299
shift+dropout,reset_memory,34,1.157990822818109,1.061371983920259,25166299
shift+dropout,action_model,32,1.452952300569353,0.4926065061154632,25174218
shift+dropout,shuffled_action,32,1.213946474496811,1.72186631545667,25174218
shift+dropout,action_blind,32,1.5942857512474566,1.750637881817783,25174218
shift+dropout,reset_memory,32,1.0788359159447083,1.06834037752122,25174218
shift+dropout,action_model,31,1.2580555887113232,0.9216748989620851,25182137
shift+dropout,shuffled_action,31,1.7668813479895735,1.2823614751396528,25182137
shift+dropout,action_blind,31,1.7209317870139107,2.090617179937228,25182137
shift+dropout,reset_memory,31,0.989745897930781,1.2970083327221567,25182137
shift+dropout,action_model,26,0.9369089986824913,0.9150518173893629,26000000
shift+dropout,shuffled_action,26,1.0563635941417049,1.8414121239813,26000000
shift+dropout,action_blind,26,1.6138673114541193,1.9553480143999742,26000000
shift+dropout,reset_memory,26,0.9664907275570963,1.3218939341640341,26000000
shift+dropout,action_model,34,1.588761781499405,0.7333413303188745,26007919
shift+dropout,shuffled_action,34,1.317541895478068,1.5837609559517818,26007919
shift+dropout,action_blind,34,1.4247461808299604,1.923589739245567,26007919
shift+dropout,reset_memory,34,0.6952252666183028,1.268902426115706,26007919
shift+dropout,action_model,35,1.5190727348008175,0.8815986387951108,26015838
shift+dropout,shuffled_action,35,2.5768659176731803,1.4465634015333524,26015838
shift+dropout,action_blind,35,1.839363703837871,1.7346558367024443,26015838
shift+dropout,reset_memory,35,1.1020584396757442,1.2164975493143644,26015838
shift+dropout,action_model,28,1.5022039940280227,0.44904764619163945,26023757
shift+dropout,shuffled_action,28,1.2250439477695203,1.6603408752773643,26023757
shift+dropout,action_blind,28,1.48801213257445,1.7559246383250762,26023757
shift+dropout,reset_memory,28,1.0945271576288464,0.99479663653824,26023757
shift+dropout,action_model,35,1.2192140191279393,0.7921079223487414,26031676
shift+dropout,shuffled_action,35,1.3070098663532108,1.2582514375870255,26031676
shift+dropout,action_blind,35,2.1752094468622007,1.5230640843553445,26031676
shift+dropout,reset_memory,35,1.3010349607986822,0.9484132620894956,26031676
shift+dropout,action_model,34,1.569795800338647,0.9620770475466974,26039595
shift+dropout,shuffled_action,34,1.21818220492922,1.9293361476150142,26039595
shift+dropout,action_blind,34,2.037032157127638,1.814101143500201,26039595
shift+dropout,reset_memory,34,1.3997226588616416,1.1845401353484823,26039595
shift+dropout,action_model,34,1.8145264226295768,0.5468279240142354,26047514
shift+dropout,shuffled_action,34,1.1884835706670214,1.7722422895305097,26047514
shift+dropout,action_blind,34,1.7336722800939655,1.7588912339442988,26047514
shift+dropout,reset_memory,34,1.1161530594881053,0.9629286490867972,26047514
shift+dropout,action_model,32,1.6212914447191817,0.5292336081006307,26055433
shift+dropout,shuffled_action,32,1.4231670374354952,1.224532164499082,26055433
shift+dropout,action_blind,32,1.8428889498580345,1.6720930391404207,26055433
shift+dropout,reset_memory,32,1.183355168863706,1.012170201275211,26055433
shift+dropout,action_model,21,1.9249845995853692,0.541601900390436,26063352
shift+dropout,shuffled_action,21,0.8985510439466365,1.5398030385265447,26063352
shift+dropout,action_blind,21,1.5559935563312564,1.2383543974192401,26063352
shift+dropout,reset_memory,21,0.836686161601837,0.960761784572204,26063352
shift+dropout,action_model,23,1.6043466110420905,1.0591042458368887,26071271
shift+dropout,shuffled_action,23,1.4077148258038636,1.4839687914448285,26071271
shift+dropout,action_blind,23,2.087375352396553,1.7285259504523283,26071271
shift+dropout,reset_memory,23,1.332465788627355,1.2133543421282063,26071271
shift+dropout,action_model,38,1.287697000711097,0.49789629221689763,26079190
shift+dropout,shuffled_action,38,2.0641099291635605,1.451349811667797,26079190
shift+dropout,action_blind,38,2.049020304805612,2.0376114058323025,26079190
shift+dropout,reset_memory,38,1.1770438007934043,1.2130826162226598,26079190
shift+dropout,action_model,34,1.9008792502991585,0.4298902082474506,26087109
shift+dropout,shuffled_action,34,1.2598036496623117,1.93320854201878,26087109
shift+dropout,action_blind,34,1.8524282017152593,1.878101402959686,26087109
shift+dropout,reset_memory,34,1.2738599448567354,1.1779407664256172,26087109
shift+dropout,action_model,30,1.8841149701181286,0.6083439398436955,26095028
shift+dropout,shuffled_action,30,1.433391008179039,2.2344470156564986,26095028
shift+dropout,action_blind,30,1.7759056800749677,1.7339311825765686,26095028
shift+dropout,reset_memory,30,1.143071523442335,1.0904309364722542,26095028
shift+dropout,action_model,34,1.2841684930756674,0.358494474335815,26102947
shift+dropout,shuffled_action,34,0.9712900299573477,1.4733722857951816,26102947
shift+dropout,action_blind,34,1.4722933282619988,1.4111227687788213,26102947
shift+dropout,reset_memory,34,0.8973830218039707,0.8327764927107205,26102947
shift+dropout,action_model,25,1.897818659769813,0.5484087125239161,26110866
shift+dropout,shuffled_action,25,2.1222975118398066,0.9972314221146825,26110866
shift+dropout,action_blind,25,1.8431821197477012,1.3467594704174854,26110866
shift+dropout,reset_memory,25,1.1571508571048486,0.9312076701749016,26110866
shift+dropout,action_model,30,1.5569097550668023,0.7021787244902814,26118785
shift+dropout,shuffled_action,30,1.1274600493417273,1.692468951241598,26118785
shift+dropout,action_blind,30,1.8843172006596305,1.314837141653934,26118785
shift+dropout,reset_memory,30,1.1790121495071662,0.724261628395535,26118785
shift+dropout,action_model,42,1.4268929319899777,0.7191526125121349,26126704
shift+dropout,shuffled_action,42,1.7835047491708422,1.3234226022363926,26126704
shift+dropout,action_blind,42,2.1597669998581432,1.5736743718540676,26126704
shift+dropout,reset_memory,42,1.1829772102491192,1.077888483783126,26126704
shift+dropout,action_model,31,1.4127337882956597,0.6297891042955946,26134623
shift+dropout,shuffled_action,31,1.9456197756118607,0.8633194735218799,26134623
shift+dropout,action_blind,31,2.0532310811396797,1.422894826514784,26134623
shift+dropout,reset_memory,31,1.1235895617475538,1.0035864788198954,26134623
shift+dropout,action_model,38,1.2748387654378268,0.70283200245451,26142542
shift+dropout,shuffled_action,38,2.402861520323403,1.0271960142826537,26142542
shift+dropout,action_blind,38,1.8641472739790372,1.5914470717338682,26142542
shift+dropout,reset_memory,38,1.1393546029701582,1.0422600010963492,26142542
shift+dropout,action_model,35,1.206460263190113,0.9208249301633032,26150461
shift+dropout,shuffled_action,35,1.4120176206176311,1.8155631873143345,26150461
shift+dropout,action_blind,35,1.2608259368458916,2.033497069707126,26150461
shift+dropout,reset_memory,35,0.9322009695406568,1.3649910992067218,26150461
shift+dropout,action_model,24,1.5784076659437392,0.8069603947995933,26158380
shift+dropout,shuffled_action,24,2.0383922478535434,2.0911397653707993,26158380
shift+dropout,action_blind,24,1.768879416191064,2.066320975518887,26158380
shift+dropout,reset_memory,24,0.9474423035431918,1.272342118353901,26158380
shift+dropout,action_model,39,1.382339116706899,0.5648575376025866,26166299
shift+dropout,shuffled_action,39,2.104361885175792,1.28582396641615,26166299
shift+dropout,action_blind,39,2.076701202324182,1.440949241057729,26166299
shift+dropout,reset_memory,39,1.2430208536330545,0.9838972829132885,26166299
shift+dropout,action_model,33,1.2911452613976153,0.6020247093158178,26174218
shift+dropout,shuffled_action,33,1.954343233182129,0.9138858004423231,26174218
shift+dropout,action_blind,33,1.823794705055162,1.20561158171887,26174218
shift+dropout,reset_memory,33,0.9110196331396958,0.9075138496226927,26174218
shift+dropout,action_model,28,1.0529745918740305,0.7473323584498414,26182137
shift+dropout,shuffled_action,28,1.439131299965854,0.8154285443329078,26182137
shift+dropout,action_blind,28,1.4050052889618978,1.5033810548002187,26182137
shift+dropout,reset_memory,28,0.9892147133919796,0.8380467044234167,26182137
shift+dropout,action_model,29,1.3099255470915971,0.7625302970910243,27000000
shift+dropout,shuffled_action,29,0.8739441806431199,1.0535396650816045,27000000
shift+dropout,action_blind,29,1.1765494910495105,1.9936837021898042,27000000
shift+dropout,reset_memory,29,0.8488602145542798,1.124622585858554,27000000
shift+dropout,action_model,41,1.3856301487619238,0.3975138183452178,27007919
shift+dropout,shuffled_action,41,1.589352168077681,1.6876082076621202,27007919
shift+dropout,action_blind,41,1.6203129488955854,1.6340163307904423,27007919
shift+dropout,reset_memory,41,0.9691959095139209,0.9402455658573309,27007919
shift+dropout,action_model,37,1.1524134625480997,0.9510351654069485,27015838
shift+dropout,shuffled_action,37,1.6226258497361876,1.8941616727335875,27015838
shift+dropout,action_blind,37,1.8048402873566998,1.980032374408162,27015838
shift+dropout,reset_memory,37,1.1650317659161888,1.211278413641471,27015838
shift+dropout,action_model,30,1.6775737048397787,0.48067777654415794,27023757
shift+dropout,shuffled_action,30,1.6746284959481517,1.349802837014452,27023757
shift+dropout,action_blind,30,1.9619518900866373,1.6233614777611316,27023757
shift+dropout,reset_memory,30,1.243998725293836,1.0209073380813332,27023757
shift+dropout,action_model,40,1.4099244250986984,0.610176002232626,27031676
shift+dropout,shuffled_action,40,1.8030514265032633,1.3821088489104663,27031676
shift+dropout,action_blind,40,1.4168705511541393,1.995114048107777,27031676
shift+dropout,reset_memory,40,1.01730986673843,1.1646150187013822,27031676
shift+dropout,action_model,35,1.0358464325089707,0.5852346684698075,27039595
shift+dropout,shuffled_action,35,1.16515863387125,1.6033329652808224,27039595
shift+dropout,action_blind,35,1.722217314225598,1.663062649098383,27039595
shift+dropout,reset_memory,35,0.9621232252423487,1.0211918291977322,27039595
shift+dropout,action_model,28,1.7506797807805763,0.5773402985724806,27047514
shift+dropout,shuffled_action,28,1.8076448507352925,1.6678165842810548,27047514
shift+dropout,action_blind,28,2.475539604087811,1.9764084425564432,27047514
shift+dropout,reset_memory,28,1.3484771528666215,1.2472588860944518,27047514
shift+dropout,action_model,29,1.0899151813521062,0.5630515131020921,27055433
shift+dropout,shuffled_action,29,1.217985052587401,0.9754482063618938,27055433
shift+dropout,action_blind,29,1.6631713556207253,1.1802638637976932,27055433
shift+dropout,reset_memory,29,1.007213471976779,0.7740297057675445,27055433
shift+dropout,action_model,31,1.27733055703333,1.0541479627067472,27063352
shift+dropout,shuffled_action,31,1.9136864516894696,1.658187572843679,27063352
shift+dropout,action_blind,31,1.5471398717470008,1.8989617716642977,27063352
shift+dropout,reset_memory,31,0.9645615260062194,1.2082501027111585,27063352
shift+dropout,action_model,35,1.3769296540159344,0.9509146495593764,27071271
shift+dropout,shuffled_action,35,1.7036460095198873,1.7263139597135144,27071271
shift+dropout,action_blind,35,1.3630776453001563,2.4910356079589104,27071271
shift+dropout,reset_memory,35,0.9894052462069839,1.6389186916310778,27071271
shift+dropout,action_model,41,1.2494032569962799,0.5764462455749783,27079190
shift+dropout,shuffled_action,41,1.4776760824585682,1.3306440134002588,27079190
shift+dropout,action_blind,41,1.8037423495517644,1.4050849239415486,27079190
shift+dropout,reset_memory,41,0.9785449683065996,0.8676574915571119,27079190
shift+dropout,action_model,31,1.3056243290638974,0.3473786601821847,27087109
shift+dropout,shuffled_action,31,2.4308502416747144,1.2131779624052552,27087109
shift+dropout,action_blind,31,1.7990991717969562,1.2309405941536338,27087109
shift+dropout,reset_memory,31,1.1137223844173123,0.7623084983213475,27087109
shift+dropout,action_model,34,1.0821301857540417,0.567911903806345,27095028
shift+dropout,shuffled_action,34,1.7039303346873047,1.464434350375449,27095028
shift+dropout,action_blind,34,1.4114080708058572,1.9267843918227008,27095028
shift+dropout,reset_memory,34,0.9008336858705018,1.1292380265468216,27095028
shift+dropout,action_model,31,1.9834951567632368,0.7096609608228915,27102947
shift+dropout,shuffled_action,31,1.2125591949105323,1.4507947981250338,27102947
shift+dropout,action_blind,31,2.046402725674345,1.5743900634593768,27102947
shift+dropout,reset_memory,31,1.4101798951540512,1.0394199894234832,27102947
shift+dropout,action_model,37,1.3724939685685735,0.597072822312958,27110866
shift+dropout,shuffled_action,37,1.3091999340043972,1.197609823211347,27110866
shift+dropout,action_blind,37,1.8297882258591678,1.445216902260477,27110866
shift+dropout,reset_memory,37,1.0979819547604937,1.1331201568905622,27110866
shift+dropout,action_model,37,1.2049506032264214,0.7137452276763362,27118785
shift+dropout,shuffled_action,37,1.313228521505399,1.950240915227264,27118785
shift+dropout,action_blind,37,1.805036941806824,1.887416966978032,27118785
shift+dropout,reset_memory,37,1.1376249164071375,1.063196773979042,27118785
shift+dropout,action_model,34,1.6069269804245823,0.9266664591947277,27126704
shift+dropout,shuffled_action,34,1.4947060506688334,1.3366717938214931,27126704
shift+dropout,action_blind,34,1.8599640208195012,1.6553401904855432,27126704
shift+dropout,reset_memory,34,1.0010685149039684,1.1127636559591423,27126704
shift+dropout,action_model,25,1.1691116624439621,0.6545362984453293,27134623
shift+dropout,shuffled_action,25,0.8693012217933024,2.001351165621013,27134623
shift+dropout,action_blind,25,1.6191070259657767,1.9308162858676063,27134623
shift+dropout,reset_memory,25,0.806916531632911,1.2432825519860609,27134623
shift+dropout,action_model,30,2.155653703126344,0.3545132014766162,27142542
shift+dropout,shuffled_action,30,1.856885005513109,1.3432249307881903,27142542
shift+dropout,action_blind,30,1.9418035475578808,1.569114833382283,27142542
shift+dropout,reset_memory,30,1.2567298877790987,0.9457668521630891,27142542
shift+dropout,action_model,28,1.6164838632314866,0.7013683458578102,27150461
shift+dropout,shuffled_action,28,1.598677884759246,2.014972593782276,27150461
shift+dropout,action_blind,28,1.7232105903188426,1.6512733539885367,27150461
shift+dropout,reset_memory,28,1.0161554091593998,1.0537267641208108,27150461
shift+dropout,action_model,32,0.9699983936179921,0.8496620244028714,27158380
shift+dropout,shuffled_action,32,2.0611668564971675,1.2201755896652715,27158380
shift+dropout,action_blind,32,1.5823497979550223,1.310865942166732,27158380
shift+dropout,reset_memory,32,0.8824552033096685,0.8445227263492258,27158380
shift+dropout,action_model,34,1.1919835184808178,1.3214495634921588,27166299
shift+dropout,shuffled_action,34,1.779263540838493,1.5201396102045346,27166299
shift+dropout,action_blind,34,1.893128227805256,1.903868655773175,27166299
shift+dropout,reset_memory,34,1.1568489194177363,1.3784481220436084,27166299
shift+dropout,action_model,29,1.0554873307352877,0.8470927151015482,27174218
shift+dropout,shuffled_action,29,2.301604569998407,1.3861349849390012,27174218
shift+dropout,action_blind,29,1.1852806233840243,1.8695377537715812,27174218
shift+dropout,reset_memory,29,0.7309036488370444,1.1102322686222061,27174218
shift+dropout,action_model,39,1.435707874231122,0.2960293058455927,27182137
shift+dropout,shuffled_action,39,1.5911492367104432,1.4151723797804023,27182137
shift+dropout,action_blind,39,1.5808628898586135,1.476714359483284,27182137
shift+dropout,reset_memory,39,1.1649986181142318,0.874457582634062,27182137
shift+dropout,action_model,31,1.795867824612903,0.8080477232071053,28000000
shift+dropout,shuffled_action,31,1.3395721277531163,1.9760654218639142,28000000
shift+dropout,action_blind,31,1.5905729553037615,1.410876471720496,28000000
shift+dropout,reset_memory,31,1.0605817965229816,1.151386013030967,28000000
shift+dropout,action_model,35,1.281591608404273,0.4689062115467233,28007919
shift+dropout,shuffled_action,35,1.069963786786378,1.497477118789626,28007919
shift+dropout,action_blind,35,1.4755371206451833,1.476551836796107,28007919
shift+dropout,reset_memory,35,0.9564445289558325,1.0026439274043133,28007919
shift+dropout,action_model,41,1.282312954921855,0.47400434952483383,28015838
shift+dropout,shuffled_action,41,1.6951444431765033,1.2154088303472694,28015838
shift+dropout,action_blind,41,2.2602803946581944,1.5837671987740456,28015838
shift+dropout,reset_memory,41,1.1740066361227015,0.9862975886974792,28015838
shift+dropout,action_model,33,1.2355295853046009,0.42723917124685595,28023757
shift+dropout,shuffled_action,33,2.3807509559798787,0.6900034860495403,28023757
shift+dropout,action_blind,33,1.4504125761698374,1.4035472123807264,28023757
shift+dropout,reset_memory,33,1.1905533345288806,0.7020158662246403,28023757
shift+dropout,action_model,33,1.2106345046733382,0.36153399732728736,28031676
shift+dropout,shuffled_action,33,1.412190413585694,1.1404288784046814,28031676
shift+dropout,action_blind,33,1.7398839263382273,1.347667879171729,28031676
shift+dropout,reset_memory,33,1.0278384846712687,0.7926076650057754,28031676
shift+dropout,action_model,23,0.6785659703414979,0.8260222782903283,28039595
shift+dropout,shuffled_action,23,1.7658286769250697,1.3099983986243056,28039595
shift+dropout,action_blind,23,1.5628857037504278,1.354343706635307,28039595
shift+dropout,reset_memory,23,1.0097814013869453,0.7785428496654782,28039595
shift+dropout,action_model,35,0.9795815583078759,0.7349444627816988,28047514
shift+dropout,shuffled_action,35,1.3565099242101657,1.1546255222473365,28047514
shift+dropout,action_blind,35,1.3250604099223817,1.7196147466497789,28047514
shift+dropout,reset_memory,35,0.7909709479036506,1.1563279680914351,28047514
shift+dropout,action_model,33,1.0473390634612922,0.5423032011051857,28055433
shift+dropout,shuffled_action,33,0.8395939119546335,1.3812901517684602,28055433
shift+dropout,action_blind,33,0.923074571399921,1.596562376389066,28055433
shift+dropout,reset_memory,33,0.7195841948428319,1.1574898107500884,28055433
shift+dropout,action_model,19,1.5285151775304777,1.2348354012425136,28063352
shift+dropout,shuffled_action,19,2.019807497123817,1.3410216441201561,28063352
shift+dropout,action_blind,19,1.165863136512412,1.5269718019234744,28063352
shift+dropout,reset_memory,19,0.8497462667880339,1.1683573526035513,28063352
shift+dropout,action_model,26,1.551869904534296,0.5878180742086424,28071271
shift+dropout,shuffled_action,26,1.6741717823226827,1.1573150258130243,28071271
shift+dropout,action_blind,26,2.0043327839693754,2.1186276335942895,28071271
shift+dropout,reset_memory,26,1.198431369879719,1.1437730993784925,28071271
shift+dropout,action_model,35,1.0891546275855541,0.5439310519621732,28079190
shift+dropout,shuffled_action,35,0.9142416585131985,1.6376996987303176,28079190
shift+dropout,action_blind,35,1.6429584836246482,1.7143021623463415,28079190
shift+dropout,reset_memory,35,0.9311026173852791,1.060197593142925,28079190
shift+dropout,action_model,26,0.9979939318944852,0.87930859405693,28087109
shift+dropout,shuffled_action,26,1.5437167633771112,2.942742134031293,28087109
shift+dropout,action_blind,26,1.4304474634433881,2.2265064577092244,28087109
shift+dropout,reset_memory,26,0.8480547358053813,1.2452082132936066,28087109
shift+dropout,action_model,30,1.3163834124864182,0.5481010743670123,28095028
shift+dropout,shuffled_action,30,0.8529442653281859,1.3327781446747051,28095028
shift+dropout,action_blind,30,1.383177173569015,1.6498495828224398,28095028
shift+dropout,reset_memory,30,0.92965073908201,0.9698018748526107,28095028
shift+dropout,action_model,26,1.4498638135944075,0.5374174237026678,28102947
shift+dropout,shuffled_action,26,1.5344455738256537,1.415994058601999,28102947
shift+dropout,action_blind,26,1.6608120038873069,1.5177405214058906,28102947
shift+dropout,reset_memory,26,1.0397099782208157,0.9876213967844181,28102947
shift+dropout,action_model,38,1.0668381257340593,0.9153662801839618,28110866
shift+dropout,shuffled_action,38,1.167326880496498,1.4174888454012415,28110866
shift+dropout,action_blind,38,1.8540309746886092,1.4288130765024543,28110866
shift+dropout,reset_memory,38,1.2925128325727446,1.079082576321183,28110866
shift+dropout,action_model,37,0.8553165780132655,1.2166699051486507,28118785
shift+dropout,shuffled_action,37,1.4513260990027033,1.5138187776570071,28118785
shift+dropout,action_blind,37,1.5035299604528132,1.313900259811572,28118785
shift+dropout,reset_memory,37,0.9493382810884436,0.9469988874556577,28118785
shift+dropout,action_model,30,1.132332360712865,1.2000144096682028,28126704
shift+dropout,shuffled_action,30,1.252156624965666,1.5096693016681937,28126704
shift+dropout,action_blind,30,1.4013592916698698,1.6712672072209036,28126704
shift+dropout,reset_memory,30,0.9446216380791438,1.2349402757332792,28126704
shift+dropout,action_model,31,1.1073279348950582,0.5083602863686795,28134623
shift+dropout,shuffled_action,31,1.9072994922721174,1.3303015804917186,28134623
shift+dropout,action_blind,31,1.701803715732954,1.3798907237294267,28134623
shift+dropout,reset_memory,31,0.9611240033924668,1.0027839514804393,28134623
shift+dropout,action_model,31,1.8882591617574929,0.6589911855778999,28142542
shift+dropout,shuffled_action,31,1.5649006537368968,1.077607783201754,28142542
shift+dropout,action_blind,31,1.9484265950775799,1.5318323845047785,28142542
shift+dropout,reset_memory,31,1.1507884681917964,0.9720772757515174,28142542
shift+dropout,action_model,31,0.9477528832478503,0.8850240160259711,28150461
shift+dropout,shuffled_action,31,2.0449161867114767,1.2856844471988567,28150461
shift+dropout,action_blind,31,1.8732107510003362,1.418988488364727,28150461
shift+dropout,reset_memory,31,1.135018773578083,0.9655025312212773,28150461
shift+dropout,action_model,31,1.4010893319767703,1.0547080480867386,28158380
shift+dropout,shuffled_action,31,1.164518288801306,2.0669049149991197,28158380
shift+dropout,action_blind,31,1.3830849279588782,1.6942515082657634,28158380
shift+dropout,reset_memory,31,0.9265847542070912,1.20140495446312,28158380
shift+dropout,action_model,31,1.633942763459109,0.5645980615600825,28166299
shift+dropout,shuffled_action,31,1.4891436193953564,1.7616309315814094,28166299
shift+dropout,action_blind,31,1.890568164444225,1.7959632012560578,28166299
shift+dropout,reset_memory,31,1.1448017148866654,1.1224192219044855,28166299
shift+dropout,action_model,33,1.3630314721662562,0.6386286110840751,28174218
shift+dropout,shuffled_action,33,1.281012591010921,2.248358973492353,28174218
shift+dropout,action_blind,33,1.5997761226247023,1.685101679365497,28174218
shift+dropout,reset_memory,33,0.9747514869553707,0.9267419414793956,28174218
shift+dropout,action_model,33,1.735889075421449,0.8922877450390923,28182137
shift+dropout,shuffled_action,33,2.0338132954835992,1.4230049173479946,28182137
shift+dropout,action_blind,33,1.6411653087044253,1.536324451141999,28182137
shift+dropout,reset_memory,33,1.0242972033289914,1.0809132927153424,28182137
