seed,comparator_stable_food,comparator_stable_survival,comparator_reversal_food,comparator_reversal_survival,naive_stable_food,naive_stable_survival,naive_reversal_food,naive_reversal_survival,evolved_reversal_food
870000,8.296875,1.0,7.858072916666667,1.0,4.205729166666667,0.7454427083333334,2.01171875,0.748046875,7.608072916666667
870071,8.296875,1.0,7.819010416666667,1.0,4.1171875,0.7408854166666666,1.9739583333333333,0.7447916666666666,1.9583333333333333
870142,8.30078125,1.0,7.856770833333333,1.0,4.346354166666667,0.7545572916666666,1.9765625,0.7421875,7.654947916666667
870213,8.30859375,1.0,7.87890625,1.0,4.126302083333333,0.7421875,2.1119791666666665,0.7584635416666666,7.61328125
870284,8.315104166666666,1.0,7.858072916666667,1.0,4.180989583333333,0.7454427083333334,1.9973958333333333,0.748046875,6.963541666666667
870355,8.252604166666666,1.0,7.837239583333333,1.0,4.044270833333333,0.7369791666666666,2.0208333333333335,0.7473958333333334,7.080729166666667
870426,8.391927083333334,1.0,7.83984375,1.0,4.393229166666667,0.7552083333333334,2.0169270833333335,0.7467447916666666,3.44921875
870497,8.3125,1.0,7.822916666666667,1.0,4.3046875,0.7532552083333334,2.0208333333333335,0.7486979166666666,6.192708333333333
870568,8.319010416666666,1.0,7.865885416666667,1.0,4.345052083333333,0.75390625,2.15234375,0.7643229166666666,7.565104166666667
870639,8.350260416666666,1.0,7.805989583333333,1.0,4.213541666666667,0.7447916666666666,2.0546875,0.7506510416666666,2.0481770833333335
870710,8.295572916666666,1.0,7.8984375,1.0,3.9505208333333335,0.7311197916666666,2.1119791666666665,0.7545572916666666,7.811197916666667
870781,8.32421875,1.0,7.858072916666667,1.0,4.321614583333333,0.751953125,2.0221354166666665,0.7454427083333334,6.098958333333333
870852,8.34375,1.0,7.87890625,1.0,4.212239583333333,0.7454427083333334,2.0377604166666665,0.7473958333333334,7.625
870923,8.29296875,1.0,7.848958333333333,1.0,3.9544270833333335,0.7311197916666666,2.1171875,0.76171875,2.1015625
870994,8.338541666666666,1.0,7.865885416666667,1.0,4.415364583333333,0.7565104166666666,2.0325520833333335,0.7486979166666666,7.484375
871065,8.326822916666666,1.0,7.865885416666667,1.0,4.397135416666667,0.7545572916666666,2.08203125,0.7526041666666666,5.359375
871136,8.354166666666666,1.0,7.9140625,1.0,4.3203125,0.751953125,1.9947916666666667,0.7415364583333334,2.0234375
871207,8.338541666666666,1.0,7.782552083333333,1.0,4.15625,0.7428385416666666,1.9388020833333333,0.7356770833333334,6.751302083333333
871278,8.265625,1.0,7.828125,1.0,4.19921875,0.74609375,2.17578125,0.767578125,2.1510416666666665
871349,8.25,1.0,7.79296875,1.0,4.21875,0.7486979166666666,2.1432291666666665,0.7630208333333334,1.9322916666666667
871420,8.296875,1.0,7.825520833333333,1.0,4.220052083333333,0.7467447916666666,1.96875,0.7415364583333334,7.130208333333333
871491,8.302083333333334,1.0,7.877604166666667,1.0,4.247395833333333,0.7493489583333334,2.1263020833333335,0.7604166666666666,1.9635416666666667
871562,8.278645833333334,1.0,7.822916666666667,1.0,4.481770833333333,0.7623697916666666,2.0208333333333335,0.7473958333333334,7.475260416666667
871633,8.34375,1.0,7.852864583333333,1.0,4.421875,0.7584635416666666,1.9908854166666667,0.7434895833333334,7.716145833333333
871704,8.32421875,1.0,7.8828125,1.0,4.401041666666667,0.7584635416666666,2.109375,0.759765625,3.515625
871775,8.3125,1.0,7.884114583333333,1.0,4.348958333333333,0.755859375,2.0533854166666665,0.7506510416666666,1.96484375
871846,8.247395833333334,1.0,7.87890625,1.0,4.075520833333333,0.740234375,2.0078125,0.74609375,2.2799479166666665
871917,8.291666666666666,1.0,7.880208333333333,1.0,4.07421875,0.7395833333333334,2.0390625,0.7467447916666666,2.3151041666666665
871988,8.28515625,1.0,7.834635416666667,1.0,4.334635416666667,0.7552083333333334,2.0520833333333335,0.7506510416666666,2.0598958333333335
872059,8.348958333333334,1.0,7.90234375,1.0,4.419270833333333,0.7578125,2.2109375,0.771484375,3.0989583333333335
872130,8.270833333333334,1.0,7.860677083333333,1.0,4.095052083333333,0.740234375,2.0833333333333335,0.7552083333333334,7.688802083333333
872201,8.354166666666666,1.0,7.87890625,1.0,4.368489583333333,0.755859375,2.1393229166666665,0.7571614583333334,7.634114583333333
