model,training_seed,epochs,validation_accuracy,shift_accuracy,shift_policy_food,final_loss
memoryless,80808,36,0.4189095928226363,0.3855060034305317,0.20833333333333334,1.0395433617342518
memoryless,80908,36,0.38716356107660455,0.36792452830188677,0.25,1.0679071125136592
memoryless,81008,36,0.3747412008281574,0.32075471698113206,0.5833333333333334,1.128326677771232
history,80808,36,0.41200828157349895,0.36192109777015435,0.16666666666666666,1.0290711663852747
history,80908,36,0.3947550034506556,0.3683533447684391,0.16666666666666666,0.9963109780939373
history,81008,36,0.4209799861973775,0.3769296740994854,0.2916666666666667,1.0430834099353155
recurrent,80808,36,0.4251207729468599,0.3293310463121784,0.20833333333333334,0.8966294708457153
recurrent,80908,36,0.4830917874396135,0.39236706689536877,0.20833333333333334,0.8443527393463075
recurrent,81008,36,0.391304347826087,0.30017152658662094,0.25,0.966497997360581
