alarm_steps,mode,n_alarms,n_predictions,seed,shifted
,slow,0,29,31000000,0
,fast,0,29,31000000,0
,adaptive_gain,0,29,31000000,0
,surprise_reset,0,29,31000000,0
,memoryless,0,29,31000000,0
,slow,0,28,31000000,1
,fast,0,28,31000000,1
,adaptive_gain,0,28,31000000,1
26,surprise_reset,1,28,31000000,1
,memoryless,0,28,31000000,1
,slow,0,39,31000479,0
,fast,0,39,31000479,0
,adaptive_gain,0,39,31000479,0
,surprise_reset,0,39,31000479,0
,memoryless,0,39,31000479,0
,slow,0,38,31000479,1
,fast,0,38,31000479,1
,adaptive_gain,0,38,31000479,1
27,surprise_reset,1,38,31000479,1
,memoryless,0,38,31000479,1
,slow,0,39,31000958,0
,fast,0,39,31000958,0
,adaptive_gain,0,39,31000958,0
,surprise_reset,0,39,31000958,0
,memoryless,0,39,31000958,0
,slow,0,45,31000958,1
,fast,0,45,31000958,1
,adaptive_gain,0,45,31000958,1
28,surprise_reset,1,45,31000958,1
,memoryless,0,45,31000958,1
,slow,0,35,31001437,0
,fast,0,35,31001437,0
,adaptive_gain,0,35,31001437,0
,surprise_reset,0,35,31001437,0
,memoryless,0,35,31001437,0
,slow,0,39,31001437,1
,fast,0,39,31001437,1
,adaptive_gain,0,39,31001437,1
26,surprise_reset,1,39,31001437,1
,memoryless,0,39,31001437,1
,slow,0,40,31001916,0
,fast,0,40,31001916,0
,adaptive_gain,0,40,31001916,0
,surprise_reset,0,40,31001916,0
,memoryless,0,40,31001916,0
,slow,0,37,31001916,1
,fast,0,37,31001916,1
,adaptive_gain,0,37,31001916,1
40,surprise_reset,1,37,31001916,1
,memoryless,0,37,31001916,1
,slow,0,26,31002395,0
,fast,0,26,31002395,0
,adaptive_gain,0,26,31002395,0
,surprise_reset,0,26,31002395,0
,memoryless,0,26,31002395,0
,slow,0,29,31002395,1
,fast,0,29,31002395,1
,adaptive_gain,0,29,31002395,1
,surprise_reset,0,29,31002395,1
,memoryless,0,29,31002395,1
,slow,0,27,31002874,0
,fast,0,27,31002874,0
,adaptive_gain,0,27,31002874,0
37,surprise_reset,1,27,31002874,0
,memoryless,0,27,31002874,0
,slow,0,30,31002874,1
,fast,0,30,31002874,1
,adaptive_gain,0,30,31002874,1
28,surprise_reset,1,30,31002874,1
,memoryless,0,30,31002874,1
,slow,0,28,31003353,0
,fast,0,28,31003353,0
,adaptive_gain,0,28,31003353,0
,surprise_reset,0,28,31003353,0
,memoryless,0,28,31003353,0
,slow,0,31,31003353,1
,fast,0,31,31003353,1
,adaptive_gain,0,31,31003353,1
29,surprise_reset,1,31,31003353,1
,memoryless,0,31,31003353,1
,slow,0,26,31003832,0
,fast,0,26,31003832,0
,adaptive_gain,0,26,31003832,0
,surprise_reset,0,26,31003832,0
,memoryless,0,26,31003832,0
,slow,0,28,31003832,1
,fast,0,28,31003832,1
,adaptive_gain,0,28,31003832,1
26,surprise_reset,1,28,31003832,1
,memoryless,0,28,31003832,1
,slow,0,41,31004311,0
,fast,0,41,31004311,0
,adaptive_gain,0,41,31004311,0
,surprise_reset,0,41,31004311,0
,memoryless,0,41,31004311,0
,slow,0,37,31004311,1
,fast,0,37,31004311,1
,adaptive_gain,0,37,31004311,1
,surprise_reset,0,37,31004311,1
,memoryless,0,37,31004311,1
,slow,0,33,31004790,0
,fast,0,33,31004790,0
,adaptive_gain,0,33,31004790,0
,surprise_reset,0,33,31004790,0
,memoryless,0,33,31004790,0
,slow,0,30,31004790,1
,fast,0,30,31004790,1
,adaptive_gain,0,30,31004790,1
28,surprise_reset,1,30,31004790,1
,memoryless,0,30,31004790,1
,slow,0,33,31005269,0
,fast,0,33,31005269,0
,adaptive_gain,0,33,31005269,0
,surprise_reset,0,33,31005269,0
,memoryless,0,33,31005269,0
,slow,0,32,31005269,1
,fast,0,32,31005269,1
,adaptive_gain,0,32,31005269,1
,surprise_reset,0,32,31005269,1
,memoryless,0,32,31005269,1
,slow,0,29,31005748,0
,fast,0,29,31005748,0
,adaptive_gain,0,29,31005748,0
,surprise_reset,0,29,31005748,0
,memoryless,0,29,31005748,0
,slow,0,35,31005748,1
,fast,0,35,31005748,1
,adaptive_gain,0,35,31005748,1
,surprise_reset,0,35,31005748,1
,memoryless,0,35,31005748,1
,slow,0,39,31006227,0
,fast,0,39,31006227,0
,adaptive_gain,0,39,31006227,0
,surprise_reset,0,39,31006227,0
,memoryless,0,39,31006227,0
,slow,0,39,31006227,1
,fast,0,39,31006227,1
,adaptive_gain,0,39,31006227,1
,surprise_reset,0,39,31006227,1
,memoryless,0,39,31006227,1
,slow,0,31,31006706,0
,fast,0,31,31006706,0
,adaptive_gain,0,31,31006706,0
,surprise_reset,0,31,31006706,0
,memoryless,0,31,31006706,0
,slow,0,34,31006706,1
,fast,0,34,31006706,1
,adaptive_gain,0,34,31006706,1
,surprise_reset,0,34,31006706,1
,memoryless,0,34,31006706,1
,slow,0,27,31007185,0
,fast,0,27,31007185,0
,adaptive_gain,0,27,31007185,0
,surprise_reset,0,27,31007185,0
,memoryless,0,27,31007185,0
,slow,0,30,31007185,1
,fast,0,30,31007185,1
,adaptive_gain,0,30,31007185,1
27,surprise_reset,1,30,31007185,1
,memoryless,0,30,31007185,1
,slow,0,31,31007664,0
,fast,0,31,31007664,0
,adaptive_gain,0,31,31007664,0
,surprise_reset,0,31,31007664,0
,memoryless,0,31,31007664,0
,slow,0,32,31007664,1
,fast,0,32,31007664,1
,adaptive_gain,0,32,31007664,1
28,surprise_reset,1,32,31007664,1
,memoryless,0,32,31007664,1
,slow,0,34,31008143,0
,fast,0,34,31008143,0
,adaptive_gain,0,34,31008143,0
,surprise_reset,0,34,31008143,0
,memoryless,0,34,31008143,0
,slow,0,33,31008143,1
,fast,0,33,31008143,1
,adaptive_gain,0,33,31008143,1
,surprise_reset,0,33,31008143,1
,memoryless,0,33,31008143,1
,slow,0,34,31008622,0
,fast,0,34,31008622,0
,adaptive_gain,0,34,31008622,0
,surprise_reset,0,34,31008622,0
,memoryless,0,34,31008622,0
,slow,0,31,31008622,1
,fast,0,31,31008622,1
,adaptive_gain,0,31,31008622,1
26,surprise_reset,1,31,31008622,1
,memoryless,0,31,31008622,1
,slow,0,30,31009101,0
,fast,0,30,31009101,0
,adaptive_gain,0,30,31009101,0
,surprise_reset,0,30,31009101,0
,memoryless,0,30,31009101,0
,slow,0,32,31009101,1
,fast,0,32,31009101,1
,adaptive_gain,0,32,31009101,1
27,surprise_reset,1,32,31009101,1
,memoryless,0,32,31009101,1
,slow,0,34,31009580,0
,fast,0,34,31009580,0
,adaptive_gain,0,34,31009580,0
,surprise_reset,0,34,31009580,0
,memoryless,0,34,31009580,0
,slow,0,33,31009580,1
,fast,0,33,31009580,1
,adaptive_gain,0,33,31009580,1
,surprise_reset,0,33,31009580,1
,memoryless,0,33,31009580,1
,slow,0,33,31010059,0
,fast,0,33,31010059,0
,adaptive_gain,0,33,31010059,0
,surprise_reset,0,33,31010059,0
,memoryless,0,33,31010059,0
,slow,0,29,31010059,1
,fast,0,29,31010059,1
,adaptive_gain,0,29,31010059,1
,surprise_reset,0,29,31010059,1
,memoryless,0,29,31010059,1
,slow,0,33,31010538,0
,fast,0,33,31010538,0
,adaptive_gain,0,33,31010538,0
,surprise_reset,0,33,31010538,0
,memoryless,0,33,31010538,0
,slow,0,34,31010538,1
,fast,0,34,31010538,1
,adaptive_gain,0,34,31010538,1
30,surprise_reset,1,34,31010538,1
,memoryless,0,34,31010538,1
,slow,0,40,31011017,0
,fast,0,40,31011017,0
,adaptive_gain,0,40,31011017,0
,surprise_reset,0,40,31011017,0
,memoryless,0,40,31011017,0
,slow,0,43,31011017,1
,fast,0,43,31011017,1
,adaptive_gain,0,43,31011017,1
26,surprise_reset,1,43,31011017,1
,memoryless,0,43,31011017,1
,slow,0,31,32000000,0
,fast,0,31,32000000,0
,adaptive_gain,0,31,32000000,0
,surprise_reset,0,31,32000000,0
,memoryless,0,31,32000000,0
,slow,0,36,32000000,1
,fast,0,36,32000000,1
,adaptive_gain,0,36,32000000,1
33,surprise_reset,1,36,32000000,1
,memoryless,0,36,32000000,1
,slow,0,30,32000479,0
,fast,0,30,32000479,0
,adaptive_gain,0,30,32000479,0
,surprise_reset,0,30,32000479,0
,memoryless,0,30,32000479,0
,slow,0,34,32000479,1
,fast,0,34,32000479,1
,adaptive_gain,0,34,32000479,1
32,surprise_reset,1,34,32000479,1
,memoryless,0,34,32000479,1
,slow,0,36,32000958,0
,fast,0,36,32000958,0
,adaptive_gain,0,36,32000958,0
,surprise_reset,0,36,32000958,0
,memoryless,0,36,32000958,0
,slow,0,36,32000958,1
,fast,0,36,32000958,1
,adaptive_gain,0,36,32000958,1
,surprise_reset,0,36,32000958,1
,memoryless,0,36,32000958,1
,slow,0,26,32001437,0
,fast,0,26,32001437,0
,adaptive_gain,0,26,32001437,0
,surprise_reset,0,26,32001437,0
,memoryless,0,26,32001437,0
,slow,0,27,32001437,1
,fast,0,27,32001437,1
,adaptive_gain,0,27,32001437,1
,surprise_reset,0,27,32001437,1
,memoryless,0,27,32001437,1
,slow,0,31,32001916,0
,fast,0,31,32001916,0
,adaptive_gain,0,31,32001916,0
,surprise_reset,0,31,32001916,0
,memoryless,0,31,32001916,0
,slow,0,31,32001916,1
,fast,0,31,32001916,1
,adaptive_gain,0,31,32001916,1
,surprise_reset,0,31,32001916,1
,memoryless,0,31,32001916,1
,slow,0,31,32002395,0
,fast,0,31,32002395,0
,adaptive_gain,0,31,32002395,0
,surprise_reset,0,31,32002395,0
,memoryless,0,31,32002395,0
,slow,0,33,32002395,1
,fast,0,33,32002395,1
,adaptive_gain,0,33,32002395,1
30,surprise_reset,1,33,32002395,1
,memoryless,0,33,32002395,1
,slow,0,33,32002874,0
,fast,0,33,32002874,0
,adaptive_gain,0,33,32002874,0
,surprise_reset,0,33,32002874,0
,memoryless,0,33,32002874,0
,slow,0,32,32002874,1
,fast,0,32,32002874,1
,adaptive_gain,0,32,32002874,1
,surprise_reset,0,32,32002874,1
,memoryless,0,32,32002874,1
,slow,0,30,32003353,0
,fast,0,30,32003353,0
,adaptive_gain,0,30,32003353,0
,surprise_reset,0,30,32003353,0
,memoryless,0,30,32003353,0
,slow,0,27,32003353,1
,fast,0,27,32003353,1
,adaptive_gain,0,27,32003353,1
,surprise_reset,0,27,32003353,1
,memoryless,0,27,32003353,1
,slow,0,34,32003832,0
,fast,0,34,32003832,0
,adaptive_gain,0,34,32003832,0
,surprise_reset,0,34,32003832,0
,memoryless,0,34,32003832,0
,slow,0,32,32003832,1
,fast,0,32,32003832,1
,adaptive_gain,0,32,32003832,1
27,surprise_reset,1,32,32003832,1
,memoryless,0,32,32003832,1
,slow,0,31,32004311,0
,fast,0,31,32004311,0
,adaptive_gain,0,31,32004311,0
,surprise_reset,0,31,32004311,0
,memoryless,0,31,32004311,0
,slow,0,33,32004311,1
,fast,0,33,32004311,1
,adaptive_gain,0,33,32004311,1
26,surprise_reset,1,33,32004311,1
,memoryless,0,33,32004311,1
,slow,0,30,32004790,0
,fast,0,30,32004790,0
,adaptive_gain,0,30,32004790,0
,surprise_reset,0,30,32004790,0
,memoryless,0,30,32004790,0
,slow,0,30,32004790,1
,fast,0,30,32004790,1
,adaptive_gain,0,30,32004790,1
35,surprise_reset,1,30,32004790,1
,memoryless,0,30,32004790,1
,slow,0,33,32005269,0
,fast,0,33,32005269,0
,adaptive_gain,0,33,32005269,0
,surprise_reset,0,33,32005269,0
,memoryless,0,33,32005269,0
,slow,0,35,32005269,1
,fast,0,35,32005269,1
,adaptive_gain,0,35,32005269,1
26,surprise_reset,1,35,32005269,1
,memoryless,0,35,32005269,1
,slow,0,36,32005748,0
,fast,0,36,32005748,0
,adaptive_gain,0,36,32005748,0
,surprise_reset,0,36,32005748,0
,memoryless,0,36,32005748,0
,slow,0,28,32005748,1
,fast,0,28,32005748,1
,adaptive_gain,0,28,32005748,1
,surprise_reset,0,28,32005748,1
,memoryless,0,28,32005748,1
,slow,0,41,32006227,0
,fast,0,41,32006227,0
,adaptive_gain,0,41,32006227,0
,surprise_reset,0,41,32006227,0
,memoryless,0,41,32006227,0
,slow,0,39,32006227,1
,fast,0,39,32006227,1
,adaptive_gain,0,39,32006227,1
,surprise_reset,0,39,32006227,1
,memoryless,0,39,32006227,1
,slow,0,40,32006706,0
,fast,0,40,32006706,0
,adaptive_gain,0,40,32006706,0
,surprise_reset,0,40,32006706,0
,memoryless,0,40,32006706,0
,slow,0,41,32006706,1
,fast,0,41,32006706,1
,adaptive_gain,0,41,32006706,1
26,surprise_reset,1,41,32006706,1
,memoryless,0,41,32006706,1
,slow,0,28,32007185,0
,fast,0,28,32007185,0
,adaptive_gain,0,28,32007185,0
,surprise_reset,0,28,32007185,0
,memoryless,0,28,32007185,0
,slow,0,26,32007185,1
,fast,0,26,32007185,1
,adaptive_gain,0,26,32007185,1
26,surprise_reset,1,26,32007185,1
,memoryless,0,26,32007185,1
,slow,0,38,32007664,0
,fast,0,38,32007664,0
,adaptive_gain,0,38,32007664,0
19,surprise_reset,1,38,32007664,0
,memoryless,0,38,32007664,0
,slow,0,38,32007664,1
,fast,0,38,32007664,1
,adaptive_gain,0,38,32007664,1
19,surprise_reset,1,38,32007664,1
,memoryless,0,38,32007664,1
,slow,0,32,32008143,0
,fast,0,32,32008143,0
,adaptive_gain,0,32,32008143,0
,surprise_reset,0,32,32008143,0
,memoryless,0,32,32008143,0
,slow,0,25,32008143,1
,fast,0,25,32008143,1
,adaptive_gain,0,25,32008143,1
,surprise_reset,0,25,32008143,1
,memoryless,0,25,32008143,1
,slow,0,27,32008622,0
,fast,0,27,32008622,0
,adaptive_gain,0,27,32008622,0
,surprise_reset,0,27,32008622,0
,memoryless,0,27,32008622,0
,slow,0,26,32008622,1
,fast,0,26,32008622,1
,adaptive_gain,0,26,32008622,1
,surprise_reset,0,26,32008622,1
,memoryless,0,26,32008622,1
,slow,0,31,32009101,0
,fast,0,31,32009101,0
,adaptive_gain,0,31,32009101,0
,surprise_reset,0,31,32009101,0
,memoryless,0,31,32009101,0
,slow,0,26,32009101,1
,fast,0,26,32009101,1
,adaptive_gain,0,26,32009101,1
,surprise_reset,0,26,32009101,1
,memoryless,0,26,32009101,1
,slow,0,41,32009580,0
,fast,0,41,32009580,0
,adaptive_gain,0,41,32009580,0
,surprise_reset,0,41,32009580,0
,memoryless,0,41,32009580,0
,slow,0,41,32009580,1
,fast,0,41,32009580,1
,adaptive_gain,0,41,32009580,1
27,surprise_reset,1,41,32009580,1
,memoryless,0,41,32009580,1
,slow,0,26,32010059,0
,fast,0,26,32010059,0
,adaptive_gain,0,26,32010059,0
,surprise_reset,0,26,32010059,0
,memoryless,0,26,32010059,0
,slow,0,31,32010059,1
,fast,0,31,32010059,1
,adaptive_gain,0,31,32010059,1
,surprise_reset,0,31,32010059,1
,memoryless,0,31,32010059,1
,slow,0,38,32010538,0
,fast,0,38,32010538,0
,adaptive_gain,0,38,32010538,0
,surprise_reset,0,38,32010538,0
,memoryless,0,38,32010538,0
,slow,0,37,32010538,1
,fast,0,37,32010538,1
,adaptive_gain,0,37,32010538,1
,surprise_reset,0,37,32010538,1
,memoryless,0,37,32010538,1
,slow,0,37,32011017,0
,fast,0,37,32011017,0
,adaptive_gain,0,37,32011017,0
,surprise_reset,0,37,32011017,0
,memoryless,0,37,32011017,0
,slow,0,34,32011017,1
,fast,0,34,32011017,1
,adaptive_gain,0,34,32011017,1
,surprise_reset,0,34,32011017,1
,memoryless,0,34,32011017,1
,slow,0,27,33000000,0
,fast,0,27,33000000,0
,adaptive_gain,0,27,33000000,0
,surprise_reset,0,27,33000000,0
,memoryless,0,27,33000000,0
,slow,0,29,33000000,1
,fast,0,29,33000000,1
,adaptive_gain,0,29,33000000,1
26,surprise_reset,1,29,33000000,1
,memoryless,0,29,33000000,1
,slow,0,27,33000479,0
,fast,0,27,33000479,0
,adaptive_gain,0,27,33000479,0
,surprise_reset,0,27,33000479,0
,memoryless,0,27,33000479,0
,slow,0,30,33000479,1
,fast,0,30,33000479,1
,adaptive_gain,0,30,33000479,1
,surprise_reset,0,30,33000479,1
,memoryless,0,30,33000479,1
,slow,0,33,33000958,0
,fast,0,33,33000958,0
,adaptive_gain,0,33,33000958,0
,surprise_reset,0,33,33000958,0
,memoryless,0,33,33000958,0
,slow,0,32,33000958,1
,fast,0,32,33000958,1
,adaptive_gain,0,32,33000958,1
26,surprise_reset,1,32,33000958,1
,memoryless,0,32,33000958,1
,slow,0,31,33001437,0
,fast,0,31,33001437,0
,adaptive_gain,0,31,33001437,0
,surprise_reset,0,31,33001437,0
,memoryless,0,31,33001437,0
,slow,0,30,33001437,1
,fast,0,30,33001437,1
,adaptive_gain,0,30,33001437,1
26,surprise_reset,1,30,33001437,1
,memoryless,0,30,33001437,1
,slow,0,25,33001916,0
,fast,0,25,33001916,0
,adaptive_gain,0,25,33001916,0
,surprise_reset,0,25,33001916,0
,memoryless,0,25,33001916,0
,slow,0,26,33001916,1
,fast,0,26,33001916,1
,adaptive_gain,0,26,33001916,1
26,surprise_reset,1,26,33001916,1
,memoryless,0,26,33001916,1
,slow,0,29,33002395,0
,fast,0,29,33002395,0
,adaptive_gain,0,29,33002395,0
,surprise_reset,0,29,33002395,0
,memoryless,0,29,33002395,0
,slow,0,24,33002395,1
,fast,0,24,33002395,1
,adaptive_gain,0,24,33002395,1
,surprise_reset,0,24,33002395,1
,memoryless,0,24,33002395,1
,slow,0,36,33002874,0
,fast,0,36,33002874,0
,adaptive_gain,0,36,33002874,0
,surprise_reset,0,36,33002874,0
,memoryless,0,36,33002874,0
,slow,0,41,33002874,1
,fast,0,41,33002874,1
,adaptive_gain,0,41,33002874,1
,surprise_reset,0,41,33002874,1
,memoryless,0,41,33002874,1
,slow,0,28,33003353,0
,fast,0,28,33003353,0
,adaptive_gain,0,28,33003353,0
,surprise_reset,0,28,33003353,0
,memoryless,0,28,33003353,0
,slow,0,30,33003353,1
,fast,0,30,33003353,1
,adaptive_gain,0,30,33003353,1
,surprise_reset,0,30,33003353,1
,memoryless,0,30,33003353,1
,slow,0,39,33003832,0
,fast,0,39,33003832,0
,adaptive_gain,0,39,33003832,0
,surprise_reset,0,39,33003832,0
,memoryless,0,39,33003832,0
,slow,0,41,33003832,1
,fast,0,41,33003832,1
,adaptive_gain,0,41,33003832,1
35,surprise_reset,1,41,33003832,1
,memoryless,0,41,33003832,1
,slow,0,23,33004311,0
,fast,0,23,33004311,0
,adaptive_gain,0,23,33004311,0
,surprise_reset,0,23,33004311,0
,memoryless,0,23,33004311,0
,slow,0,24,33004311,1
,fast,0,24,33004311,1
,adaptive_gain,0,24,33004311,1
,surprise_reset,0,24,33004311,1
,memoryless,0,24,33004311,1
,slow,0,24,33004790,0
,fast,0,24,33004790,0
,adaptive_gain,0,24,33004790,0
,surprise_reset,0,24,33004790,0
,memoryless,0,24,33004790,0
,slow,0,28,33004790,1
,fast,0,28,33004790,1
,adaptive_gain,0,28,33004790,1
27,surprise_reset,1,28,33004790,1
,memoryless,0,28,33004790,1
,slow,0,34,33005269,0
,fast,0,34,33005269,0
,adaptive_gain,0,34,33005269,0
,surprise_reset,0,34,33005269,0
,memoryless,0,34,33005269,0
,slow,0,35,33005269,1
,fast,0,35,33005269,1
,adaptive_gain,0,35,33005269,1
26,surprise_reset,1,35,33005269,1
,memoryless,0,35,33005269,1
,slow,0,28,33005748,0
,fast,0,28,33005748,0
,adaptive_gain,0,28,33005748,0
,surprise_reset,0,28,33005748,0
,memoryless,0,28,33005748,0
,slow,0,29,33005748,1
,fast,0,29,33005748,1
,adaptive_gain,0,29,33005748,1
,surprise_reset,0,29,33005748,1
,memoryless,0,29,33005748,1
,slow,0,24,33006227,0
,fast,0,24,33006227,0
,adaptive_gain,0,24,33006227,0
,surprise_reset,0,24,33006227,0
,memoryless,0,24,33006227,0
,slow,0,23,33006227,1
,fast,0,23,33006227,1
,adaptive_gain,0,23,33006227,1
,surprise_reset,0,23,33006227,1
,memoryless,0,23,33006227,1
,slow,0,28,33006706,0
,fast,0,28,33006706,0
,adaptive_gain,0,28,33006706,0
,surprise_reset,0,28,33006706,0
,memoryless,0,28,33006706,0
,slow,0,30,33006706,1
,fast,0,30,33006706,1
,adaptive_gain,0,30,33006706,1
,surprise_reset,0,30,33006706,1
,memoryless,0,30,33006706,1
,slow,0,31,33007185,0
,fast,0,31,33007185,0
,adaptive_gain,0,31,33007185,0
,surprise_reset,0,31,33007185,0
,memoryless,0,31,33007185,0
,slow,0,30,33007185,1
,fast,0,30,33007185,1
,adaptive_gain,0,30,33007185,1
27,surprise_reset,1,30,33007185,1
,memoryless,0,30,33007185,1
,slow,0,27,33007664,0
,fast,0,27,33007664,0
,adaptive_gain,0,27,33007664,0
,surprise_reset,0,27,33007664,0
,memoryless,0,27,33007664,0
,slow,0,31,33007664,1
,fast,0,31,33007664,1
,adaptive_gain,0,31,33007664,1
,surprise_reset,0,31,33007664,1
,memoryless,0,31,33007664,1
,slow,0,31,33008143,0
,fast,0,31,33008143,0
,adaptive_gain,0,31,33008143,0
,surprise_reset,0,31,33008143,0
,memoryless,0,31,33008143,0
,slow,0,33,33008143,1
,fast,0,33,33008143,1
,adaptive_gain,0,33,33008143,1
29,surprise_reset,1,33,33008143,1
,memoryless,0,33,33008143,1
,slow,0,28,33008622,0
,fast,0,28,33008622,0
,adaptive_gain,0,28,33008622,0
,surprise_reset,0,28,33008622,0
,memoryless,0,28,33008622,0
,slow,0,29,33008622,1
,fast,0,29,33008622,1
,adaptive_gain,0,29,33008622,1
,surprise_reset,0,29,33008622,1
,memoryless,0,29,33008622,1
,slow,0,34,33009101,0
,fast,0,34,33009101,0
,adaptive_gain,0,34,33009101,0
,surprise_reset,0,34,33009101,0
,memoryless,0,34,33009101,0
,slow,0,34,33009101,1
,fast,0,34,33009101,1
,adaptive_gain,0,34,33009101,1
,surprise_reset,0,34,33009101,1
,memoryless,0,34,33009101,1
,slow,0,19,33009580,0
,fast,0,19,33009580,0
,adaptive_gain,0,19,33009580,0
,surprise_reset,0,19,33009580,0
,memoryless,0,19,33009580,0
,slow,0,20,33009580,1
,fast,0,20,33009580,1
,adaptive_gain,0,20,33009580,1
,surprise_reset,0,20,33009580,1
,memoryless,0,20,33009580,1
,slow,0,31,33010059,0
,fast,0,31,33010059,0
,adaptive_gain,0,31,33010059,0
,surprise_reset,0,31,33010059,0
,memoryless,0,31,33010059,0
,slow,0,30,33010059,1
,fast,0,30,33010059,1
,adaptive_gain,0,30,33010059,1
26,surprise_reset,1,30,33010059,1
,memoryless,0,30,33010059,1
,slow,0,28,33010538,0
,fast,0,28,33010538,0
,adaptive_gain,0,28,33010538,0
,surprise_reset,0,28,33010538,0
,memoryless,0,28,33010538,0
,slow,0,27,33010538,1
,fast,0,27,33010538,1
,adaptive_gain,0,27,33010538,1
,surprise_reset,0,27,33010538,1
,memoryless,0,27,33010538,1
,slow,0,34,33011017,0
,fast,0,34,33011017,0
,adaptive_gain,0,34,33011017,0
,surprise_reset,0,34,33011017,0
,memoryless,0,34,33011017,0
,slow,0,36,33011017,1
,fast,0,36,33011017,1
,adaptive_gain,0,36,33011017,1
32,surprise_reset,1,36,33011017,1
,memoryless,0,36,33011017,1
,slow,0,32,34000000,0
,fast,0,32,34000000,0
,adaptive_gain,0,32,34000000,0
,surprise_reset,0,32,34000000,0
,memoryless,0,32,34000000,0
,slow,0,32,34000000,1
,fast,0,32,34000000,1
,adaptive_gain,0,32,34000000,1
27,surprise_reset,1,32,34000000,1
,memoryless,0,32,34000000,1
,slow,0,30,34000479,0
,fast,0,30,34000479,0
,adaptive_gain,0,30,34000479,0
,surprise_reset,0,30,34000479,0
,memoryless,0,30,34000479,0
,slow,0,29,34000479,1
,fast,0,29,34000479,1
,adaptive_gain,0,29,34000479,1
,surprise_reset,0,29,34000479,1
,memoryless,0,29,34000479,1
,slow,0,27,34000958,0
,fast,0,27,34000958,0
,adaptive_gain,0,27,34000958,0
,surprise_reset,0,27,34000958,0
,memoryless,0,27,34000958,0
,slow,0,32,34000958,1
,fast,0,32,34000958,1
,adaptive_gain,0,32,34000958,1
28,surprise_reset,1,32,34000958,1
,memoryless,0,32,34000958,1
,slow,0,31,34001437,0
,fast,0,31,34001437,0
,adaptive_gain,0,31,34001437,0
,surprise_reset,0,31,34001437,0
,memoryless,0,31,34001437,0
,slow,0,32,34001437,1
,fast,0,32,34001437,1
,adaptive_gain,0,32,34001437,1
,surprise_reset,0,32,34001437,1
,memoryless,0,32,34001437,1
,slow,0,32,34001916,0
,fast,0,32,34001916,0
,adaptive_gain,0,32,34001916,0
,surprise_reset,0,32,34001916,0
,memoryless,0,32,34001916,0
,slow,0,32,34001916,1
,fast,0,32,34001916,1
,adaptive_gain,0,32,34001916,1
27,surprise_reset,1,32,34001916,1
,memoryless,0,32,34001916,1
,slow,0,33,34002395,0
,fast,0,33,34002395,0
,adaptive_gain,0,33,34002395,0
,surprise_reset,0,33,34002395,0
,memoryless,0,33,34002395,0
,slow,0,34,34002395,1
,fast,0,34,34002395,1
,adaptive_gain,0,34,34002395,1
,surprise_reset,0,34,34002395,1
,memoryless,0,34,34002395,1
,slow,0,34,34002874,0
,fast,0,34,34002874,0
,adaptive_gain,0,34,34002874,0
,surprise_reset,0,34,34002874,0
,memoryless,0,34,34002874,0
,slow,0,33,34002874,1
,fast,0,33,34002874,1
,adaptive_gain,0,33,34002874,1
,surprise_reset,0,33,34002874,1
,memoryless,0,33,34002874,1
,slow,0,37,34003353,0
,fast,0,37,34003353,0
,adaptive_gain,0,37,34003353,0
,surprise_reset,0,37,34003353,0
,memoryless,0,37,34003353,0
,slow,0,35,34003353,1
,fast,0,35,34003353,1
,adaptive_gain,0,35,34003353,1
26,surprise_reset,1,35,34003353,1
,memoryless,0,35,34003353,1
,slow,0,28,34003832,0
,fast,0,28,34003832,0
,adaptive_gain,0,28,34003832,0
,surprise_reset,0,28,34003832,0
,memoryless,0,28,34003832,0
,slow,0,28,34003832,1
,fast,0,28,34003832,1
,adaptive_gain,0,28,34003832,1
,surprise_reset,0,28,34003832,1
,memoryless,0,28,34003832,1
,slow,0,30,34004311,0
,fast,0,30,34004311,0
,adaptive_gain,0,30,34004311,0
,surprise_reset,0,30,34004311,0
,memoryless,0,30,34004311,0
,slow,0,30,34004311,1
,fast,0,30,34004311,1
,adaptive_gain,0,30,34004311,1
27,surprise_reset,1,30,34004311,1
,memoryless,0,30,34004311,1
,slow,0,29,34004790,0
,fast,0,29,34004790,0
,adaptive_gain,0,29,34004790,0
,surprise_reset,0,29,34004790,0
,memoryless,0,29,34004790,0
,slow,0,27,34004790,1
,fast,0,27,34004790,1
,adaptive_gain,0,27,34004790,1
26,surprise_reset,1,27,34004790,1
,memoryless,0,27,34004790,1
,slow,0,30,34005269,0
,fast,0,30,34005269,0
,adaptive_gain,0,30,34005269,0
,surprise_reset,0,30,34005269,0
,memoryless,0,30,34005269,0
,slow,0,34,34005269,1
,fast,0,34,34005269,1
,adaptive_gain,0,34,34005269,1
,surprise_reset,0,34,34005269,1
,memoryless,0,34,34005269,1
,slow,0,34,34005748,0
,fast,0,34,34005748,0
,adaptive_gain,0,34,34005748,0
,surprise_reset,0,34,34005748,0
,memoryless,0,34,34005748,0
,slow,0,31,34005748,1
,fast,0,31,34005748,1
,adaptive_gain,0,31,34005748,1
38,surprise_reset,1,31,34005748,1
,memoryless,0,31,34005748,1
,slow,0,34,34006227,0
,fast,0,34,34006227,0
,adaptive_gain,0,34,34006227,0
,surprise_reset,0,34,34006227,0
,memoryless,0,34,34006227,0
,slow,0,35,34006227,1
,fast,0,35,34006227,1
,adaptive_gain,0,35,34006227,1
26,surprise_reset,1,35,34006227,1
,memoryless,0,35,34006227,1
,slow,0,32,34006706,0
,fast,0,32,34006706,0
,adaptive_gain,0,32,34006706,0
,surprise_reset,0,32,34006706,0
,memoryless,0,32,34006706,0
,slow,0,34,34006706,1
,fast,0,34,34006706,1
,adaptive_gain,0,34,34006706,1
27,surprise_reset,1,34,34006706,1
,memoryless,0,34,34006706,1
,slow,0,37,34007185,0
,fast,0,37,34007185,0
,adaptive_gain,0,37,34007185,0
,surprise_reset,0,37,34007185,0
,memoryless,0,37,34007185,0
,slow,0,38,34007185,1
,fast,0,38,34007185,1
,adaptive_gain,0,38,34007185,1
31,surprise_reset,1,38,34007185,1
,memoryless,0,38,34007185,1
,slow,0,28,34007664,0
,fast,0,28,34007664,0
,adaptive_gain,0,28,34007664,0
,surprise_reset,0,28,34007664,0
,memoryless,0,28,34007664,0
,slow,0,28,34007664,1
,fast,0,28,34007664,1
,adaptive_gain,0,28,34007664,1
39,surprise_reset,1,28,34007664,1
,memoryless,0,28,34007664,1
,slow,0,37,34008143,0
,fast,0,37,34008143,0
,adaptive_gain,0,37,34008143,0
,surprise_reset,0,37,34008143,0
,memoryless,0,37,34008143,0
,slow,0,31,34008143,1
,fast,0,31,34008143,1
,adaptive_gain,0,31,34008143,1
29,surprise_reset,1,31,34008143,1
,memoryless,0,31,34008143,1
,slow,0,23,34008622,0
,fast,0,23,34008622,0
,adaptive_gain,0,23,34008622,0
,surprise_reset,0,23,34008622,0
,memoryless,0,23,34008622,0
,slow,0,20,34008622,1
,fast,0,20,34008622,1
,adaptive_gain,0,20,34008622,1
40,surprise_reset,1,20,34008622,1
,memoryless,0,20,34008622,1
,slow,0,23,34009101,0
,fast,0,23,34009101,0
,adaptive_gain,0,23,34009101,0
,surprise_reset,0,23,34009101,0
,memoryless,0,23,34009101,0
,slow,0,19,34009101,1
,fast,0,19,34009101,1
,adaptive_gain,0,19,34009101,1
,surprise_reset,0,19,34009101,1
,memoryless,0,19,34009101,1
,slow,0,28,34009580,0
,fast,0,28,34009580,0
,adaptive_gain,0,28,34009580,0
,surprise_reset,0,28,34009580,0
,memoryless,0,28,34009580,0
,slow,0,33,34009580,1
,fast,0,33,34009580,1
,adaptive_gain,0,33,34009580,1
30,surprise_reset,1,33,34009580,1
,memoryless,0,33,34009580,1
,slow,0,31,34010059,0
,fast,0,31,34010059,0
,adaptive_gain,0,31,34010059,0
,surprise_reset,0,31,34010059,0
,memoryless,0,31,34010059,0
,slow,0,30,34010059,1
,fast,0,30,34010059,1
,adaptive_gain,0,30,34010059,1
,surprise_reset,0,30,34010059,1
,memoryless,0,30,34010059,1
,slow,0,30,34010538,0
,fast,0,30,34010538,0
,adaptive_gain,0,30,34010538,0
,surprise_reset,0,30,34010538,0
,memoryless,0,30,34010538,0
,slow,0,28,34010538,1
,fast,0,28,34010538,1
,adaptive_gain,0,28,34010538,1
38,surprise_reset,1,28,34010538,1
,memoryless,0,28,34010538,1
,slow,0,33,34011017,0
,fast,0,33,34011017,0
,adaptive_gain,0,33,34011017,0
,surprise_reset,0,33,34011017,0
,memoryless,0,33,34011017,0
,slow,0,37,34011017,1
,fast,0,37,34011017,1
,adaptive_gain,0,37,34011017,1
26,surprise_reset,1,37,34011017,1
,memoryless,0,37,34011017,1
,slow,0,28,35000000,0
,fast,0,28,35000000,0
,adaptive_gain,0,28,35000000,0
,surprise_reset,0,28,35000000,0
,memoryless,0,28,35000000,0
,slow,0,31,35000000,1
,fast,0,31,35000000,1
,adaptive_gain,0,31,35000000,1
26,surprise_reset,1,31,35000000,1
,memoryless,0,31,35000000,1
,slow,0,30,35000479,0
,fast,0,30,35000479,0
,adaptive_gain,0,30,35000479,0
,surprise_reset,0,30,35000479,0
,memoryless,0,30,35000479,0
,slow,0,30,35000479,1
,fast,0,30,35000479,1
,adaptive_gain,0,30,35000479,1
38,surprise_reset,1,30,35000479,1
,memoryless,0,30,35000479,1
,slow,0,23,35000958,0
,fast,0,23,35000958,0
,adaptive_gain,0,23,35000958,0
,surprise_reset,0,23,35000958,0
,memoryless,0,23,35000958,0
,slow,0,26,35000958,1
,fast,0,26,35000958,1
,adaptive_gain,0,26,35000958,1
,surprise_reset,0,26,35000958,1
,memoryless,0,26,35000958,1
,slow,0,28,35001437,0
,fast,0,28,35001437,0
,adaptive_gain,0,28,35001437,0
,surprise_reset,0,28,35001437,0
,memoryless,0,28,35001437,0
,slow,0,31,35001437,1
,fast,0,31,35001437,1
,adaptive_gain,0,31,35001437,1
34,surprise_reset,1,31,35001437,1
,memoryless,0,31,35001437,1
,slow,0,41,35001916,0
,fast,0,41,35001916,0
,adaptive_gain,0,41,35001916,0
,surprise_reset,0,41,35001916,0
,memoryless,0,41,35001916,0
,slow,0,39,35001916,1
,fast,0,39,35001916,1
,adaptive_gain,0,39,35001916,1
30,surprise_reset,1,39,35001916,1
,memoryless,0,39,35001916,1
,slow,0,35,35002395,0
,fast,0,35,35002395,0
,adaptive_gain,0,35,35002395,0
,surprise_reset,0,35,35002395,0
,memoryless,0,35,35002395,0
,slow,0,40,35002395,1
,fast,0,40,35002395,1
,adaptive_gain,0,40,35002395,1
26,surprise_reset,1,40,35002395,1
,memoryless,0,40,35002395,1
,slow,0,29,35002874,0
,fast,0,29,35002874,0
,adaptive_gain,0,29,35002874,0
,surprise_reset,0,29,35002874,0
,memoryless,0,29,35002874,0
,slow,0,31,35002874,1
,fast,0,31,35002874,1
,adaptive_gain,0,31,35002874,1
28,surprise_reset,1,31,35002874,1
,memoryless,0,31,35002874,1
,slow,0,29,35003353,0
,fast,0,29,35003353,0
,adaptive_gain,0,29,35003353,0
,surprise_reset,0,29,35003353,0
,memoryless,0,29,35003353,0
,slow,0,30,35003353,1
,fast,0,30,35003353,1
,adaptive_gain,0,30,35003353,1
,surprise_reset,0,30,35003353,1
,memoryless,0,30,35003353,1
,slow,0,31,35003832,0
,fast,0,31,35003832,0
,adaptive_gain,0,31,35003832,0
,surprise_reset,0,31,35003832,0
,memoryless,0,31,35003832,0
,slow,0,29,35003832,1
,fast,0,29,35003832,1
,adaptive_gain,0,29,35003832,1
,surprise_reset,0,29,35003832,1
,memoryless,0,29,35003832,1
,slow,0,35,35004311,0
,fast,0,35,35004311,0
,adaptive_gain,0,35,35004311,0
,surprise_reset,0,35,35004311,0
,memoryless,0,35,35004311,0
,slow,0,30,35004311,1
,fast,0,30,35004311,1
,adaptive_gain,0,30,35004311,1
38,surprise_reset,1,30,35004311,1
,memoryless,0,30,35004311,1
,slow,0,33,35004790,0
,fast,0,33,35004790,0
,adaptive_gain,0,33,35004790,0
,surprise_reset,0,33,35004790,0
,memoryless,0,33,35004790,0
,slow,0,34,35004790,1
,fast,0,34,35004790,1
,adaptive_gain,0,34,35004790,1
,surprise_reset,0,34,35004790,1
,memoryless,0,34,35004790,1
,slow,0,38,35005269,0
,fast,0,38,35005269,0
,adaptive_gain,0,38,35005269,0
,surprise_reset,0,38,35005269,0
,memoryless,0,38,35005269,0
,slow,0,34,35005269,1
,fast,0,34,35005269,1
,adaptive_gain,0,34,35005269,1
25,surprise_reset,1,34,35005269,1
,memoryless,0,34,35005269,1
,slow,0,39,35005748,0
,fast,0,39,35005748,0
,adaptive_gain,0,39,35005748,0
,surprise_reset,0,39,35005748,0
,memoryless,0,39,35005748,0
,slow,0,40,35005748,1
,fast,0,40,35005748,1
,adaptive_gain,0,40,35005748,1
26,surprise_reset,1,40,35005748,1
,memoryless,0,40,35005748,1
,slow,0,29,35006227,0
,fast,0,29,35006227,0
,adaptive_gain,0,29,35006227,0
30,surprise_reset,1,29,35006227,0
,memoryless,0,29,35006227,0
,slow,0,32,35006227,1
,fast,0,32,35006227,1
,adaptive_gain,0,32,35006227,1
,surprise_reset,0,32,35006227,1
,memoryless,0,32,35006227,1
,slow,0,32,35006706,0
,fast,0,32,35006706,0
,adaptive_gain,0,32,35006706,0
,surprise_reset,0,32,35006706,0
,memoryless,0,32,35006706,0
,slow,0,36,35006706,1
,fast,0,36,35006706,1
,adaptive_gain,0,36,35006706,1
,surprise_reset,0,36,35006706,1
,memoryless,0,36,35006706,1
,slow,0,35,35007185,0
,fast,0,35,35007185,0
,adaptive_gain,0,35,35007185,0
,surprise_reset,0,35,35007185,0
,memoryless,0,35,35007185,0
,slow,0,32,35007185,1
,fast,0,32,35007185,1
,adaptive_gain,0,32,35007185,1
34,surprise_reset,1,32,35007185,1
,memoryless,0,32,35007185,1
,slow,0,31,35007664,0
,fast,0,31,35007664,0
,adaptive_gain,0,31,35007664,0
,surprise_reset,0,31,35007664,0
,memoryless,0,31,35007664,0
,slow,0,31,35007664,1
,fast,0,31,35007664,1
,adaptive_gain,0,31,35007664,1
36,surprise_reset,1,31,35007664,1
,memoryless,0,31,35007664,1
,slow,0,30,35008143,0
,fast,0,30,35008143,0
,adaptive_gain,0,30,35008143,0
,surprise_reset,0,30,35008143,0
,memoryless,0,30,35008143,0
,slow,0,31,35008143,1
,fast,0,31,35008143,1
,adaptive_gain,0,31,35008143,1
,surprise_reset,0,31,35008143,1
,memoryless,0,31,35008143,1
,slow,0,36,35008622,0
,fast,0,36,35008622,0
,adaptive_gain,0,36,35008622,0
,surprise_reset,0,36,35008622,0
,memoryless,0,36,35008622,0
,slow,0,37,35008622,1
,fast,0,37,35008622,1
,adaptive_gain,0,37,35008622,1
,surprise_reset,0,37,35008622,1
,memoryless,0,37,35008622,1
,slow,0,26,35009101,0
,fast,0,26,35009101,0
,adaptive_gain,0,26,35009101,0
,surprise_reset,0,26,35009101,0
,memoryless,0,26,35009101,0
,slow,0,28,35009101,1
,fast,0,28,35009101,1
,adaptive_gain,0,28,35009101,1
31,surprise_reset,1,28,35009101,1
,memoryless,0,28,35009101,1
,slow,0,34,35009580,0
,fast,0,34,35009580,0
,adaptive_gain,0,34,35009580,0
,surprise_reset,0,34,35009580,0
,memoryless,0,34,35009580,0
,slow,0,35,35009580,1
,fast,0,35,35009580,1
,adaptive_gain,0,35,35009580,1
,surprise_reset,0,35,35009580,1
,memoryless,0,35,35009580,1
,slow,0,32,35010059,0
,fast,0,32,35010059,0
,adaptive_gain,0,32,35010059,0
,surprise_reset,0,32,35010059,0
,memoryless,0,32,35010059,0
,slow,0,34,35010059,1
,fast,0,34,35010059,1
,adaptive_gain,0,34,35010059,1
28,surprise_reset,1,34,35010059,1
,memoryless,0,34,35010059,1
,slow,0,31,35010538,0
,fast,0,31,35010538,0
,adaptive_gain,0,31,35010538,0
,surprise_reset,0,31,35010538,0
,memoryless,0,31,35010538,0
,slow,0,28,35010538,1
,fast,0,28,35010538,1
,adaptive_gain,0,28,35010538,1
,surprise_reset,0,28,35010538,1
,memoryless,0,28,35010538,1
,slow,0,33,35011017,0
,fast,0,33,35011017,0
,adaptive_gain,0,33,35011017,0
,surprise_reset,0,33,35011017,0
,memoryless,0,33,35011017,0
,slow,0,37,35011017,1
,fast,0,37,35011017,1
,adaptive_gain,0,37,35011017,1
,surprise_reset,0,37,35011017,1
,memoryless,0,37,35011017,1
,slow,0,33,36000000,0
,fast,0,33,36000000,0
,adaptive_gain,0,33,36000000,0
,surprise_reset,0,33,36000000,0
,memoryless,0,33,36000000,0
,slow,0,31,36000000,1
,fast,0,31,36000000,1
,adaptive_gain,0,31,36000000,1
26,surprise_reset,1,31,36000000,1
,memoryless,0,31,36000000,1
,slow,0,26,36000479,0
,fast,0,26,36000479,0
,adaptive_gain,0,26,36000479,0
,surprise_reset,0,26,36000479,0
,memoryless,0,26,36000479,0
,slow,0,25,36000479,1
,fast,0,25,36000479,1
,adaptive_gain,0,25,36000479,1
26,surprise_reset,1,25,36000479,1
,memoryless,0,25,36000479,1
,slow,0,30,36000958,0
,fast,0,30,36000958,0
,adaptive_gain,0,30,36000958,0
,surprise_reset,0,30,36000958,0
,memoryless,0,30,36000958,0
,slow,0,31,36000958,1
,fast,0,31,36000958,1
,adaptive_gain,0,31,36000958,1
28,surprise_reset,1,31,36000958,1
,memoryless,0,31,36000958,1
,slow,0,30,36001437,0
,fast,0,30,36001437,0
,adaptive_gain,0,30,36001437,0
,surprise_reset,0,30,36001437,0
,memoryless,0,30,36001437,0
,slow,0,33,36001437,1
,fast,0,33,36001437,1
,adaptive_gain,0,33,36001437,1
,surprise_reset,0,33,36001437,1
,memoryless,0,33,36001437,1
,slow,0,29,36001916,0
,fast,0,29,36001916,0
,adaptive_gain,0,29,36001916,0
,surprise_reset,0,29,36001916,0
,memoryless,0,29,36001916,0
,slow,0,28,36001916,1
,fast,0,28,36001916,1
,adaptive_gain,0,28,36001916,1
26,surprise_reset,1,28,36001916,1
,memoryless,0,28,36001916,1
,slow,0,29,36002395,0
,fast,0,29,36002395,0
,adaptive_gain,0,29,36002395,0
,surprise_reset,0,29,36002395,0
,memoryless,0,29,36002395,0
,slow,0,33,36002395,1
,fast,0,33,36002395,1
,adaptive_gain,0,33,36002395,1
,surprise_reset,0,33,36002395,1
,memoryless,0,33,36002395,1
,slow,0,38,36002874,0
,fast,0,38,36002874,0
,adaptive_gain,0,38,36002874,0
,surprise_reset,0,38,36002874,0
,memoryless,0,38,36002874,0
,slow,0,33,36002874,1
,fast,0,33,36002874,1
,adaptive_gain,0,33,36002874,1
,surprise_reset,0,33,36002874,1
,memoryless,0,33,36002874,1
,slow,0,37,36003353,0
,fast,0,37,36003353,0
,adaptive_gain,0,37,36003353,0
,surprise_reset,0,37,36003353,0
,memoryless,0,37,36003353,0
,slow,0,36,36003353,1
,fast,0,36,36003353,1
,adaptive_gain,0,36,36003353,1
27,surprise_reset,1,36,36003353,1
,memoryless,0,36,36003353,1
,slow,0,31,36003832,0
,fast,0,31,36003832,0
,adaptive_gain,0,31,36003832,0
,surprise_reset,0,31,36003832,0
,memoryless,0,31,36003832,0
,slow,0,33,36003832,1
,fast,0,33,36003832,1
,adaptive_gain,0,33,36003832,1
31,surprise_reset,1,33,36003832,1
,memoryless,0,33,36003832,1
,slow,0,26,36004311,0
,fast,0,26,36004311,0
,adaptive_gain,0,26,36004311,0
,surprise_reset,0,26,36004311,0
,memoryless,0,26,36004311,0
,slow,0,28,36004311,1
,fast,0,28,36004311,1
,adaptive_gain,0,28,36004311,1
31,surprise_reset,1,28,36004311,1
,memoryless,0,28,36004311,1
,slow,0,25,36004790,0
,fast,0,25,36004790,0
,adaptive_gain,0,25,36004790,0
,surprise_reset,0,25,36004790,0
,memoryless,0,25,36004790,0
,slow,0,34,36004790,1
,fast,0,34,36004790,1
,adaptive_gain,0,34,36004790,1
27,surprise_reset,1,34,36004790,1
,memoryless,0,34,36004790,1
,slow,0,38,36005269,0
,fast,0,38,36005269,0
,adaptive_gain,0,38,36005269,0
,surprise_reset,0,38,36005269,0
,memoryless,0,38,36005269,0
,slow,0,36,36005269,1
,fast,0,36,36005269,1
,adaptive_gain,0,36,36005269,1
27,surprise_reset,1,36,36005269,1
,memoryless,0,36,36005269,1
,slow,0,29,36005748,0
,fast,0,29,36005748,0
,adaptive_gain,0,29,36005748,0
,surprise_reset,0,29,36005748,0
,memoryless,0,29,36005748,0
,slow,0,32,36005748,1
,fast,0,32,36005748,1
,adaptive_gain,0,32,36005748,1
29,surprise_reset,1,32,36005748,1
,memoryless,0,32,36005748,1
,slow,0,34,36006227,0
,fast,0,34,36006227,0
,adaptive_gain,0,34,36006227,0
,surprise_reset,0,34,36006227,0
,memoryless,0,34,36006227,0
,slow,0,36,36006227,1
,fast,0,36,36006227,1
,adaptive_gain,0,36,36006227,1
,surprise_reset,0,36,36006227,1
,memoryless,0,36,36006227,1
,slow,0,31,36006706,0
,fast,0,31,36006706,0
,adaptive_gain,0,31,36006706,0
,surprise_reset,0,31,36006706,0
,memoryless,0,31,36006706,0
,slow,0,32,36006706,1
,fast,0,32,36006706,1
,adaptive_gain,0,32,36006706,1
28,surprise_reset,1,32,36006706,1
,memoryless,0,32,36006706,1
,slow,0,21,36007185,0
,fast,0,21,36007185,0
,adaptive_gain,0,21,36007185,0
,surprise_reset,0,21,36007185,0
,memoryless,0,21,36007185,0
,slow,0,27,36007185,1
,fast,0,27,36007185,1
,adaptive_gain,0,27,36007185,1
,surprise_reset,0,27,36007185,1
,memoryless,0,27,36007185,1
,slow,0,26,36007664,0
,fast,0,26,36007664,0
,adaptive_gain,0,26,36007664,0
,surprise_reset,0,26,36007664,0
,memoryless,0,26,36007664,0
,slow,0,27,36007664,1
,fast,0,27,36007664,1
,adaptive_gain,0,27,36007664,1
25,surprise_reset,1,27,36007664,1
,memoryless,0,27,36007664,1
,slow,0,36,36008143,0
,fast,0,36,36008143,0
,adaptive_gain,0,36,36008143,0
,surprise_reset,0,36,36008143,0
,memoryless,0,36,36008143,0
,slow,0,36,36008143,1
,fast,0,36,36008143,1
,adaptive_gain,0,36,36008143,1
27,surprise_reset,1,36,36008143,1
,memoryless,0,36,36008143,1
,slow,0,32,36008622,0
,fast,0,32,36008622,0
,adaptive_gain,0,32,36008622,0
,surprise_reset,0,32,36008622,0
,memoryless,0,32,36008622,0
,slow,0,41,36008622,1
,fast,0,41,36008622,1
,adaptive_gain,0,41,36008622,1
28,surprise_reset,1,41,36008622,1
,memoryless,0,41,36008622,1
,slow,0,31,36009101,0
,fast,0,31,36009101,0
,adaptive_gain,0,31,36009101,0
,surprise_reset,0,31,36009101,0
,memoryless,0,31,36009101,0
,slow,0,30,36009101,1
,fast,0,30,36009101,1
,adaptive_gain,0,30,36009101,1
,surprise_reset,0,30,36009101,1
,memoryless,0,30,36009101,1
,slow,0,34,36009580,0
,fast,0,34,36009580,0
,adaptive_gain,0,34,36009580,0
,surprise_reset,0,34,36009580,0
,memoryless,0,34,36009580,0
,slow,0,34,36009580,1
,fast,0,34,36009580,1
,adaptive_gain,0,34,36009580,1
26,surprise_reset,1,34,36009580,1
,memoryless,0,34,36009580,1
,slow,0,30,36010059,0
,fast,0,30,36010059,0
,adaptive_gain,0,30,36010059,0
,surprise_reset,0,30,36010059,0
,memoryless,0,30,36010059,0
,slow,0,26,36010059,1
,fast,0,26,36010059,1
,adaptive_gain,0,26,36010059,1
,surprise_reset,0,26,36010059,1
,memoryless,0,26,36010059,1
,slow,0,38,36010538,0
,fast,0,38,36010538,0
,adaptive_gain,0,38,36010538,0
,surprise_reset,0,38,36010538,0
,memoryless,0,38,36010538,0
,slow,0,34,36010538,1
,fast,0,34,36010538,1
,adaptive_gain,0,34,36010538,1
26,surprise_reset,1,34,36010538,1
,memoryless,0,34,36010538,1
,slow,0,23,36011017,0
,fast,0,23,36011017,0
,adaptive_gain,0,23,36011017,0
,surprise_reset,0,23,36011017,0
,memoryless,0,23,36011017,0
,slow,0,24,36011017,1
,fast,0,24,36011017,1
,adaptive_gain,0,24,36011017,1
27,surprise_reset,1,24,36011017,1
,memoryless,0,24,36011017,1
