alarms,food,fraction_alive,mode,seed,shifted
0,2,0.8125,slow,41000003,0
0,2,0.8333333333333334,fast,41000003,0
0,2,0.875,adaptive_gain,41000003,0
0,2,0.8125,surprise_reset,41000003,0
0,0,0.6875,memoryless,41000003,0
,5,1.0,bayesian,41000003,0
,4,1.0,comparator,41000003,0
,5,1.0,greedy,41000003,0
0,1,0.8333333333333334,slow,41000003,1
0,2,0.8958333333333334,fast,41000003,1
0,1,0.8333333333333334,adaptive_gain,41000003,1
0,1,0.8333333333333334,surprise_reset,41000003,1
0,0,0.7083333333333334,memoryless,41000003,1
,5,1.0,bayesian,41000003,1
,3,1.0,comparator,41000003,1
,3,0.8958333333333334,greedy,41000003,1
0,0,0.4375,slow,41000482,0
0,0,0.4375,fast,41000482,0
0,0,0.4375,adaptive_gain,41000482,0
0,0,0.4375,surprise_reset,41000482,0
0,0,0.6666666666666666,memoryless,41000482,0
,5,1.0,bayesian,41000482,0
,4,0.9583333333333334,comparator,41000482,0
,0,0.3333333333333333,greedy,41000482,0
0,0,0.4375,slow,41000482,1
0,0,0.4375,fast,41000482,1
0,0,0.4375,adaptive_gain,41000482,1
0,0,0.4375,surprise_reset,41000482,1
0,0,0.6666666666666666,memoryless,41000482,1
,4,1.0,bayesian,41000482,1
,4,1.0,comparator,41000482,1
,0,0.3333333333333333,greedy,41000482,1
0,2,1.0,slow,41000961,0
0,2,1.0,fast,41000961,0
0,2,1.0,adaptive_gain,41000961,0
0,2,1.0,surprise_reset,41000961,0
0,0,0.8125,memoryless,41000961,0
,0,0.4375,bayesian,41000961,0
,5,1.0,comparator,41000961,0
,0,0.375,greedy,41000961,0
0,0,0.7291666666666666,slow,41000961,1
0,0,0.7916666666666666,fast,41000961,1
0,0,0.7916666666666666,adaptive_gain,41000961,1
0,0,0.7291666666666666,surprise_reset,41000961,1
0,0,0.6875,memoryless,41000961,1
,0,0.4375,bayesian,41000961,1
,5,1.0,comparator,41000961,1
,0,0.375,greedy,41000961,1
0,2,1.0,slow,41001440,0
0,2,1.0,fast,41001440,0
0,2,1.0,adaptive_gain,41001440,0
0,2,1.0,surprise_reset,41001440,0
0,1,0.8958333333333334,memoryless,41001440,0
,2,1.0,bayesian,41001440,0
,4,1.0,comparator,41001440,0
,0,0.625,greedy,41001440,0
0,0,0.7291666666666666,slow,41001440,1
0,0,0.7291666666666666,fast,41001440,1
0,0,0.7291666666666666,adaptive_gain,41001440,1
1,0,0.7291666666666666,surprise_reset,41001440,1
0,1,0.8541666666666666,memoryless,41001440,1
,3,1.0,bayesian,41001440,1
,3,1.0,comparator,41001440,1
,0,0.6875,greedy,41001440,1
0,0,0.4791666666666667,slow,41001919,0
0,0,0.5208333333333334,fast,41001919,0
0,0,0.4791666666666667,adaptive_gain,41001919,0
0,0,0.4791666666666667,surprise_reset,41001919,0
0,0,0.6875,memoryless,41001919,0
,0,0.4375,bayesian,41001919,0
,0,0.4375,comparator,41001919,0
,0,0.4375,greedy,41001919,0
0,0,0.4791666666666667,slow,41001919,1
0,0,0.5208333333333334,fast,41001919,1
0,0,0.4791666666666667,adaptive_gain,41001919,1
0,0,0.4791666666666667,surprise_reset,41001919,1
0,0,0.6875,memoryless,41001919,1
,0,0.4375,bayesian,41001919,1
,0,0.4375,comparator,41001919,1
,0,0.4375,greedy,41001919,1
0,5,1.0,slow,41002398,0
0,3,1.0,fast,41002398,0
0,2,1.0,adaptive_gain,41002398,0
0,5,1.0,surprise_reset,41002398,0
0,0,0.6875,memoryless,41002398,0
,2,0.7916666666666666,bayesian,41002398,0
,2,0.7916666666666666,comparator,41002398,0
,0,0.5,greedy,41002398,0
0,2,1.0,slow,41002398,1
0,2,1.0,fast,41002398,1
0,2,1.0,adaptive_gain,41002398,1
1,2,1.0,surprise_reset,41002398,1
0,0,0.7083333333333334,memoryless,41002398,1
,5,1.0,bayesian,41002398,1
,2,0.7708333333333334,comparator,41002398,1
,0,0.5,greedy,41002398,1
0,1,0.7291666666666666,slow,41002877,0
0,1,0.7291666666666666,fast,41002877,0
0,1,0.7291666666666666,adaptive_gain,41002877,0
0,1,0.7291666666666666,surprise_reset,41002877,0
0,0,0.6875,memoryless,41002877,0
,6,1.0,bayesian,41002877,0
,3,1.0,comparator,41002877,0
,6,1.0,greedy,41002877,0
0,1,0.7291666666666666,slow,41002877,1
0,1,0.7708333333333334,fast,41002877,1
0,1,0.7708333333333334,adaptive_gain,41002877,1
0,1,0.7291666666666666,surprise_reset,41002877,1
0,0,0.6875,memoryless,41002877,1
,3,1.0,bayesian,41002877,1
,3,1.0,comparator,41002877,1
,2,0.875,greedy,41002877,1
0,0,0.5,slow,41003356,0
0,0,0.5,fast,41003356,0
0,0,0.5,adaptive_gain,41003356,0
0,0,0.5,surprise_reset,41003356,0
0,1,0.875,memoryless,41003356,0
,4,1.0,bayesian,41003356,0
,5,1.0,comparator,41003356,0
,0,0.4791666666666667,greedy,41003356,0
0,0,0.5,slow,41003356,1
0,0,0.5,fast,41003356,1
0,0,0.5,adaptive_gain,41003356,1
0,0,0.5,surprise_reset,41003356,1
0,1,0.8958333333333334,memoryless,41003356,1
,5,1.0,bayesian,41003356,1
,5,1.0,comparator,41003356,1
,0,0.4791666666666667,greedy,41003356,1
0,2,0.75,slow,41003835,0
0,4,1.0,fast,41003835,0
0,2,0.75,adaptive_gain,41003835,0
0,2,0.75,surprise_reset,41003835,0
0,1,0.9583333333333334,memoryless,41003835,0
,6,1.0,bayesian,41003835,0
,8,1.0,comparator,41003835,0
,0,0.5208333333333334,greedy,41003835,0
0,2,0.875,slow,41003835,1
0,2,0.9375,fast,41003835,1
0,5,1.0,adaptive_gain,41003835,1
0,2,0.875,surprise_reset,41003835,1
0,1,0.8958333333333334,memoryless,41003835,1
,7,1.0,bayesian,41003835,1
,7,1.0,comparator,41003835,1
,0,0.5416666666666666,greedy,41003835,1
0,2,1.0,slow,41004314,0
0,0,0.6041666666666666,fast,41004314,0
0,2,1.0,adaptive_gain,41004314,0
0,2,1.0,surprise_reset,41004314,0
0,0,0.6875,memoryless,41004314,0
,2,0.8333333333333334,bayesian,41004314,0
,2,0.7916666666666666,comparator,41004314,0
,0,0.5,greedy,41004314,0
0,0,0.6875,slow,41004314,1
0,0,0.6875,fast,41004314,1
0,0,0.8125,adaptive_gain,41004314,1
1,2,1.0,surprise_reset,41004314,1
0,0,0.6666666666666666,memoryless,41004314,1
,4,1.0,bayesian,41004314,1
,2,0.8958333333333334,comparator,41004314,1
,0,0.5,greedy,41004314,1
0,5,1.0,slow,41004793,0
0,5,1.0,fast,41004793,0
0,5,1.0,adaptive_gain,41004793,0
0,5,1.0,surprise_reset,41004793,0
0,1,1.0,memoryless,41004793,0
,2,0.9166666666666666,bayesian,41004793,0
,3,1.0,comparator,41004793,0
,0,0.5625,greedy,41004793,0
0,3,1.0,slow,41004793,1
0,3,1.0,fast,41004793,1
0,3,1.0,adaptive_gain,41004793,1
1,3,1.0,surprise_reset,41004793,1
0,0,0.7916666666666666,memoryless,41004793,1
,3,1.0,bayesian,41004793,1
,5,1.0,comparator,41004793,1
,0,0.5625,greedy,41004793,1
0,3,1.0,slow,41005272,0
0,0,0.6875,fast,41005272,0
0,0,0.6875,adaptive_gain,41005272,0
0,3,1.0,surprise_reset,41005272,0
0,0,0.75,memoryless,41005272,0
,9,1.0,bayesian,41005272,0
,4,1.0,comparator,41005272,0
,1,0.5208333333333334,greedy,41005272,0
0,1,0.8541666666666666,slow,41005272,1
0,0,0.6875,fast,41005272,1
0,0,0.6458333333333334,adaptive_gain,41005272,1
1,3,1.0,surprise_reset,41005272,1
0,0,0.7291666666666666,memoryless,41005272,1
,7,1.0,bayesian,41005272,1
,1,0.7708333333333334,comparator,41005272,1
,1,0.5416666666666666,greedy,41005272,1
0,3,1.0,slow,41005751,0
0,2,1.0,fast,41005751,0
0,2,1.0,adaptive_gain,41005751,0
0,3,1.0,surprise_reset,41005751,0
0,0,0.75,memoryless,41005751,0
,3,1.0,bayesian,41005751,0
,3,1.0,comparator,41005751,0
,0,0.4583333333333333,greedy,41005751,0
0,1,0.8333333333333334,slow,41005751,1
0,1,0.7291666666666666,fast,41005751,1
0,1,0.7291666666666666,adaptive_gain,41005751,1
1,1,0.7916666666666666,surprise_reset,41005751,1
0,0,0.7916666666666666,memoryless,41005751,1
,2,0.8125,bayesian,41005751,1
,1,0.7083333333333334,comparator,41005751,1
,0,0.4583333333333333,greedy,41005751,1
0,2,0.8958333333333334,slow,41006230,0
0,2,0.8958333333333334,fast,41006230,0
0,2,0.8958333333333334,adaptive_gain,41006230,0
0,2,0.8958333333333334,surprise_reset,41006230,0
0,0,0.8125,memoryless,41006230,0
,5,1.0,bayesian,41006230,0
,4,1.0,comparator,41006230,0
,6,1.0,greedy,41006230,0
0,1,0.7708333333333334,slow,41006230,1
0,1,0.7916666666666666,fast,41006230,1
0,1,0.75,adaptive_gain,41006230,1
0,1,0.7708333333333334,surprise_reset,41006230,1
0,0,0.8125,memoryless,41006230,1
,6,1.0,bayesian,41006230,1
,4,1.0,comparator,41006230,1
,3,0.875,greedy,41006230,1
0,4,1.0,slow,41006709,0
0,2,1.0,fast,41006709,0
0,4,1.0,adaptive_gain,41006709,0
0,4,1.0,surprise_reset,41006709,0
0,1,0.9166666666666666,memoryless,41006709,0
,5,1.0,bayesian,41006709,0
,5,1.0,comparator,41006709,0
,0,0.5,greedy,41006709,0
0,1,0.9166666666666666,slow,41006709,1
0,1,0.9166666666666666,fast,41006709,1
0,1,0.7708333333333334,adaptive_gain,41006709,1
0,1,0.9166666666666666,surprise_reset,41006709,1
0,0,0.75,memoryless,41006709,1
,3,1.0,bayesian,41006709,1
,4,1.0,comparator,41006709,1
,0,0.5,greedy,41006709,1
0,3,1.0,slow,41007188,0
0,2,0.9583333333333334,fast,41007188,0
0,2,0.9583333333333334,adaptive_gain,41007188,0
0,3,1.0,surprise_reset,41007188,0
0,1,0.7916666666666666,memoryless,41007188,0
,5,1.0,bayesian,41007188,0
,5,1.0,comparator,41007188,0
,0,0.4166666666666667,greedy,41007188,0
0,2,1.0,slow,41007188,1
0,2,1.0,fast,41007188,1
0,2,1.0,adaptive_gain,41007188,1
1,2,0.9583333333333334,surprise_reset,41007188,1
0,1,0.9583333333333334,memoryless,41007188,1
,5,1.0,bayesian,41007188,1
,5,1.0,comparator,41007188,1
,0,0.4166666666666667,greedy,41007188,1
0,3,1.0,slow,41007667,0
0,3,1.0,fast,41007667,0
0,3,1.0,adaptive_gain,41007667,0
0,3,1.0,surprise_reset,41007667,0
0,0,0.6666666666666666,memoryless,41007667,0
,4,1.0,bayesian,41007667,0
,4,1.0,comparator,41007667,0
,0,0.4791666666666667,greedy,41007667,0
0,1,0.8958333333333334,slow,41007667,1
0,2,1.0,fast,41007667,1
0,2,1.0,adaptive_gain,41007667,1
0,1,0.8958333333333334,surprise_reset,41007667,1
0,0,0.7291666666666666,memoryless,41007667,1
,2,1.0,bayesian,41007667,1
,1,0.7916666666666666,comparator,41007667,1
,0,0.4791666666666667,greedy,41007667,1
0,4,1.0,slow,41008146,0
0,2,1.0,fast,41008146,0
0,2,1.0,adaptive_gain,41008146,0
1,3,1.0,surprise_reset,41008146,0
0,0,0.7083333333333334,memoryless,41008146,0
,6,1.0,bayesian,41008146,0
,6,1.0,comparator,41008146,0
,4,1.0,greedy,41008146,0
0,2,1.0,slow,41008146,1
0,2,0.9583333333333334,fast,41008146,1
0,2,0.9375,adaptive_gain,41008146,1
1,3,1.0,surprise_reset,41008146,1
0,0,0.75,memoryless,41008146,1
,5,1.0,bayesian,41008146,1
,4,1.0,comparator,41008146,1
,3,0.9166666666666666,greedy,41008146,1
0,4,1.0,slow,41008625,0
0,1,0.9583333333333334,fast,41008625,0
0,1,1.0,adaptive_gain,41008625,0
0,4,1.0,surprise_reset,41008625,0
0,0,0.6666666666666666,memoryless,41008625,0
,7,1.0,bayesian,41008625,0
,4,1.0,comparator,41008625,0
,5,0.9791666666666666,greedy,41008625,0
0,1,0.8333333333333334,slow,41008625,1
0,1,0.7916666666666666,fast,41008625,1
0,1,0.7916666666666666,adaptive_gain,41008625,1
0,1,0.8333333333333334,surprise_reset,41008625,1
0,0,0.625,memoryless,41008625,1
,6,1.0,bayesian,41008625,1
,4,1.0,comparator,41008625,1
,5,0.9583333333333334,greedy,41008625,1
0,0,0.5208333333333334,slow,41009104,0
0,0,0.5208333333333334,fast,41009104,0
0,0,0.5208333333333334,adaptive_gain,41009104,0
0,0,0.5208333333333334,surprise_reset,41009104,0
0,0,0.6041666666666666,memoryless,41009104,0
,0,0.5625,bayesian,41009104,0
,0,0.5625,comparator,41009104,0
,0,0.6666666666666666,greedy,41009104,0
0,0,0.5416666666666666,slow,41009104,1
0,0,0.5416666666666666,fast,41009104,1
0,0,0.5416666666666666,adaptive_gain,41009104,1
0,0,0.5416666666666666,surprise_reset,41009104,1
0,0,0.6041666666666666,memoryless,41009104,1
,0,0.6041666666666666,bayesian,41009104,1
,0,0.6041666666666666,comparator,41009104,1
,0,0.7291666666666666,greedy,41009104,1
0,0,0.5833333333333334,slow,41009583,0
0,0,0.6041666666666666,fast,41009583,0
0,0,0.5833333333333334,adaptive_gain,41009583,0
0,0,0.5833333333333334,surprise_reset,41009583,0
0,0,0.7916666666666666,memoryless,41009583,0
,3,1.0,bayesian,41009583,0
,2,1.0,comparator,41009583,0
,0,0.5,greedy,41009583,0
0,0,0.625,slow,41009583,1
0,0,0.625,fast,41009583,1
0,0,0.625,adaptive_gain,41009583,1
0,0,0.625,surprise_reset,41009583,1
0,0,0.8125,memoryless,41009583,1
,2,0.9583333333333334,bayesian,41009583,1
,2,1.0,comparator,41009583,1
,0,0.5,greedy,41009583,1
0,3,1.0,slow,41010062,0
0,2,1.0,fast,41010062,0
0,3,1.0,adaptive_gain,41010062,0
0,3,1.0,surprise_reset,41010062,0
0,0,0.7916666666666666,memoryless,41010062,0
,2,0.875,bayesian,41010062,0
,2,0.875,comparator,41010062,0
,0,0.375,greedy,41010062,0
0,1,0.9166666666666666,slow,41010062,1
0,1,0.9583333333333334,fast,41010062,1
0,1,0.8333333333333334,adaptive_gain,41010062,1
0,1,0.9166666666666666,surprise_reset,41010062,1
0,0,0.7291666666666666,memoryless,41010062,1
,2,0.875,bayesian,41010062,1
,2,0.875,comparator,41010062,1
,0,0.375,greedy,41010062,1
0,6,1.0,slow,41010541,0
0,6,1.0,fast,41010541,0
0,6,1.0,adaptive_gain,41010541,0
0,6,1.0,surprise_reset,41010541,0
0,0,0.6666666666666666,memoryless,41010541,0
,2,0.8125,bayesian,41010541,0
,6,1.0,comparator,41010541,0
,0,0.4791666666666667,greedy,41010541,0
0,3,1.0,slow,41010541,1
0,3,1.0,fast,41010541,1
0,3,1.0,adaptive_gain,41010541,1
1,4,1.0,surprise_reset,41010541,1
0,0,0.6875,memoryless,41010541,1
,3,1.0,bayesian,41010541,1
,6,1.0,comparator,41010541,1
,0,0.4791666666666667,greedy,41010541,1
0,5,1.0,slow,41011020,0
0,5,1.0,fast,41011020,0
0,5,1.0,adaptive_gain,41011020,0
0,5,1.0,surprise_reset,41011020,0
0,0,0.75,memoryless,41011020,0
,3,0.9791666666666666,bayesian,41011020,0
,4,1.0,comparator,41011020,0
,5,1.0,greedy,41011020,0
0,1,0.7916666666666666,slow,41011020,1
0,1,1.0,fast,41011020,1
0,1,1.0,adaptive_gain,41011020,1
1,3,1.0,surprise_reset,41011020,1
0,0,0.7916666666666666,memoryless,41011020,1
,4,1.0,bayesian,41011020,1
,4,1.0,comparator,41011020,1
,1,0.7916666666666666,greedy,41011020,1
0,3,1.0,slow,42000003,0
0,0,0.7291666666666666,fast,42000003,0
0,2,1.0,adaptive_gain,42000003,0
0,3,1.0,surprise_reset,42000003,0
0,0,0.6666666666666666,memoryless,42000003,0
,2,0.9583333333333334,bayesian,42000003,0
,3,1.0,comparator,42000003,0
,5,1.0,greedy,42000003,0
0,1,0.8541666666666666,slow,42000003,1
0,0,0.75,fast,42000003,1
0,1,0.8541666666666666,adaptive_gain,42000003,1
1,1,0.9166666666666666,surprise_reset,42000003,1
0,0,0.6875,memoryless,42000003,1
,2,0.9375,bayesian,42000003,1
,1,0.6666666666666666,comparator,42000003,1
,1,0.6458333333333334,greedy,42000003,1
0,1,0.7708333333333334,slow,42000482,0
0,3,1.0,fast,42000482,0
0,1,0.7708333333333334,adaptive_gain,42000482,0
0,1,0.7708333333333334,surprise_reset,42000482,0
0,0,0.7291666666666666,memoryless,42000482,0
,3,1.0,bayesian,42000482,0
,3,1.0,comparator,42000482,0
,0,0.4166666666666667,greedy,42000482,0
0,1,0.9791666666666666,slow,42000482,1
0,1,0.8541666666666666,fast,42000482,1
0,1,0.7708333333333334,adaptive_gain,42000482,1
1,1,0.7916666666666666,surprise_reset,42000482,1
0,0,0.7291666666666666,memoryless,42000482,1
,3,1.0,bayesian,42000482,1
,4,1.0,comparator,42000482,1
,0,0.4166666666666667,greedy,42000482,1
0,3,1.0,slow,42000961,0
0,3,1.0,fast,42000961,0
0,3,1.0,adaptive_gain,42000961,0
0,3,1.0,surprise_reset,42000961,0
0,1,0.8333333333333334,memoryless,42000961,0
,2,0.8333333333333334,bayesian,42000961,0
,4,1.0,comparator,42000961,0
,0,0.4583333333333333,greedy,42000961,0
0,1,0.9791666666666666,slow,42000961,1
0,2,0.8958333333333334,fast,42000961,1
0,1,0.9791666666666666,adaptive_gain,42000961,1
0,1,0.9791666666666666,surprise_reset,42000961,1
0,1,0.8958333333333334,memoryless,42000961,1
,4,1.0,bayesian,42000961,1
,4,1.0,comparator,42000961,1
,0,0.4583333333333333,greedy,42000961,1
0,0,0.5833333333333334,slow,42001440,0
0,0,0.5833333333333334,fast,42001440,0
0,0,0.5833333333333334,adaptive_gain,42001440,0
0,0,0.5833333333333334,surprise_reset,42001440,0
0,0,0.7291666666666666,memoryless,42001440,0
,0,0.4791666666666667,bayesian,42001440,0
,0,0.5,comparator,42001440,0
,0,0.4583333333333333,greedy,42001440,0
0,0,0.6041666666666666,slow,42001440,1
0,0,0.6041666666666666,fast,42001440,1
0,0,0.6875,adaptive_gain,42001440,1
1,0,0.6875,surprise_reset,42001440,1
0,0,0.75,memoryless,42001440,1
,0,0.4791666666666667,bayesian,42001440,1
,0,0.5,comparator,42001440,1
,0,0.4583333333333333,greedy,42001440,1
0,5,1.0,slow,42001919,0
0,4,1.0,fast,42001919,0
0,4,1.0,adaptive_gain,42001919,0
0,5,1.0,surprise_reset,42001919,0
0,0,0.6666666666666666,memoryless,42001919,0
,0,0.4375,bayesian,42001919,0
,5,1.0,comparator,42001919,0
,0,0.7291666666666666,greedy,42001919,0
0,2,0.7291666666666666,slow,42001919,1
0,2,0.875,fast,42001919,1
0,2,0.7291666666666666,adaptive_gain,42001919,1
0,2,0.7291666666666666,surprise_reset,42001919,1
0,0,0.6041666666666666,memoryless,42001919,1
,0,0.4375,bayesian,42001919,1
,5,1.0,comparator,42001919,1
,0,0.75,greedy,42001919,1
0,3,1.0,slow,42002398,0
0,2,1.0,fast,42002398,0
0,3,1.0,adaptive_gain,42002398,0
0,3,1.0,surprise_reset,42002398,0
0,0,0.6666666666666666,memoryless,42002398,0
,6,1.0,bayesian,42002398,0
,6,1.0,comparator,42002398,0
,0,0.4166666666666667,greedy,42002398,0
0,1,0.7916666666666666,slow,42002398,1
0,0,0.625,fast,42002398,1
0,0,0.625,adaptive_gain,42002398,1
0,1,0.7916666666666666,surprise_reset,42002398,1
0,0,0.625,memoryless,42002398,1
,5,1.0,bayesian,42002398,1
,7,1.0,comparator,42002398,1
,0,0.4166666666666667,greedy,42002398,1
0,4,1.0,slow,42002877,0
0,1,0.7083333333333334,fast,42002877,0
0,2,1.0,adaptive_gain,42002877,0
0,4,1.0,surprise_reset,42002877,0
0,0,0.7916666666666666,memoryless,42002877,0
,1,0.6875,bayesian,42002877,0
,1,0.6666666666666666,comparator,42002877,0
,0,0.5208333333333334,greedy,42002877,0
0,1,0.8333333333333334,slow,42002877,1
0,1,0.8958333333333334,fast,42002877,1
0,0,0.8125,adaptive_gain,42002877,1
0,1,0.8333333333333334,surprise_reset,42002877,1
0,0,0.75,memoryless,42002877,1
,1,0.6875,bayesian,42002877,1
,3,0.9791666666666666,comparator,42002877,1
,0,0.5416666666666666,greedy,42002877,1
0,2,1.0,slow,42003356,0
0,1,0.9166666666666666,fast,42003356,0
0,2,1.0,adaptive_gain,42003356,0
0,2,1.0,surprise_reset,42003356,0
0,0,0.6875,memoryless,42003356,0
,3,1.0,bayesian,42003356,0
,1,0.7083333333333334,comparator,42003356,0
,0,0.5416666666666666,greedy,42003356,0
0,1,0.8333333333333334,slow,42003356,1
0,1,0.9166666666666666,fast,42003356,1
0,1,0.8333333333333334,adaptive_gain,42003356,1
0,1,0.8333333333333334,surprise_reset,42003356,1
0,0,0.7291666666666666,memoryless,42003356,1
,1,0.7291666666666666,bayesian,42003356,1
,1,0.7083333333333334,comparator,42003356,1
,0,0.6041666666666666,greedy,42003356,1
0,2,1.0,slow,42003835,0
0,0,0.6875,fast,42003835,0
0,2,1.0,adaptive_gain,42003835,0
0,2,1.0,surprise_reset,42003835,0
0,0,0.8125,memoryless,42003835,0
,5,1.0,bayesian,42003835,0
,5,1.0,comparator,42003835,0
,0,0.5,greedy,42003835,0
0,0,0.7916666666666666,slow,42003835,1
0,0,0.8125,fast,42003835,1
0,0,0.8125,adaptive_gain,42003835,1
1,0,0.7708333333333334,surprise_reset,42003835,1
0,0,0.7916666666666666,memoryless,42003835,1
,3,1.0,bayesian,42003835,1
,2,0.8333333333333334,comparator,42003835,1
,0,0.5,greedy,42003835,1
0,0,0.5625,slow,42004314,0
0,0,0.5625,fast,42004314,0
0,0,0.5625,adaptive_gain,42004314,0
0,0,0.5625,surprise_reset,42004314,0
0,0,0.5833333333333334,memoryless,42004314,0
,0,0.4375,bayesian,42004314,0
,0,0.4583333333333333,comparator,42004314,0
,0,0.4583333333333333,greedy,42004314,0
0,0,0.5625,slow,42004314,1
0,0,0.5625,fast,42004314,1
0,0,0.5625,adaptive_gain,42004314,1
0,0,0.5625,surprise_reset,42004314,1
0,0,0.6041666666666666,memoryless,42004314,1
,0,0.4375,bayesian,42004314,1
,0,0.4583333333333333,comparator,42004314,1
,0,0.4583333333333333,greedy,42004314,1
0,5,1.0,slow,42004793,0
0,1,0.8958333333333334,fast,42004793,0
0,5,1.0,adaptive_gain,42004793,0
0,5,1.0,surprise_reset,42004793,0
0,0,0.7291666666666666,memoryless,42004793,0
,0,0.4791666666666667,bayesian,42004793,0
,4,1.0,comparator,42004793,0
,0,0.4791666666666667,greedy,42004793,0
0,2,0.8958333333333334,slow,42004793,1
0,3,1.0,fast,42004793,1
0,2,0.9375,adaptive_gain,42004793,1
0,2,0.8958333333333334,surprise_reset,42004793,1
0,0,0.6875,memoryless,42004793,1
,0,0.4791666666666667,bayesian,42004793,1
,2,0.8958333333333334,comparator,42004793,1
,0,0.4791666666666667,greedy,42004793,1
0,1,0.7916666666666666,slow,42005272,0
0,1,0.7916666666666666,fast,42005272,0
0,1,0.7916666666666666,adaptive_gain,42005272,0
0,1,0.7916666666666666,surprise_reset,42005272,0
0,0,0.625,memoryless,42005272,0
,5,1.0,bayesian,42005272,0
,3,1.0,comparator,42005272,0
,0,0.6041666666666666,greedy,42005272,0
0,1,0.8333333333333334,slow,42005272,1
0,1,0.8541666666666666,fast,42005272,1
0,1,0.8333333333333334,adaptive_gain,42005272,1
0,1,0.8333333333333334,surprise_reset,42005272,1
0,0,0.625,memoryless,42005272,1
,3,1.0,bayesian,42005272,1
,3,1.0,comparator,42005272,1
,0,0.6875,greedy,42005272,1
0,3,1.0,slow,42005751,0
0,0,0.7083333333333334,fast,42005751,0
0,0,0.7916666666666666,adaptive_gain,42005751,0
0,3,1.0,surprise_reset,42005751,0
0,0,0.7291666666666666,memoryless,42005751,0
,4,1.0,bayesian,42005751,0
,4,1.0,comparator,42005751,0
,0,0.5,greedy,42005751,0
0,0,0.6875,slow,42005751,1
0,1,1.0,fast,42005751,1
0,1,1.0,adaptive_gain,42005751,1
0,0,0.6875,surprise_reset,42005751,1
0,0,0.8125,memoryless,42005751,1
,5,1.0,bayesian,42005751,1
,4,1.0,comparator,42005751,1
,0,0.5,greedy,42005751,1
0,3,1.0,slow,42006230,0
0,1,0.7708333333333334,fast,42006230,0
0,1,0.7083333333333334,adaptive_gain,42006230,0
0,3,1.0,surprise_reset,42006230,0
0,0,0.7916666666666666,memoryless,42006230,0
,0,0.6041666666666666,bayesian,42006230,0
,0,0.625,comparator,42006230,0
,0,0.6041666666666666,greedy,42006230,0
0,1,0.8125,slow,42006230,1
0,1,0.7291666666666666,fast,42006230,1
0,1,0.8125,adaptive_gain,42006230,1
0,1,0.8125,surprise_reset,42006230,1
0,0,0.7291666666666666,memoryless,42006230,1
,4,1.0,bayesian,42006230,1
,4,1.0,comparator,42006230,1
,0,0.5625,greedy,42006230,1
0,3,1.0,slow,42006709,0
0,2,1.0,fast,42006709,0
0,2,1.0,adaptive_gain,42006709,0
0,3,1.0,surprise_reset,42006709,0
0,0,0.6666666666666666,memoryless,42006709,0
,4,0.875,bayesian,42006709,0
,2,0.8958333333333334,comparator,42006709,0
,4,0.875,greedy,42006709,0
0,1,0.7708333333333334,slow,42006709,1
0,1,0.9583333333333334,fast,42006709,1
0,1,0.7708333333333334,adaptive_gain,42006709,1
0,1,0.7708333333333334,surprise_reset,42006709,1
0,0,0.6666666666666666,memoryless,42006709,1
,4,0.8958333333333334,bayesian,42006709,1
,2,0.9375,comparator,42006709,1
,4,0.8958333333333334,greedy,42006709,1
0,0,0.6041666666666666,slow,42007188,0
0,0,0.6041666666666666,fast,42007188,0
0,0,0.6041666666666666,adaptive_gain,42007188,0
0,0,0.6041666666666666,surprise_reset,42007188,0
0,1,0.8541666666666666,memoryless,42007188,0
,4,1.0,bayesian,42007188,0
,4,1.0,comparator,42007188,0
,0,0.5833333333333334,greedy,42007188,0
0,0,0.5625,slow,42007188,1
0,0,0.6041666666666666,fast,42007188,1
0,0,0.5625,adaptive_gain,42007188,1
0,0,0.5625,surprise_reset,42007188,1
0,1,0.7916666666666666,memoryless,42007188,1
,1,0.6458333333333334,bayesian,42007188,1
,1,0.6458333333333334,comparator,42007188,1
,0,0.625,greedy,42007188,1
0,4,1.0,slow,42007667,0
0,4,1.0,fast,42007667,0
0,4,1.0,adaptive_gain,42007667,0
0,4,1.0,surprise_reset,42007667,0
0,0,0.8125,memoryless,42007667,0
,2,1.0,bayesian,42007667,0
,5,1.0,comparator,42007667,0
,0,0.5,greedy,42007667,0
0,0,0.7291666666666666,slow,42007667,1
0,0,0.8125,fast,42007667,1
0,2,1.0,adaptive_gain,42007667,1
1,3,1.0,surprise_reset,42007667,1
0,0,0.8125,memoryless,42007667,1
,3,1.0,bayesian,42007667,1
,4,1.0,comparator,42007667,1
,0,0.5,greedy,42007667,1
0,3,0.9791666666666666,slow,42008146,0
0,3,1.0,fast,42008146,0
0,3,0.9791666666666666,adaptive_gain,42008146,0
0,3,0.9791666666666666,surprise_reset,42008146,0
0,1,0.9791666666666666,memoryless,42008146,0
,5,1.0,bayesian,42008146,0
,5,1.0,comparator,42008146,0
,0,0.4375,greedy,42008146,0
0,3,1.0,slow,42008146,1
0,3,1.0,fast,42008146,1
0,3,1.0,adaptive_gain,42008146,1
1,3,1.0,surprise_reset,42008146,1
0,1,0.8958333333333334,memoryless,42008146,1
,5,1.0,bayesian,42008146,1
,5,1.0,comparator,42008146,1
,0,0.4375,greedy,42008146,1
0,4,1.0,slow,42008625,0
0,2,1.0,fast,42008625,0
0,2,1.0,adaptive_gain,42008625,0
0,4,1.0,surprise_reset,42008625,0
0,2,1.0,memoryless,42008625,0
,4,1.0,bayesian,42008625,0
,2,0.8958333333333334,comparator,42008625,0
,0,0.5416666666666666,greedy,42008625,0
0,1,0.8958333333333334,slow,42008625,1
0,1,0.8333333333333334,fast,42008625,1
0,1,1.0,adaptive_gain,42008625,1
0,1,0.8958333333333334,surprise_reset,42008625,1
0,1,0.8541666666666666,memoryless,42008625,1
,2,0.8333333333333334,bayesian,42008625,1
,1,0.7083333333333334,comparator,42008625,1
,0,0.5625,greedy,42008625,1
0,3,1.0,slow,42009104,0
0,0,0.8125,fast,42009104,0
0,3,1.0,adaptive_gain,42009104,0
0,3,1.0,surprise_reset,42009104,0
0,1,1.0,memoryless,42009104,0
,3,0.7916666666666666,bayesian,42009104,0
,5,1.0,comparator,42009104,0
,0,0.5208333333333334,greedy,42009104,0
0,0,0.75,slow,42009104,1
0,0,0.75,fast,42009104,1
0,1,0.9166666666666666,adaptive_gain,42009104,1
0,0,0.75,surprise_reset,42009104,1
0,0,0.7291666666666666,memoryless,42009104,1
,4,1.0,bayesian,42009104,1
,4,1.0,comparator,42009104,1
,0,0.5416666666666666,greedy,42009104,1
0,0,0.375,slow,42009583,0
0,0,0.375,fast,42009583,0
0,0,0.375,adaptive_gain,42009583,0
0,0,0.375,surprise_reset,42009583,0
0,0,0.6041666666666666,memoryless,42009583,0
,6,1.0,bayesian,42009583,0
,4,1.0,comparator,42009583,0
,0,0.4583333333333333,greedy,42009583,0
0,0,0.375,slow,42009583,1
0,0,0.375,fast,42009583,1
0,0,0.375,adaptive_gain,42009583,1
0,0,0.375,surprise_reset,42009583,1
0,0,0.625,memoryless,42009583,1
,6,1.0,bayesian,42009583,1
,4,1.0,comparator,42009583,1
,0,0.4583333333333333,greedy,42009583,1
0,1,0.8333333333333334,slow,42010062,0
0,0,0.6458333333333334,fast,42010062,0
0,1,0.8333333333333334,adaptive_gain,42010062,0
0,1,0.8333333333333334,surprise_reset,42010062,0
0,0,0.6875,memoryless,42010062,0
,3,1.0,bayesian,42010062,0
,5,1.0,comparator,42010062,0
,5,1.0,greedy,42010062,0
0,0,0.75,slow,42010062,1
0,0,0.75,fast,42010062,1
0,2,1.0,adaptive_gain,42010062,1
1,0,0.7916666666666666,surprise_reset,42010062,1
0,0,0.75,memoryless,42010062,1
,5,1.0,bayesian,42010062,1
,4,1.0,comparator,42010062,1
,2,0.9375,greedy,42010062,1
0,0,0.5,slow,42010541,0
0,2,0.8958333333333334,fast,42010541,0
0,0,0.5,adaptive_gain,42010541,0
0,0,0.5,surprise_reset,42010541,0
0,0,0.6666666666666666,memoryless,42010541,0
,0,0.4166666666666667,bayesian,42010541,0
,0,0.4166666666666667,comparator,42010541,0
,0,0.4166666666666667,greedy,42010541,0
0,0,0.5,slow,42010541,1
0,1,0.7291666666666666,fast,42010541,1
0,0,0.5,adaptive_gain,42010541,1
0,0,0.5,surprise_reset,42010541,1
0,0,0.6666666666666666,memoryless,42010541,1
,0,0.4166666666666667,bayesian,42010541,1
,0,0.4166666666666667,comparator,42010541,1
,0,0.4166666666666667,greedy,42010541,1
0,5,1.0,slow,42011020,0
0,0,0.5625,fast,42011020,0
0,4,1.0,adaptive_gain,42011020,0
0,5,1.0,surprise_reset,42011020,0
0,0,0.6666666666666666,memoryless,42011020,0
,4,1.0,bayesian,42011020,0
,6,1.0,comparator,42011020,0
,0,0.4166666666666667,greedy,42011020,0
0,1,0.8541666666666666,slow,42011020,1
0,0,0.5625,fast,42011020,1
0,1,0.8541666666666666,adaptive_gain,42011020,1
0,1,0.8541666666666666,surprise_reset,42011020,1
0,0,0.7291666666666666,memoryless,42011020,1
,2,0.9583333333333334,bayesian,42011020,1
,4,1.0,comparator,42011020,1
,0,0.4166666666666667,greedy,42011020,1
0,1,0.7708333333333334,slow,43000003,0
0,0,0.6041666666666666,fast,43000003,0
0,1,0.7708333333333334,adaptive_gain,43000003,0
0,1,0.7708333333333334,surprise_reset,43000003,0
0,0,0.7916666666666666,memoryless,43000003,0
,4,1.0,bayesian,43000003,0
,3,1.0,comparator,43000003,0
,0,0.5,greedy,43000003,0
0,0,0.6041666666666666,slow,43000003,1
0,0,0.6666666666666666,fast,43000003,1
0,0,0.6041666666666666,adaptive_gain,43000003,1
0,0,0.6041666666666666,surprise_reset,43000003,1
0,0,0.7916666666666666,memoryless,43000003,1
,3,1.0,bayesian,43000003,1
,1,0.6458333333333334,comparator,43000003,1
,0,0.5,greedy,43000003,1
0,6,1.0,slow,43000482,0
0,1,0.9791666666666666,fast,43000482,0
0,6,1.0,adaptive_gain,43000482,0
0,6,1.0,surprise_reset,43000482,0
0,0,0.75,memoryless,43000482,0
,4,1.0,bayesian,43000482,0
,4,1.0,comparator,43000482,0
,0,0.375,greedy,43000482,0
0,2,1.0,slow,43000482,1
0,1,0.75,fast,43000482,1
0,2,0.8958333333333334,adaptive_gain,43000482,1
1,2,0.9375,surprise_reset,43000482,1
0,0,0.7291666666666666,memoryless,43000482,1
,3,1.0,bayesian,43000482,1
,4,1.0,comparator,43000482,1
,0,0.375,greedy,43000482,1
0,0,0.4375,slow,43000961,0
0,0,0.4375,fast,43000961,0
0,0,0.4375,adaptive_gain,43000961,0
0,0,0.4375,surprise_reset,43000961,0
0,0,0.6666666666666666,memoryless,43000961,0
,2,0.8958333333333334,bayesian,43000961,0
,2,0.8333333333333334,comparator,43000961,0
,0,0.5,greedy,43000961,0
0,0,0.4375,slow,43000961,1
0,0,0.4375,fast,43000961,1
0,0,0.4375,adaptive_gain,43000961,1
0,0,0.4375,surprise_reset,43000961,1
0,0,0.6041666666666666,memoryless,43000961,1
,2,0.8958333333333334,bayesian,43000961,1
,2,0.875,comparator,43000961,1
,0,0.5,greedy,43000961,1
0,4,1.0,slow,43001440,0
0,0,0.5416666666666666,fast,43001440,0
0,1,1.0,adaptive_gain,43001440,0
0,4,1.0,surprise_reset,43001440,0
0,0,0.625,memoryless,43001440,0
,3,1.0,bayesian,43001440,0
,3,1.0,comparator,43001440,0
,0,0.4375,greedy,43001440,0
0,2,1.0,slow,43001440,1
0,0,0.5625,fast,43001440,1
0,1,0.9166666666666666,adaptive_gain,43001440,1
1,2,1.0,surprise_reset,43001440,1
0,0,0.6041666666666666,memoryless,43001440,1
,4,1.0,bayesian,43001440,1
,3,1.0,comparator,43001440,1
,0,0.4375,greedy,43001440,1
0,0,0.5208333333333334,slow,43001919,0
0,0,0.5208333333333334,fast,43001919,0
0,0,0.5208333333333334,adaptive_gain,43001919,0
0,0,0.5208333333333334,surprise_reset,43001919,0
0,0,0.7916666666666666,memoryless,43001919,0
,2,0.8333333333333334,bayesian,43001919,0
,5,1.0,comparator,43001919,0
,2,0.8125,greedy,43001919,0
0,0,0.5416666666666666,slow,43001919,1
0,0,0.5416666666666666,fast,43001919,1
0,0,0.5416666666666666,adaptive_gain,43001919,1
0,0,0.5416666666666666,surprise_reset,43001919,1
0,0,0.7291666666666666,memoryless,43001919,1
,2,0.8958333333333334,bayesian,43001919,1
,2,1.0,comparator,43001919,1
,2,0.9166666666666666,greedy,43001919,1
0,0,0.625,slow,43002398,0
0,0,0.625,fast,43002398,0
0,0,0.625,adaptive_gain,43002398,0
0,0,0.625,surprise_reset,43002398,0
0,0,0.75,memoryless,43002398,0
,4,1.0,bayesian,43002398,0
,5,1.0,comparator,43002398,0
,4,1.0,greedy,43002398,0
0,0,0.6875,slow,43002398,1
0,0,0.6875,fast,43002398,1
0,0,0.7916666666666666,adaptive_gain,43002398,1
0,0,0.6875,surprise_reset,43002398,1
0,0,0.75,memoryless,43002398,1
,2,0.9375,bayesian,43002398,1
,2,0.875,comparator,43002398,1
,1,0.8541666666666666,greedy,43002398,1
0,0,0.5416666666666666,slow,43002877,0
0,0,0.5416666666666666,fast,43002877,0
0,0,0.5416666666666666,adaptive_gain,43002877,0
0,0,0.5416666666666666,surprise_reset,43002877,0
0,0,0.6041666666666666,memoryless,43002877,0
,0,0.5416666666666666,bayesian,43002877,0
,0,0.5625,comparator,43002877,0
,0,0.4791666666666667,greedy,43002877,0
0,0,0.5416666666666666,slow,43002877,1
0,0,0.5416666666666666,fast,43002877,1
0,0,0.5416666666666666,adaptive_gain,43002877,1
0,0,0.5416666666666666,surprise_reset,43002877,1
0,0,0.6041666666666666,memoryless,43002877,1
,0,0.5625,bayesian,43002877,1
,0,0.625,comparator,43002877,1
,0,0.4791666666666667,greedy,43002877,1
0,5,1.0,slow,43003356,0
0,1,0.8333333333333334,fast,43003356,0
0,4,1.0,adaptive_gain,43003356,0
0,5,1.0,surprise_reset,43003356,0
0,0,0.7916666666666666,memoryless,43003356,0
,7,1.0,bayesian,43003356,0
,7,1.0,comparator,43003356,0
,0,0.4375,greedy,43003356,0
0,2,1.0,slow,43003356,1
0,1,0.8541666666666666,fast,43003356,1
0,2,1.0,adaptive_gain,43003356,1
1,2,1.0,surprise_reset,43003356,1
0,0,0.6875,memoryless,43003356,1
,7,1.0,bayesian,43003356,1
,5,1.0,comparator,43003356,1
,0,0.4375,greedy,43003356,1
0,0,0.5833333333333334,slow,43003835,0
0,0,0.6041666666666666,fast,43003835,0
0,0,0.5833333333333334,adaptive_gain,43003835,0
0,0,0.5833333333333334,surprise_reset,43003835,0
0,0,0.6666666666666666,memoryless,43003835,0
,3,1.0,bayesian,43003835,0
,2,1.0,comparator,43003835,0
,0,0.3541666666666667,greedy,43003835,0
0,0,0.6041666666666666,slow,43003835,1
0,0,0.6041666666666666,fast,43003835,1
0,0,0.6041666666666666,adaptive_gain,43003835,1
0,0,0.6041666666666666,surprise_reset,43003835,1
0,0,0.7291666666666666,memoryless,43003835,1
,2,1.0,bayesian,43003835,1
,2,1.0,comparator,43003835,1
,0,0.3541666666666667,greedy,43003835,1
0,0,0.5,slow,43004314,0
0,0,0.5,fast,43004314,0
0,0,0.5,adaptive_gain,43004314,0
0,0,0.5,surprise_reset,43004314,0
0,0,0.75,memoryless,43004314,0
,2,0.9166666666666666,bayesian,43004314,0
,2,0.7291666666666666,comparator,43004314,0
,6,1.0,greedy,43004314,0
0,0,0.5,slow,43004314,1
0,0,0.5,fast,43004314,1
0,0,0.5,adaptive_gain,43004314,1
0,0,0.5,surprise_reset,43004314,1
0,0,0.75,memoryless,43004314,1
,4,1.0,bayesian,43004314,1
,2,0.7916666666666666,comparator,43004314,1
,2,0.7916666666666666,greedy,43004314,1
0,6,1.0,slow,43004793,0
0,4,1.0,fast,43004793,0
0,6,1.0,adaptive_gain,43004793,0
0,6,1.0,surprise_reset,43004793,0
0,1,0.9583333333333334,memoryless,43004793,0
,4,1.0,bayesian,43004793,0
,4,1.0,comparator,43004793,0
,0,0.4791666666666667,greedy,43004793,0
0,1,0.8333333333333334,slow,43004793,1
0,3,1.0,fast,43004793,1
0,3,1.0,adaptive_gain,43004793,1
0,1,0.8333333333333334,surprise_reset,43004793,1
0,2,1.0,memoryless,43004793,1
,4,1.0,bayesian,43004793,1
,4,1.0,comparator,43004793,1
,0,0.4791666666666667,greedy,43004793,1
0,0,0.4791666666666667,slow,43005272,0
0,0,0.4791666666666667,fast,43005272,0
0,0,0.4791666666666667,adaptive_gain,43005272,0
0,0,0.4791666666666667,surprise_reset,43005272,0
0,0,0.6666666666666666,memoryless,43005272,0
,4,1.0,bayesian,43005272,0
,2,0.8333333333333334,comparator,43005272,0
,0,0.3958333333333333,greedy,43005272,0
0,0,0.4791666666666667,slow,43005272,1
0,0,0.4791666666666667,fast,43005272,1
0,0,0.4791666666666667,adaptive_gain,43005272,1
0,0,0.4791666666666667,surprise_reset,43005272,1
0,0,0.625,memoryless,43005272,1
,2,0.9166666666666666,bayesian,43005272,1
,4,1.0,comparator,43005272,1
,0,0.3958333333333333,greedy,43005272,1
0,3,1.0,slow,43005751,0
0,0,0.5,fast,43005751,0
0,3,1.0,adaptive_gain,43005751,0
0,3,1.0,surprise_reset,43005751,0
0,0,0.7291666666666666,memoryless,43005751,0
,3,1.0,bayesian,43005751,0
,6,1.0,comparator,43005751,0
,0,0.3541666666666667,greedy,43005751,0
0,1,0.875,slow,43005751,1
0,0,0.5,fast,43005751,1
0,1,0.8333333333333334,adaptive_gain,43005751,1
0,1,0.875,surprise_reset,43005751,1
0,0,0.7916666666666666,memoryless,43005751,1
,3,1.0,bayesian,43005751,1
,2,0.875,comparator,43005751,1
,0,0.3541666666666667,greedy,43005751,1
0,2,1.0,slow,43006230,0
0,3,1.0,fast,43006230,0
0,2,1.0,adaptive_gain,43006230,0
0,2,1.0,surprise_reset,43006230,0
0,0,0.75,memoryless,43006230,0
,1,0.7291666666666666,bayesian,43006230,0
,4,1.0,comparator,43006230,0
,0,0.4375,greedy,43006230,0
0,1,0.7708333333333334,slow,43006230,1
0,1,0.7708333333333334,fast,43006230,1
0,1,0.7708333333333334,adaptive_gain,43006230,1
0,1,0.7708333333333334,surprise_reset,43006230,1
0,0,0.75,memoryless,43006230,1
,1,0.6666666666666666,bayesian,43006230,1
,1,0.7083333333333334,comparator,43006230,1
,0,0.4375,greedy,43006230,1
0,1,0.7083333333333334,slow,43006709,0
0,0,0.6041666666666666,fast,43006709,0
0,0,0.6041666666666666,adaptive_gain,43006709,0
0,1,0.7083333333333334,surprise_reset,43006709,0
0,1,0.8541666666666666,memoryless,43006709,0
,3,1.0,bayesian,43006709,0
,3,1.0,comparator,43006709,0
,0,0.4791666666666667,greedy,43006709,0
0,0,0.5625,slow,43006709,1
0,0,0.6041666666666666,fast,43006709,1
0,0,0.6041666666666666,adaptive_gain,43006709,1
1,0,0.6041666666666666,surprise_reset,43006709,1
0,0,0.7916666666666666,memoryless,43006709,1
,4,1.0,bayesian,43006709,1
,1,0.7291666666666666,comparator,43006709,1
,0,0.4791666666666667,greedy,43006709,1
0,4,1.0,slow,43007188,0
0,4,1.0,fast,43007188,0
0,4,1.0,adaptive_gain,43007188,0
0,4,1.0,surprise_reset,43007188,0
0,2,1.0,memoryless,43007188,0
,5,1.0,bayesian,43007188,0
,6,1.0,comparator,43007188,0
,6,1.0,greedy,43007188,0
0,2,1.0,slow,43007188,1
0,2,1.0,fast,43007188,1
0,2,1.0,adaptive_gain,43007188,1
1,2,1.0,surprise_reset,43007188,1
0,2,0.9583333333333334,memoryless,43007188,1
,6,1.0,bayesian,43007188,1
,5,1.0,comparator,43007188,1
,3,0.9166666666666666,greedy,43007188,1
0,6,1.0,slow,43007667,0
0,6,1.0,fast,43007667,0
0,6,1.0,adaptive_gain,43007667,0
0,6,1.0,surprise_reset,43007667,0
0,1,0.9791666666666666,memoryless,43007667,0
,4,1.0,bayesian,43007667,0
,8,1.0,comparator,43007667,0
,0,0.75,greedy,43007667,0
0,3,1.0,slow,43007667,1
0,3,1.0,fast,43007667,1
0,3,1.0,adaptive_gain,43007667,1
1,3,1.0,surprise_reset,43007667,1
0,1,0.9583333333333334,memoryless,43007667,1
,4,1.0,bayesian,43007667,1
,5,1.0,comparator,43007667,1
,0,0.6875,greedy,43007667,1
0,0,0.5625,slow,43008146,0
0,0,0.5625,fast,43008146,0
0,0,0.5625,adaptive_gain,43008146,0
0,0,0.5625,surprise_reset,43008146,0
0,0,0.6875,memoryless,43008146,0
,2,0.9375,bayesian,43008146,0
,3,1.0,comparator,43008146,0
,6,1.0,greedy,43008146,0
0,0,0.625,slow,43008146,1
0,0,0.625,fast,43008146,1
0,0,0.6041666666666666,adaptive_gain,43008146,1
0,0,0.625,surprise_reset,43008146,1
0,0,0.6875,memoryless,43008146,1
,3,0.8958333333333334,bayesian,43008146,1
,3,1.0,comparator,43008146,1
,3,1.0,greedy,43008146,1
0,2,1.0,slow,43008625,0
0,0,0.5625,fast,43008625,0
0,2,1.0,adaptive_gain,43008625,0
0,2,1.0,surprise_reset,43008625,0
0,0,0.6666666666666666,memoryless,43008625,0
,1,0.7083333333333334,bayesian,43008625,0
,0,0.625,comparator,43008625,0
,0,0.5416666666666666,greedy,43008625,0
0,0,0.6666666666666666,slow,43008625,1
0,0,0.625,fast,43008625,1
0,0,0.6666666666666666,adaptive_gain,43008625,1
0,0,0.6666666666666666,surprise_reset,43008625,1
0,0,0.6666666666666666,memoryless,43008625,1
,1,0.7291666666666666,bayesian,43008625,1
,0,0.6458333333333334,comparator,43008625,1
,0,0.5833333333333334,greedy,43008625,1
0,1,0.6666666666666666,slow,43009104,0
0,6,1.0,fast,43009104,0
0,1,0.6666666666666666,adaptive_gain,43009104,0
0,1,0.6666666666666666,surprise_reset,43009104,0
0,0,0.625,memoryless,43009104,0
,5,1.0,bayesian,43009104,0
,6,1.0,comparator,43009104,0
,0,0.4791666666666667,greedy,43009104,0
0,1,0.7916666666666666,slow,43009104,1
0,2,0.8958333333333334,fast,43009104,1
0,1,0.6875,adaptive_gain,43009104,1
1,1,0.7916666666666666,surprise_reset,43009104,1
0,0,0.625,memoryless,43009104,1
,6,1.0,bayesian,43009104,1
,4,1.0,comparator,43009104,1
,0,0.4791666666666667,greedy,43009104,1
0,2,1.0,slow,43009583,0
0,3,1.0,fast,43009583,0
0,2,1.0,adaptive_gain,43009583,0
0,2,1.0,surprise_reset,43009583,0
0,1,0.8333333333333334,memoryless,43009583,0
,3,1.0,bayesian,43009583,0
,1,0.7083333333333334,comparator,43009583,0
,0,0.4583333333333333,greedy,43009583,0
0,1,0.8125,slow,43009583,1
0,1,0.8541666666666666,fast,43009583,1
0,1,0.8125,adaptive_gain,43009583,1
0,1,0.8125,surprise_reset,43009583,1
0,1,0.8333333333333334,memoryless,43009583,1
,1,0.7083333333333334,bayesian,43009583,1
,1,0.6666666666666666,comparator,43009583,1
,0,0.4583333333333333,greedy,43009583,1
0,3,1.0,slow,43010062,0
0,1,0.7708333333333334,fast,43010062,0
0,2,1.0,adaptive_gain,43010062,0
0,3,1.0,surprise_reset,43010062,0
0,0,0.6875,memoryless,43010062,0
,2,0.8541666666666666,bayesian,43010062,0
,2,0.8541666666666666,comparator,43010062,0
,4,0.9583333333333334,greedy,43010062,0
0,0,0.8125,slow,43010062,1
0,3,1.0,fast,43010062,1
0,0,0.8125,adaptive_gain,43010062,1
0,0,0.8125,surprise_reset,43010062,1
0,0,0.7291666666666666,memoryless,43010062,1
,3,0.9791666666666666,bayesian,43010062,1
,3,0.9791666666666666,comparator,43010062,1
,3,1.0,greedy,43010062,1
0,0,0.4375,slow,43010541,0
0,0,0.4375,fast,43010541,0
0,0,0.4375,adaptive_gain,43010541,0
0,0,0.4375,surprise_reset,43010541,0
0,0,0.6041666666666666,memoryless,43010541,0
,4,1.0,bayesian,43010541,0
,1,0.625,comparator,43010541,0
,0,0.5,greedy,43010541,0
0,0,0.4375,slow,43010541,1
0,0,0.4375,fast,43010541,1
0,0,0.4375,adaptive_gain,43010541,1
0,0,0.4375,surprise_reset,43010541,1
0,0,0.6041666666666666,memoryless,43010541,1
,1,0.6458333333333334,bayesian,43010541,1
,1,0.625,comparator,43010541,1
,0,0.5,greedy,43010541,1
0,0,0.5208333333333334,slow,43011020,0
0,0,0.5,fast,43011020,0
0,0,0.5208333333333334,adaptive_gain,43011020,0
0,0,0.5208333333333334,surprise_reset,43011020,0
0,0,0.7291666666666666,memoryless,43011020,0
,0,0.4166666666666667,bayesian,43011020,0
,0,0.4166666666666667,comparator,43011020,0
,0,0.4166666666666667,greedy,43011020,0
0,0,0.5416666666666666,slow,43011020,1
0,0,0.5,fast,43011020,1
0,0,0.5416666666666666,adaptive_gain,43011020,1
0,0,0.5416666666666666,surprise_reset,43011020,1
0,1,0.8541666666666666,memoryless,43011020,1
,0,0.4166666666666667,bayesian,43011020,1
,0,0.4166666666666667,comparator,43011020,1
,0,0.4166666666666667,greedy,43011020,1
0,1,0.9166666666666666,slow,44000003,0
0,1,0.8541666666666666,fast,44000003,0
0,1,0.9166666666666666,adaptive_gain,44000003,0
0,1,0.9166666666666666,surprise_reset,44000003,0
0,2,1.0,memoryless,44000003,0
,4,1.0,bayesian,44000003,0
,3,1.0,comparator,44000003,0
,0,0.7291666666666666,greedy,44000003,0
0,1,0.875,slow,44000003,1
0,1,0.8541666666666666,fast,44000003,1
0,1,0.9791666666666666,adaptive_gain,44000003,1
0,1,0.875,surprise_reset,44000003,1
0,2,1.0,memoryless,44000003,1
,3,1.0,bayesian,44000003,1
,2,1.0,comparator,44000003,1
,0,0.75,greedy,44000003,1
0,4,1.0,slow,44000482,0
0,4,1.0,fast,44000482,0
0,4,1.0,adaptive_gain,44000482,0
0,4,1.0,surprise_reset,44000482,0
0,0,0.8125,memoryless,44000482,0
,6,1.0,bayesian,44000482,0
,4,1.0,comparator,44000482,0
,9,1.0,greedy,44000482,0
0,1,0.75,slow,44000482,1
0,1,0.9166666666666666,fast,44000482,1
0,1,0.75,adaptive_gain,44000482,1
0,1,0.75,surprise_reset,44000482,1
0,0,0.75,memoryless,44000482,1
,7,1.0,bayesian,44000482,1
,5,1.0,comparator,44000482,1
,5,0.9583333333333334,greedy,44000482,1
0,0,0.6666666666666666,slow,44000961,0
0,0,0.6666666666666666,fast,44000961,0
0,0,0.6875,adaptive_gain,44000961,0
0,0,0.6666666666666666,surprise_reset,44000961,0
0,0,0.6875,memoryless,44000961,0
,3,1.0,bayesian,44000961,0
,2,1.0,comparator,44000961,0
,0,0.5416666666666666,greedy,44000961,0
0,0,0.6875,slow,44000961,1
0,0,0.6875,fast,44000961,1
0,0,0.75,adaptive_gain,44000961,1
0,0,0.6875,surprise_reset,44000961,1
0,0,0.6666666666666666,memoryless,44000961,1
,3,1.0,bayesian,44000961,1
,1,0.7916666666666666,comparator,44000961,1
,0,0.5625,greedy,44000961,1
0,6,1.0,slow,44001440,0
0,2,1.0,fast,44001440,0
0,6,1.0,adaptive_gain,44001440,0
0,6,1.0,surprise_reset,44001440,0
0,0,0.75,memoryless,44001440,0
,5,1.0,bayesian,44001440,0
,6,1.0,comparator,44001440,0
,0,0.375,greedy,44001440,0
0,2,1.0,slow,44001440,1
0,2,1.0,fast,44001440,1
0,2,1.0,adaptive_gain,44001440,1
1,2,1.0,surprise_reset,44001440,1
0,0,0.7916666666666666,memoryless,44001440,1
,6,1.0,bayesian,44001440,1
,2,0.8541666666666666,comparator,44001440,1
,0,0.375,greedy,44001440,1
0,0,0.6041666666666666,slow,44001919,0
0,0,0.6041666666666666,fast,44001919,0
0,0,0.6041666666666666,adaptive_gain,44001919,0
0,0,0.6041666666666666,surprise_reset,44001919,0
0,0,0.7291666666666666,memoryless,44001919,0
,4,1.0,bayesian,44001919,0
,3,1.0,comparator,44001919,0
,0,0.7916666666666666,greedy,44001919,0
0,0,0.6041666666666666,slow,44001919,1
0,0,0.6041666666666666,fast,44001919,1
0,0,0.6041666666666666,adaptive_gain,44001919,1
0,0,0.6041666666666666,surprise_reset,44001919,1
0,0,0.6875,memoryless,44001919,1
,6,1.0,bayesian,44001919,1
,2,1.0,comparator,44001919,1
,0,0.625,greedy,44001919,1
0,0,0.625,slow,44002398,0
0,0,0.625,fast,44002398,0
0,0,0.625,adaptive_gain,44002398,0
0,0,0.625,surprise_reset,44002398,0
0,0,0.6041666666666666,memoryless,44002398,0
,2,0.875,bayesian,44002398,0
,2,0.875,comparator,44002398,0
,0,0.4583333333333333,greedy,44002398,0
0,0,0.6458333333333334,slow,44002398,1
0,0,0.6666666666666666,fast,44002398,1
0,0,0.625,adaptive_gain,44002398,1
1,0,0.6666666666666666,surprise_reset,44002398,1
0,0,0.6041666666666666,memoryless,44002398,1
,2,0.8958333333333334,bayesian,44002398,1
,2,0.8958333333333334,comparator,44002398,1
,0,0.4583333333333333,greedy,44002398,1
0,3,1.0,slow,44002877,0
0,3,1.0,fast,44002877,0
0,3,1.0,adaptive_gain,44002877,0
0,3,1.0,surprise_reset,44002877,0
0,0,0.75,memoryless,44002877,0
,3,0.9375,bayesian,44002877,0
,3,1.0,comparator,44002877,0
,0,0.4791666666666667,greedy,44002877,0
0,2,1.0,slow,44002877,1
0,2,0.8958333333333334,fast,44002877,1
0,2,0.8958333333333334,adaptive_gain,44002877,1
0,2,1.0,surprise_reset,44002877,1
0,0,0.7916666666666666,memoryless,44002877,1
,3,1.0,bayesian,44002877,1
,1,0.7083333333333334,comparator,44002877,1
,0,0.4791666666666667,greedy,44002877,1
0,0,0.5625,slow,44003356,0
0,4,1.0,fast,44003356,0
0,0,0.5625,adaptive_gain,44003356,0
0,0,0.5625,surprise_reset,44003356,0
0,0,0.8125,memoryless,44003356,0
,0,0.3958333333333333,bayesian,44003356,0
,0,0.3958333333333333,comparator,44003356,0
,0,0.4583333333333333,greedy,44003356,0
0,0,0.625,slow,44003356,1
0,1,0.7708333333333334,fast,44003356,1
0,0,0.625,adaptive_gain,44003356,1
0,0,0.625,surprise_reset,44003356,1
0,0,0.8125,memoryless,44003356,1
,0,0.3958333333333333,bayesian,44003356,1
,0,0.3958333333333333,comparator,44003356,1
,0,0.4583333333333333,greedy,44003356,1
0,0,0.625,slow,44003835,0
0,0,0.625,fast,44003835,0
0,0,0.625,adaptive_gain,44003835,0
0,0,0.625,surprise_reset,44003835,0
0,0,0.7291666666666666,memoryless,44003835,0
,0,0.625,bayesian,44003835,0
,0,0.625,comparator,44003835,0
,0,0.6041666666666666,greedy,44003835,0
0,0,0.7916666666666666,slow,44003835,1
0,0,0.7708333333333334,fast,44003835,1
0,0,0.6875,adaptive_gain,44003835,1
0,0,0.7916666666666666,surprise_reset,44003835,1
0,0,0.6666666666666666,memoryless,44003835,1
,0,0.6666666666666666,bayesian,44003835,1
,0,0.7291666666666666,comparator,44003835,1
,0,0.6041666666666666,greedy,44003835,1
0,1,0.7916666666666666,slow,44004314,0
0,1,0.7916666666666666,fast,44004314,0
0,1,0.7916666666666666,adaptive_gain,44004314,0
0,1,0.7916666666666666,surprise_reset,44004314,0
0,1,0.9791666666666666,memoryless,44004314,0
,2,1.0,bayesian,44004314,0
,3,1.0,comparator,44004314,0
,1,0.7291666666666666,greedy,44004314,0
0,0,0.6875,slow,44004314,1
0,0,0.6875,fast,44004314,1
0,0,0.6875,adaptive_gain,44004314,1
0,0,0.6875,surprise_reset,44004314,1
0,1,0.9166666666666666,memoryless,44004314,1
,3,1.0,bayesian,44004314,1
,3,1.0,comparator,44004314,1
,1,0.9166666666666666,greedy,44004314,1
0,0,0.6666666666666666,slow,44004793,0
0,0,0.6666666666666666,fast,44004793,0
0,0,0.6666666666666666,adaptive_gain,44004793,0
0,0,0.6666666666666666,surprise_reset,44004793,0
0,0,0.7291666666666666,memoryless,44004793,0
,4,1.0,bayesian,44004793,0
,4,1.0,comparator,44004793,0
,0,0.4791666666666667,greedy,44004793,0
0,0,0.6041666666666666,slow,44004793,1
0,0,0.625,fast,44004793,1
0,0,0.6666666666666666,adaptive_gain,44004793,1
0,0,0.6041666666666666,surprise_reset,44004793,1
0,0,0.6666666666666666,memoryless,44004793,1
,5,1.0,bayesian,44004793,1
,4,1.0,comparator,44004793,1
,0,0.4791666666666667,greedy,44004793,1
0,4,1.0,slow,44005272,0
0,0,0.7916666666666666,fast,44005272,0
0,4,1.0,adaptive_gain,44005272,0
0,4,1.0,surprise_reset,44005272,0
0,0,0.7291666666666666,memoryless,44005272,0
,2,0.8958333333333334,bayesian,44005272,0
,2,0.8333333333333334,comparator,44005272,0
,0,0.4375,greedy,44005272,0
0,1,0.875,slow,44005272,1
0,0,0.7916666666666666,fast,44005272,1
0,1,0.9375,adaptive_gain,44005272,1
0,1,0.875,surprise_reset,44005272,1
0,0,0.7291666666666666,memoryless,44005272,1
,2,0.9166666666666666,bayesian,44005272,1
,2,0.8958333333333334,comparator,44005272,1
,0,0.4375,greedy,44005272,1
0,3,1.0,slow,44005751,0
0,1,0.8333333333333334,fast,44005751,0
0,2,1.0,adaptive_gain,44005751,0
0,3,1.0,surprise_reset,44005751,0
0,0,0.6666666666666666,memoryless,44005751,0
,2,0.7708333333333334,bayesian,44005751,0
,2,0.7708333333333334,comparator,44005751,0
,0,0.6875,greedy,44005751,0
0,0,0.625,slow,44005751,1
0,0,0.625,fast,44005751,1
0,0,0.625,adaptive_gain,44005751,1
0,0,0.625,surprise_reset,44005751,1
0,0,0.7291666666666666,memoryless,44005751,1
,2,0.7708333333333334,bayesian,44005751,1
,2,0.8125,comparator,44005751,1
,0,0.6875,greedy,44005751,1
0,0,0.4791666666666667,slow,44006230,0
0,0,0.5,fast,44006230,0
0,0,0.4791666666666667,adaptive_gain,44006230,0
0,0,0.4791666666666667,surprise_reset,44006230,0
0,0,0.7291666666666666,memoryless,44006230,0
,6,1.0,bayesian,44006230,0
,7,1.0,comparator,44006230,0
,0,0.4791666666666667,greedy,44006230,0
0,0,0.4791666666666667,slow,44006230,1
0,0,0.5,fast,44006230,1
0,0,0.4791666666666667,adaptive_gain,44006230,1
0,0,0.4791666666666667,surprise_reset,44006230,1
0,0,0.75,memoryless,44006230,1
,5,1.0,bayesian,44006230,1
,4,1.0,comparator,44006230,1
,0,0.4791666666666667,greedy,44006230,1
0,5,1.0,slow,44006709,0
0,3,1.0,fast,44006709,0
0,5,1.0,adaptive_gain,44006709,0
0,5,1.0,surprise_reset,44006709,0
0,0,0.7916666666666666,memoryless,44006709,0
,3,0.75,bayesian,44006709,0
,3,0.8125,comparator,44006709,0
,3,0.7708333333333334,greedy,44006709,0
0,2,1.0,slow,44006709,1
0,2,1.0,fast,44006709,1
0,2,1.0,adaptive_gain,44006709,1
1,4,1.0,surprise_reset,44006709,1
0,0,0.7916666666666666,memoryless,44006709,1
,3,0.7916666666666666,bayesian,44006709,1
,5,1.0,comparator,44006709,1
,3,0.8333333333333334,greedy,44006709,1
0,5,1.0,slow,44007188,0
0,3,1.0,fast,44007188,0
0,5,1.0,adaptive_gain,44007188,0
0,5,1.0,surprise_reset,44007188,0
0,0,0.7916666666666666,memoryless,44007188,0
,4,1.0,bayesian,44007188,0
,4,1.0,comparator,44007188,0
,0,0.375,greedy,44007188,0
0,1,0.7916666666666666,slow,44007188,1
0,0,0.7291666666666666,fast,44007188,1
0,1,0.9791666666666666,adaptive_gain,44007188,1
1,4,1.0,surprise_reset,44007188,1
0,0,0.8125,memoryless,44007188,1
,3,1.0,bayesian,44007188,1
,3,1.0,comparator,44007188,1
,0,0.375,greedy,44007188,1
0,5,1.0,slow,44007667,0
0,5,1.0,fast,44007667,0
0,5,1.0,adaptive_gain,44007667,0
0,5,1.0,surprise_reset,44007667,0
0,0,0.5625,memoryless,44007667,0
,2,0.8333333333333334,bayesian,44007667,0
,2,0.8333333333333334,comparator,44007667,0
,0,0.4375,greedy,44007667,0
0,1,0.7916666666666666,slow,44007667,1
0,1,0.9583333333333334,fast,44007667,1
0,1,0.8958333333333334,adaptive_gain,44007667,1
1,3,1.0,surprise_reset,44007667,1
0,0,0.5625,memoryless,44007667,1
,2,0.8333333333333334,bayesian,44007667,1
,1,0.7708333333333334,comparator,44007667,1
,0,0.4375,greedy,44007667,1
0,3,1.0,slow,44008146,0
0,3,1.0,fast,44008146,0
0,3,1.0,adaptive_gain,44008146,0
0,3,1.0,surprise_reset,44008146,0
0,0,0.7291666666666666,memoryless,44008146,0
,1,0.6041666666666666,bayesian,44008146,0
,5,1.0,comparator,44008146,0
,0,0.4791666666666667,greedy,44008146,0
0,1,0.8125,slow,44008146,1
0,1,0.8958333333333334,fast,44008146,1
0,1,0.9583333333333334,adaptive_gain,44008146,1
1,1,0.8958333333333334,surprise_reset,44008146,1
0,0,0.7291666666666666,memoryless,44008146,1
,1,0.6458333333333334,bayesian,44008146,1
,2,0.9375,comparator,44008146,1
,0,0.4791666666666667,greedy,44008146,1
0,0,0.5416666666666666,slow,44008625,0
0,0,0.5416666666666666,fast,44008625,0
0,0,0.5416666666666666,adaptive_gain,44008625,0
0,0,0.5416666666666666,surprise_reset,44008625,0
0,0,0.7291666666666666,memoryless,44008625,0
,0,0.4375,bayesian,44008625,0
,0,0.4375,comparator,44008625,0
,4,1.0,greedy,44008625,0
0,0,0.5416666666666666,slow,44008625,1
0,0,0.5416666666666666,fast,44008625,1
0,0,0.5416666666666666,adaptive_gain,44008625,1
0,0,0.5416666666666666,surprise_reset,44008625,1
0,0,0.625,memoryless,44008625,1
,0,0.4375,bayesian,44008625,1
,0,0.4375,comparator,44008625,1
,2,0.7916666666666666,greedy,44008625,1
0,3,1.0,slow,44009104,0
0,0,0.5416666666666666,fast,44009104,0
0,3,1.0,adaptive_gain,44009104,0
0,3,1.0,surprise_reset,44009104,0
0,1,0.9166666666666666,memoryless,44009104,0
,4,1.0,bayesian,44009104,0
,5,1.0,comparator,44009104,0
,0,0.3541666666666667,greedy,44009104,0
0,1,0.8125,slow,44009104,1
0,0,0.6041666666666666,fast,44009104,1
0,1,0.8125,adaptive_gain,44009104,1
0,1,0.8125,surprise_reset,44009104,1
0,1,0.875,memoryless,44009104,1
,4,1.0,bayesian,44009104,1
,4,1.0,comparator,44009104,1
,0,0.3541666666666667,greedy,44009104,1
0,3,1.0,slow,44009583,0
0,0,0.5,fast,44009583,0
0,3,1.0,adaptive_gain,44009583,0
0,3,1.0,surprise_reset,44009583,0
0,0,0.6666666666666666,memoryless,44009583,0
,5,1.0,bayesian,44009583,0
,5,1.0,comparator,44009583,0
,0,0.4166666666666667,greedy,44009583,0
0,1,0.7291666666666666,slow,44009583,1
0,0,0.5,fast,44009583,1
0,1,0.7291666666666666,adaptive_gain,44009583,1
0,1,0.7291666666666666,surprise_reset,44009583,1
0,0,0.6666666666666666,memoryless,44009583,1
,4,1.0,bayesian,44009583,1
,6,1.0,comparator,44009583,1
,0,0.4166666666666667,greedy,44009583,1
0,3,1.0,slow,44010062,0
0,0,0.75,fast,44010062,0
0,3,1.0,adaptive_gain,44010062,0
0,3,1.0,surprise_reset,44010062,0
0,1,0.8958333333333334,memoryless,44010062,0
,3,0.9791666666666666,bayesian,44010062,0
,4,1.0,comparator,44010062,0
,0,0.6041666666666666,greedy,44010062,0
0,1,0.9791666666666666,slow,44010062,1
0,0,0.7291666666666666,fast,44010062,1
0,1,0.9166666666666666,adaptive_gain,44010062,1
1,2,1.0,surprise_reset,44010062,1
0,1,0.8958333333333334,memoryless,44010062,1
,3,1.0,bayesian,44010062,1
,4,1.0,comparator,44010062,1
,0,0.7291666666666666,greedy,44010062,1
0,0,0.75,slow,44010541,0
0,0,0.75,fast,44010541,0
0,0,0.75,adaptive_gain,44010541,0
0,0,0.75,surprise_reset,44010541,0
0,0,0.6875,memoryless,44010541,0
,4,1.0,bayesian,44010541,0
,5,1.0,comparator,44010541,0
,0,0.4375,greedy,44010541,0
0,0,0.75,slow,44010541,1
0,0,0.6666666666666666,fast,44010541,1
0,0,0.75,adaptive_gain,44010541,1
1,0,0.7291666666666666,surprise_reset,44010541,1
0,0,0.75,memoryless,44010541,1
,6,1.0,bayesian,44010541,1
,3,0.9791666666666666,comparator,44010541,1
,0,0.4375,greedy,44010541,1
0,4,1.0,slow,44011020,0
0,2,0.9375,fast,44011020,0
0,4,1.0,adaptive_gain,44011020,0
0,4,1.0,surprise_reset,44011020,0
0,1,0.9375,memoryless,44011020,0
,2,0.875,bayesian,44011020,0
,2,0.875,comparator,44011020,0
,0,0.3541666666666667,greedy,44011020,0
0,2,1.0,slow,44011020,1
0,2,0.9583333333333334,fast,44011020,1
0,2,0.9583333333333334,adaptive_gain,44011020,1
1,3,1.0,surprise_reset,44011020,1
0,1,0.8958333333333334,memoryless,44011020,1
,2,0.875,bayesian,44011020,1
,2,0.9375,comparator,44011020,1
,0,0.3541666666666667,greedy,44011020,1
0,4,1.0,slow,45000003,0
0,4,1.0,fast,45000003,0
0,2,1.0,adaptive_gain,45000003,0
0,4,1.0,surprise_reset,45000003,0
0,0,0.6875,memoryless,45000003,0
,1,0.75,bayesian,45000003,0
,3,1.0,comparator,45000003,0
,0,0.5,greedy,45000003,0
0,2,1.0,slow,45000003,1
0,2,1.0,fast,45000003,1
0,2,0.9375,adaptive_gain,45000003,1
0,2,1.0,surprise_reset,45000003,1
0,0,0.7291666666666666,memoryless,45000003,1
,1,0.7708333333333334,bayesian,45000003,1
,1,0.8333333333333334,comparator,45000003,1
,0,0.5,greedy,45000003,1
0,3,1.0,slow,45000482,0
0,3,1.0,fast,45000482,0
0,3,1.0,adaptive_gain,45000482,0
0,3,1.0,surprise_reset,45000482,0
0,0,0.8125,memoryless,45000482,0
,7,1.0,bayesian,45000482,0
,4,1.0,comparator,45000482,0
,7,1.0,greedy,45000482,0
0,1,0.8333333333333334,slow,45000482,1
0,1,0.7708333333333334,fast,45000482,1
0,1,0.9791666666666666,adaptive_gain,45000482,1
0,1,0.8333333333333334,surprise_reset,45000482,1
0,0,0.7916666666666666,memoryless,45000482,1
,7,1.0,bayesian,45000482,1
,4,1.0,comparator,45000482,1
,4,0.9166666666666666,greedy,45000482,1
0,5,1.0,slow,45000961,0
0,1,0.7708333333333334,fast,45000961,0
0,1,0.8958333333333334,adaptive_gain,45000961,0
0,5,1.0,surprise_reset,45000961,0
0,0,0.8125,memoryless,45000961,0
,1,0.5833333333333334,bayesian,45000961,0
,4,1.0,comparator,45000961,0
,0,0.4166666666666667,greedy,45000961,0
0,2,0.875,slow,45000961,1
0,1,0.8333333333333334,fast,45000961,1
0,1,0.9166666666666666,adaptive_gain,45000961,1
0,2,0.875,surprise_reset,45000961,1
0,1,0.9166666666666666,memoryless,45000961,1
,1,0.6041666666666666,bayesian,45000961,1
,5,1.0,comparator,45000961,1
,0,0.4166666666666667,greedy,45000961,1
0,3,1.0,slow,45001440,0
0,3,1.0,fast,45001440,0
0,2,1.0,adaptive_gain,45001440,0
0,3,1.0,surprise_reset,45001440,0
0,0,0.7291666666666666,memoryless,45001440,0
,2,0.875,bayesian,45001440,0
,0,0.4791666666666667,comparator,45001440,0
,0,0.4791666666666667,greedy,45001440,0
0,2,1.0,slow,45001440,1
0,2,1.0,fast,45001440,1
0,2,1.0,adaptive_gain,45001440,1
0,2,1.0,surprise_reset,45001440,1
0,0,0.7291666666666666,memoryless,45001440,1
,4,1.0,bayesian,45001440,1
,0,0.4791666666666667,comparator,45001440,1
,0,0.4791666666666667,greedy,45001440,1
0,4,1.0,slow,45001919,0
0,4,1.0,fast,45001919,0
0,4,1.0,adaptive_gain,45001919,0
0,4,1.0,surprise_reset,45001919,0
0,0,0.75,memoryless,45001919,0
,4,1.0,bayesian,45001919,0
,4,1.0,comparator,45001919,0
,0,0.6875,greedy,45001919,0
0,1,1.0,slow,45001919,1
0,1,0.8541666666666666,fast,45001919,1
0,1,1.0,adaptive_gain,45001919,1
1,3,1.0,surprise_reset,45001919,1
0,0,0.75,memoryless,45001919,1
,1,0.7916666666666666,bayesian,45001919,1
,3,1.0,comparator,45001919,1
,0,0.7291666666666666,greedy,45001919,1
0,2,1.0,slow,45002398,0
0,2,1.0,fast,45002398,0
0,2,1.0,adaptive_gain,45002398,0
0,2,1.0,surprise_reset,45002398,0
0,0,0.625,memoryless,45002398,0
,6,1.0,bayesian,45002398,0
,6,1.0,comparator,45002398,0
,5,1.0,greedy,45002398,0
0,1,0.9166666666666666,slow,45002398,1
0,1,0.9791666666666666,fast,45002398,1
0,1,0.8541666666666666,adaptive_gain,45002398,1
0,1,0.9166666666666666,surprise_reset,45002398,1
0,0,0.5625,memoryless,45002398,1
,5,1.0,bayesian,45002398,1
,5,1.0,comparator,45002398,1
,2,0.9375,greedy,45002398,1
0,0,0.6041666666666666,slow,45002877,0
0,0,0.6041666666666666,fast,45002877,0
0,0,0.6041666666666666,adaptive_gain,45002877,0
0,0,0.6041666666666666,surprise_reset,45002877,0
0,0,0.75,memoryless,45002877,0
,2,0.75,bayesian,45002877,0
,2,0.75,comparator,45002877,0
,2,0.6875,greedy,45002877,0
0,0,0.6041666666666666,slow,45002877,1
0,0,0.6041666666666666,fast,45002877,1
0,0,0.6041666666666666,adaptive_gain,45002877,1
0,0,0.6041666666666666,surprise_reset,45002877,1
0,0,0.75,memoryless,45002877,1
,2,0.7708333333333334,bayesian,45002877,1
,2,0.8125,comparator,45002877,1
,2,0.8541666666666666,greedy,45002877,1
0,5,1.0,slow,45003356,0
0,3,1.0,fast,45003356,0
0,3,1.0,adaptive_gain,45003356,0
0,5,1.0,surprise_reset,45003356,0
0,1,0.9583333333333334,memoryless,45003356,0
,5,1.0,bayesian,45003356,0
,5,1.0,comparator,45003356,0
,2,0.875,greedy,45003356,0
0,2,1.0,slow,45003356,1
0,2,1.0,fast,45003356,1
0,3,1.0,adaptive_gain,45003356,1
1,3,1.0,surprise_reset,45003356,1
0,0,0.7916666666666666,memoryless,45003356,1
,6,1.0,bayesian,45003356,1
,3,1.0,comparator,45003356,1
,2,0.9791666666666666,greedy,45003356,1
0,3,1.0,slow,45003835,0
0,0,0.5,fast,45003835,0
0,3,1.0,adaptive_gain,45003835,0
0,3,1.0,surprise_reset,45003835,0
0,0,0.6458333333333334,memoryless,45003835,0
,0,0.5,bayesian,45003835,0
,3,1.0,comparator,45003835,0
,0,0.4583333333333333,greedy,45003835,0
0,0,0.6666666666666666,slow,45003835,1
0,0,0.5,fast,45003835,1
0,0,0.6666666666666666,adaptive_gain,45003835,1
1,0,0.6666666666666666,surprise_reset,45003835,1
0,0,0.7291666666666666,memoryless,45003835,1
,0,0.5,bayesian,45003835,1
,0,0.5416666666666666,comparator,45003835,1
,0,0.4583333333333333,greedy,45003835,1
0,0,0.5208333333333334,slow,45004314,0
0,0,0.5208333333333334,fast,45004314,0
0,0,0.5208333333333334,adaptive_gain,45004314,0
0,0,0.5208333333333334,surprise_reset,45004314,0
0,0,0.8125,memoryless,45004314,0
,5,1.0,bayesian,45004314,0
,5,1.0,comparator,45004314,0
,5,1.0,greedy,45004314,0
0,0,0.5416666666666666,slow,45004314,1
0,0,0.5416666666666666,fast,45004314,1
0,0,0.5416666666666666,adaptive_gain,45004314,1
0,0,0.5416666666666666,surprise_reset,45004314,1
0,0,0.8125,memoryless,45004314,1
,4,1.0,bayesian,45004314,1
,5,1.0,comparator,45004314,1
,1,0.7083333333333334,greedy,45004314,1
0,0,0.5416666666666666,slow,45004793,0
0,0,0.6041666666666666,fast,45004793,0
0,0,0.6666666666666666,adaptive_gain,45004793,0
0,0,0.5416666666666666,surprise_reset,45004793,0
0,0,0.6666666666666666,memoryless,45004793,0
,3,1.0,bayesian,45004793,0
,3,1.0,comparator,45004793,0
,6,1.0,greedy,45004793,0
0,0,0.5625,slow,45004793,1
0,0,0.625,fast,45004793,1
0,0,0.7083333333333334,adaptive_gain,45004793,1
0,0,0.5625,surprise_reset,45004793,1
0,0,0.625,memoryless,45004793,1
,3,1.0,bayesian,45004793,1
,3,1.0,comparator,45004793,1
,3,0.8333333333333334,greedy,45004793,1
0,1,0.7291666666666666,slow,45005272,0
0,0,0.625,fast,45005272,0
0,0,0.7708333333333334,adaptive_gain,45005272,0
0,1,0.7291666666666666,surprise_reset,45005272,0
0,0,0.6875,memoryless,45005272,0
,4,1.0,bayesian,45005272,0
,3,1.0,comparator,45005272,0
,0,0.4166666666666667,greedy,45005272,0
0,0,0.7291666666666666,slow,45005272,1
0,0,0.6875,fast,45005272,1
0,0,0.6666666666666666,adaptive_gain,45005272,1
0,0,0.7291666666666666,surprise_reset,45005272,1
0,0,0.7291666666666666,memoryless,45005272,1
,3,1.0,bayesian,45005272,1
,3,1.0,comparator,45005272,1
,0,0.4166666666666667,greedy,45005272,1
0,2,1.0,slow,45005751,0
0,1,0.875,fast,45005751,0
0,2,1.0,adaptive_gain,45005751,0
0,2,1.0,surprise_reset,45005751,0
0,0,0.6875,memoryless,45005751,0
,4,1.0,bayesian,45005751,0
,3,1.0,comparator,45005751,0
,0,0.5,greedy,45005751,0
0,1,0.8333333333333334,slow,45005751,1
0,1,0.8541666666666666,fast,45005751,1
0,1,0.8333333333333334,adaptive_gain,45005751,1
0,1,0.8333333333333334,surprise_reset,45005751,1
0,0,0.6875,memoryless,45005751,1
,3,1.0,bayesian,45005751,1
,5,1.0,comparator,45005751,1
,0,0.5,greedy,45005751,1
0,0,0.7291666666666666,slow,45006230,0
0,1,0.9791666666666666,fast,45006230,0
0,3,1.0,adaptive_gain,45006230,0
0,0,0.7291666666666666,surprise_reset,45006230,0
0,0,0.75,memoryless,45006230,0
,4,1.0,bayesian,45006230,0
,6,1.0,comparator,45006230,0
,0,0.5,greedy,45006230,0
0,0,0.6666666666666666,slow,45006230,1
0,0,0.6458333333333334,fast,45006230,1
0,0,0.625,adaptive_gain,45006230,1
0,0,0.6666666666666666,surprise_reset,45006230,1
0,0,0.7291666666666666,memoryless,45006230,1
,4,1.0,bayesian,45006230,1
,4,1.0,comparator,45006230,1
,0,0.5,greedy,45006230,1
0,4,1.0,slow,45006709,0
0,2,0.9583333333333334,fast,45006709,0
0,3,1.0,adaptive_gain,45006709,0
0,4,1.0,surprise_reset,45006709,0
0,0,0.625,memoryless,45006709,0
,3,1.0,bayesian,45006709,0
,3,1.0,comparator,45006709,0
,0,0.4375,greedy,45006709,0
0,1,0.9375,slow,45006709,1
0,1,0.75,fast,45006709,1
0,1,0.7291666666666666,adaptive_gain,45006709,1
0,1,0.9375,surprise_reset,45006709,1
0,0,0.6666666666666666,memoryless,45006709,1
,3,1.0,bayesian,45006709,1
,1,0.6458333333333334,comparator,45006709,1
,0,0.4375,greedy,45006709,1
0,4,1.0,slow,45007188,0
0,0,0.8125,fast,45007188,0
0,4,1.0,adaptive_gain,45007188,0
0,4,1.0,surprise_reset,45007188,0
0,0,0.7916666666666666,memoryless,45007188,0
,6,1.0,bayesian,45007188,0
,7,1.0,comparator,45007188,0
,0,0.4375,greedy,45007188,0
0,1,0.9166666666666666,slow,45007188,1
0,0,0.7916666666666666,fast,45007188,1
0,1,0.9583333333333334,adaptive_gain,45007188,1
0,1,0.9166666666666666,surprise_reset,45007188,1
0,0,0.7291666666666666,memoryless,45007188,1
,7,1.0,bayesian,45007188,1
,7,1.0,comparator,45007188,1
,0,0.4375,greedy,45007188,1
0,2,0.875,slow,45007667,0
0,2,0.875,fast,45007667,0
0,2,0.875,adaptive_gain,45007667,0
0,2,0.875,surprise_reset,45007667,0
0,0,0.6041666666666666,memoryless,45007667,0
,1,0.625,bayesian,45007667,0
,1,0.6666666666666666,comparator,45007667,0
,0,0.4791666666666667,greedy,45007667,0
0,2,1.0,slow,45007667,1
0,2,1.0,fast,45007667,1
0,2,1.0,adaptive_gain,45007667,1
1,4,1.0,surprise_reset,45007667,1
0,0,0.625,memoryless,45007667,1
,1,0.6041666666666666,bayesian,45007667,1
,1,0.8333333333333334,comparator,45007667,1
,0,0.4791666666666667,greedy,45007667,1
0,3,1.0,slow,45008146,0
0,3,1.0,fast,45008146,0
0,0,0.75,adaptive_gain,45008146,0
0,3,1.0,surprise_reset,45008146,0
0,0,0.8125,memoryless,45008146,0
,4,1.0,bayesian,45008146,0
,4,1.0,comparator,45008146,0
,0,0.4791666666666667,greedy,45008146,0
0,0,0.7291666666666666,slow,45008146,1
0,0,0.75,fast,45008146,1
0,0,0.8125,adaptive_gain,45008146,1
0,0,0.7291666666666666,surprise_reset,45008146,1
0,0,0.7916666666666666,memoryless,45008146,1
,4,1.0,bayesian,45008146,1
,3,1.0,comparator,45008146,1
,0,0.4791666666666667,greedy,45008146,1
0,0,0.8125,slow,45008625,0
0,2,1.0,fast,45008625,0
0,0,0.8125,adaptive_gain,45008625,0
0,0,0.8125,surprise_reset,45008625,0
0,0,0.8125,memoryless,45008625,0
,5,1.0,bayesian,45008625,0
,5,1.0,comparator,45008625,0
,0,0.4791666666666667,greedy,45008625,0
0,0,0.8125,slow,45008625,1
0,1,0.7291666666666666,fast,45008625,1
0,0,0.8125,adaptive_gain,45008625,1
1,0,0.8125,surprise_reset,45008625,1
0,0,0.75,memoryless,45008625,1
,5,1.0,bayesian,45008625,1
,5,1.0,comparator,45008625,1
,0,0.4791666666666667,greedy,45008625,1
0,1,0.625,slow,45009104,0
0,1,0.625,fast,45009104,0
0,1,0.625,adaptive_gain,45009104,0
0,1,0.625,surprise_reset,45009104,0
0,1,0.7916666666666666,memoryless,45009104,0
,2,0.9583333333333334,bayesian,45009104,0
,0,0.3958333333333333,comparator,45009104,0
,0,0.375,greedy,45009104,0
0,1,0.6666666666666666,slow,45009104,1
0,1,0.6666666666666666,fast,45009104,1
0,1,0.7291666666666666,adaptive_gain,45009104,1
0,1,0.6666666666666666,surprise_reset,45009104,1
0,1,0.7916666666666666,memoryless,45009104,1
,2,0.9375,bayesian,45009104,1
,0,0.3958333333333333,comparator,45009104,1
,0,0.375,greedy,45009104,1
0,0,0.6666666666666666,slow,45009583,0
0,0,0.6666666666666666,fast,45009583,0
0,0,0.6666666666666666,adaptive_gain,45009583,0
0,0,0.6666666666666666,surprise_reset,45009583,0
0,0,0.7291666666666666,memoryless,45009583,0
,0,0.4583333333333333,bayesian,45009583,0
,0,0.4583333333333333,comparator,45009583,0
,5,1.0,greedy,45009583,0
0,0,0.75,slow,45009583,1
0,0,0.75,fast,45009583,1
0,0,0.6875,adaptive_gain,45009583,1
0,0,0.75,surprise_reset,45009583,1
0,0,0.75,memoryless,45009583,1
,0,0.4583333333333333,bayesian,45009583,1
,0,0.4583333333333333,comparator,45009583,1
,1,0.6666666666666666,greedy,45009583,1
0,3,1.0,slow,45010062,0
0,4,1.0,fast,45010062,0
0,3,1.0,adaptive_gain,45010062,0
0,3,1.0,surprise_reset,45010062,0
0,0,0.7916666666666666,memoryless,45010062,0
,5,1.0,bayesian,45010062,0
,4,1.0,comparator,45010062,0
,0,0.4583333333333333,greedy,45010062,0
0,1,0.8541666666666666,slow,45010062,1
0,1,0.8333333333333334,fast,45010062,1
0,1,0.8958333333333334,adaptive_gain,45010062,1
0,1,0.8541666666666666,surprise_reset,45010062,1
0,0,0.7916666666666666,memoryless,45010062,1
,5,1.0,bayesian,45010062,1
,3,1.0,comparator,45010062,1
,0,0.4583333333333333,greedy,45010062,1
0,0,0.3958333333333333,slow,45010541,0
0,0,0.3958333333333333,fast,45010541,0
0,0,0.3958333333333333,adaptive_gain,45010541,0
0,0,0.3958333333333333,surprise_reset,45010541,0
0,0,0.75,memoryless,45010541,0
,5,1.0,bayesian,45010541,0
,5,1.0,comparator,45010541,0
,0,0.4375,greedy,45010541,0
0,0,0.3958333333333333,slow,45010541,1
0,0,0.3958333333333333,fast,45010541,1
0,0,0.3958333333333333,adaptive_gain,45010541,1
0,0,0.3958333333333333,surprise_reset,45010541,1
0,0,0.7916666666666666,memoryless,45010541,1
,5,1.0,bayesian,45010541,1
,5,1.0,comparator,45010541,1
,0,0.4375,greedy,45010541,1
0,1,0.7083333333333334,slow,45011020,0
0,0,0.6666666666666666,fast,45011020,0
0,0,0.6666666666666666,adaptive_gain,45011020,0
1,0,0.625,surprise_reset,45011020,0
0,0,0.7916666666666666,memoryless,45011020,0
,0,0.5416666666666666,bayesian,45011020,0
,4,1.0,comparator,45011020,0
,0,0.5,greedy,45011020,0
0,0,0.6875,slow,45011020,1
0,0,0.6875,fast,45011020,1
0,0,0.6875,adaptive_gain,45011020,1
1,0,0.625,surprise_reset,45011020,1
0,0,0.7291666666666666,memoryless,45011020,1
,0,0.5416666666666666,bayesian,45011020,1
,1,0.6666666666666666,comparator,45011020,1
,0,0.5,greedy,45011020,1
0,0,0.3958333333333333,slow,46000003,0
0,0,0.3958333333333333,fast,46000003,0
0,0,0.3958333333333333,adaptive_gain,46000003,0
0,0,0.3958333333333333,surprise_reset,46000003,0
0,0,0.6875,memoryless,46000003,0
,3,0.9375,bayesian,46000003,0
,0,0.4791666666666667,comparator,46000003,0
,0,0.7291666666666666,greedy,46000003,0
0,0,0.3958333333333333,slow,46000003,1
0,0,0.3958333333333333,fast,46000003,1
0,0,0.3958333333333333,adaptive_gain,46000003,1
0,0,0.3958333333333333,surprise_reset,46000003,1
0,0,0.7291666666666666,memoryless,46000003,1
,2,0.7708333333333334,bayesian,46000003,1
,0,0.4791666666666667,comparator,46000003,1
,0,0.6666666666666666,greedy,46000003,1
0,0,0.75,slow,46000482,0
0,0,0.75,fast,46000482,0
0,0,0.75,adaptive_gain,46000482,0
0,0,0.75,surprise_reset,46000482,0
0,0,0.7916666666666666,memoryless,46000482,0
,3,1.0,bayesian,46000482,0
,4,1.0,comparator,46000482,0
,0,0.4375,greedy,46000482,0
0,0,0.7291666666666666,slow,46000482,1
0,0,0.7291666666666666,fast,46000482,1
0,0,0.75,adaptive_gain,46000482,1
0,0,0.7291666666666666,surprise_reset,46000482,1
0,0,0.7291666666666666,memoryless,46000482,1
,3,1.0,bayesian,46000482,1
,3,1.0,comparator,46000482,1
,0,0.4375,greedy,46000482,1
0,0,0.8125,slow,46000961,0
0,0,0.6875,fast,46000961,0
0,0,0.8125,adaptive_gain,46000961,0
0,0,0.8125,surprise_reset,46000961,0
0,0,0.6666666666666666,memoryless,46000961,0
,4,1.0,bayesian,46000961,0
,3,1.0,comparator,46000961,0
,2,0.7708333333333334,greedy,46000961,0
0,0,0.6875,slow,46000961,1
0,0,0.6875,fast,46000961,1
0,0,0.7708333333333334,adaptive_gain,46000961,1
0,0,0.6875,surprise_reset,46000961,1
0,0,0.6041666666666666,memoryless,46000961,1
,6,1.0,bayesian,46000961,1
,1,0.7291666666666666,comparator,46000961,1
,2,0.875,greedy,46000961,1
0,3,1.0,slow,46001440,0
0,1,0.9583333333333334,fast,46001440,0
0,0,0.7291666666666666,adaptive_gain,46001440,0
0,3,1.0,surprise_reset,46001440,0
0,0,0.7291666666666666,memoryless,46001440,0
,3,1.0,bayesian,46001440,0
,6,1.0,comparator,46001440,0
,0,0.4583333333333333,greedy,46001440,0
0,0,0.7916666666666666,slow,46001440,1
0,0,0.8125,fast,46001440,1
0,0,0.7916666666666666,adaptive_gain,46001440,1
0,0,0.7916666666666666,surprise_reset,46001440,1
0,0,0.6875,memoryless,46001440,1
,3,1.0,bayesian,46001440,1
,4,1.0,comparator,46001440,1
,0,0.4583333333333333,greedy,46001440,1
0,4,1.0,slow,46001919,0
0,7,1.0,fast,46001919,0
0,4,1.0,adaptive_gain,46001919,0
0,4,1.0,surprise_reset,46001919,0
0,0,0.75,memoryless,46001919,0
,7,1.0,bayesian,46001919,0
,3,0.9791666666666666,comparator,46001919,0
,0,0.375,greedy,46001919,0
0,2,1.0,slow,46001919,1
0,3,1.0,fast,46001919,1
0,2,1.0,adaptive_gain,46001919,1
1,2,1.0,surprise_reset,46001919,1
0,0,0.6875,memoryless,46001919,1
,6,1.0,bayesian,46001919,1
,3,1.0,comparator,46001919,1
,0,0.375,greedy,46001919,1
0,3,1.0,slow,46002398,0
0,2,1.0,fast,46002398,0
0,2,1.0,adaptive_gain,46002398,0
0,3,1.0,surprise_reset,46002398,0
0,0,0.6875,memoryless,46002398,0
,3,0.9583333333333334,bayesian,46002398,0
,5,1.0,comparator,46002398,0
,0,0.375,greedy,46002398,0
0,1,0.75,slow,46002398,1
0,1,0.8541666666666666,fast,46002398,1
0,1,1.0,adaptive_gain,46002398,1
1,3,1.0,surprise_reset,46002398,1
0,0,0.6666666666666666,memoryless,46002398,1
,3,0.9583333333333334,bayesian,46002398,1
,5,1.0,comparator,46002398,1
,0,0.375,greedy,46002398,1
0,0,0.5416666666666666,slow,46002877,0
0,0,0.5625,fast,46002877,0
0,0,0.5416666666666666,adaptive_gain,46002877,0
0,0,0.5416666666666666,surprise_reset,46002877,0
0,0,0.7291666666666666,memoryless,46002877,0
,7,1.0,bayesian,46002877,0
,4,1.0,comparator,46002877,0
,0,0.4791666666666667,greedy,46002877,0
0,0,0.5625,slow,46002877,1
0,0,0.625,fast,46002877,1
0,0,0.5625,adaptive_gain,46002877,1
1,0,0.5625,surprise_reset,46002877,1
0,0,0.625,memoryless,46002877,1
,6,1.0,bayesian,46002877,1
,4,1.0,comparator,46002877,1
,0,0.4791666666666667,greedy,46002877,1
0,3,1.0,slow,46003356,0
0,2,1.0,fast,46003356,0
0,3,1.0,adaptive_gain,46003356,0
0,3,1.0,surprise_reset,46003356,0
0,0,0.6875,memoryless,46003356,0
,2,0.9166666666666666,bayesian,46003356,0
,2,0.875,comparator,46003356,0
,0,0.4791666666666667,greedy,46003356,0
0,1,1.0,slow,46003356,1
0,0,0.7916666666666666,fast,46003356,1
0,1,1.0,adaptive_gain,46003356,1
1,2,1.0,surprise_reset,46003356,1
0,0,0.625,memoryless,46003356,1
,2,0.9583333333333334,bayesian,46003356,1
,2,1.0,comparator,46003356,1
,0,0.4791666666666667,greedy,46003356,1
0,0,0.625,slow,46003835,0
0,0,0.625,fast,46003835,0
0,0,0.625,adaptive_gain,46003835,0
0,0,0.625,surprise_reset,46003835,0
0,0,0.6666666666666666,memoryless,46003835,0
,1,0.6666666666666666,bayesian,46003835,0
,1,0.6666666666666666,comparator,46003835,0
,0,0.4375,greedy,46003835,0
0,0,0.8125,slow,46003835,1
0,0,0.7916666666666666,fast,46003835,1
0,0,0.8125,adaptive_gain,46003835,1
0,0,0.8125,surprise_reset,46003835,1
0,0,0.625,memoryless,46003835,1
,0,0.5416666666666666,bayesian,46003835,1
,1,0.7291666666666666,comparator,46003835,1
,0,0.4375,greedy,46003835,1
0,0,0.5,slow,46004314,0
0,0,0.5,fast,46004314,0
0,0,0.5,adaptive_gain,46004314,0
0,0,0.5,surprise_reset,46004314,0
0,0,0.7916666666666666,memoryless,46004314,0
,0,0.4166666666666667,bayesian,46004314,0
,0,0.4375,comparator,46004314,0
,0,0.4375,greedy,46004314,0
0,0,0.5,slow,46004314,1
0,0,0.5,fast,46004314,1
0,0,0.5,adaptive_gain,46004314,1
0,0,0.5,surprise_reset,46004314,1
0,0,0.7916666666666666,memoryless,46004314,1
,0,0.4166666666666667,bayesian,46004314,1
,0,0.4375,comparator,46004314,1
,0,0.4375,greedy,46004314,1
0,0,0.5,slow,46004793,0
0,0,0.5,fast,46004793,0
0,0,0.5,adaptive_gain,46004793,0
0,0,0.5,surprise_reset,46004793,0
0,0,0.6875,memoryless,46004793,0
,2,0.7083333333333334,bayesian,46004793,0
,1,0.5625,comparator,46004793,0
,0,0.375,greedy,46004793,0
0,0,0.5,slow,46004793,1
0,0,0.5,fast,46004793,1
0,0,0.5,adaptive_gain,46004793,1
0,0,0.5,surprise_reset,46004793,1
0,0,0.625,memoryless,46004793,1
,2,0.75,bayesian,46004793,1
,1,0.5625,comparator,46004793,1
,0,0.375,greedy,46004793,1
0,2,0.9375,slow,46005272,0
0,2,0.9166666666666666,fast,46005272,0
0,2,0.9375,adaptive_gain,46005272,0
0,2,0.9375,surprise_reset,46005272,0
0,0,0.6666666666666666,memoryless,46005272,0
,2,0.9375,bayesian,46005272,0
,2,0.8541666666666666,comparator,46005272,0
,0,0.5625,greedy,46005272,0
0,0,0.5625,slow,46005272,1
0,2,1.0,fast,46005272,1
0,0,0.5625,adaptive_gain,46005272,1
0,0,0.5625,surprise_reset,46005272,1
0,0,0.6875,memoryless,46005272,1
,2,0.875,bayesian,46005272,1
,2,0.9375,comparator,46005272,1
,0,0.625,greedy,46005272,1
0,0,0.5416666666666666,slow,46005751,0
0,0,0.5416666666666666,fast,46005751,0
0,0,0.5416666666666666,adaptive_gain,46005751,0
0,0,0.5416666666666666,surprise_reset,46005751,0
0,0,0.6875,memoryless,46005751,0
,5,1.0,bayesian,46005751,0
,5,1.0,comparator,46005751,0
,6,1.0,greedy,46005751,0
0,0,0.5625,slow,46005751,1
0,0,0.5625,fast,46005751,1
0,0,0.5625,adaptive_gain,46005751,1
0,0,0.5625,surprise_reset,46005751,1
0,0,0.6666666666666666,memoryless,46005751,1
,5,1.0,bayesian,46005751,1
,4,1.0,comparator,46005751,1
,3,0.9375,greedy,46005751,1
0,3,1.0,slow,46006230,0
0,1,0.9583333333333334,fast,46006230,0
0,3,1.0,adaptive_gain,46006230,0
0,3,1.0,surprise_reset,46006230,0
0,0,0.6041666666666666,memoryless,46006230,0
,0,0.4375,bayesian,46006230,0
,0,0.4583333333333333,comparator,46006230,0
,0,0.5,greedy,46006230,0
0,1,0.9791666666666666,slow,46006230,1
0,1,0.7291666666666666,fast,46006230,1
0,1,0.8958333333333334,adaptive_gain,46006230,1
1,1,0.8541666666666666,surprise_reset,46006230,1
0,0,0.6041666666666666,memoryless,46006230,1
,0,0.4375,bayesian,46006230,1
,0,0.4583333333333333,comparator,46006230,1
,0,0.5,greedy,46006230,1
0,0,0.5,slow,46006709,0
0,0,0.5,fast,46006709,0
0,0,0.5,adaptive_gain,46006709,0
0,0,0.5,surprise_reset,46006709,0
0,0,0.75,memoryless,46006709,0
,0,0.4166666666666667,bayesian,46006709,0
,0,0.4166666666666667,comparator,46006709,0
,0,0.375,greedy,46006709,0
0,0,0.5,slow,46006709,1
0,0,0.5,fast,46006709,1
0,0,0.5,adaptive_gain,46006709,1
0,0,0.5,surprise_reset,46006709,1
0,0,0.75,memoryless,46006709,1
,0,0.4166666666666667,bayesian,46006709,1
,0,0.4166666666666667,comparator,46006709,1
,0,0.375,greedy,46006709,1
0,3,1.0,slow,46007188,0
0,2,1.0,fast,46007188,0
0,3,1.0,adaptive_gain,46007188,0
0,3,1.0,surprise_reset,46007188,0
0,0,0.8125,memoryless,46007188,0
,1,0.625,bayesian,46007188,0
,3,1.0,comparator,46007188,0
,1,0.6041666666666666,greedy,46007188,0
0,2,1.0,slow,46007188,1
0,1,0.9583333333333334,fast,46007188,1
0,2,1.0,adaptive_gain,46007188,1
0,2,1.0,surprise_reset,46007188,1
0,2,1.0,memoryless,46007188,1
,2,0.8333333333333334,bayesian,46007188,1
,1,0.7916666666666666,comparator,46007188,1
,1,0.6666666666666666,greedy,46007188,1
0,2,1.0,slow,46007667,0
0,2,1.0,fast,46007667,0
0,2,1.0,adaptive_gain,46007667,0
0,2,1.0,surprise_reset,46007667,0
0,0,0.6875,memoryless,46007667,0
,6,1.0,bayesian,46007667,0
,4,1.0,comparator,46007667,0
,0,0.4166666666666667,greedy,46007667,0
0,0,0.6875,slow,46007667,1
0,0,0.75,fast,46007667,1
0,0,0.75,adaptive_gain,46007667,1
1,1,0.9791666666666666,surprise_reset,46007667,1
0,0,0.75,memoryless,46007667,1
,7,1.0,bayesian,46007667,1
,3,1.0,comparator,46007667,1
,0,0.4166666666666667,greedy,46007667,1
0,2,0.9791666666666666,slow,46008146,0
0,2,1.0,fast,46008146,0
0,2,1.0,adaptive_gain,46008146,0
0,2,0.9791666666666666,surprise_reset,46008146,0
0,0,0.75,memoryless,46008146,0
,5,1.0,bayesian,46008146,0
,3,1.0,comparator,46008146,0
,0,0.5,greedy,46008146,0
0,2,0.9375,slow,46008146,1
0,2,1.0,fast,46008146,1
0,2,1.0,adaptive_gain,46008146,1
0,2,0.9375,surprise_reset,46008146,1
0,0,0.7291666666666666,memoryless,46008146,1
,3,1.0,bayesian,46008146,1
,2,0.8333333333333334,comparator,46008146,1
,0,0.5,greedy,46008146,1
0,0,0.4166666666666667,slow,46008625,0
0,0,0.4166666666666667,fast,46008625,0
0,0,0.4166666666666667,adaptive_gain,46008625,0
0,0,0.4166666666666667,surprise_reset,46008625,0
0,1,0.9583333333333334,memoryless,46008625,0
,3,1.0,bayesian,46008625,0
,3,1.0,comparator,46008625,0
,0,0.4166666666666667,greedy,46008625,0
0,0,0.4166666666666667,slow,46008625,1
0,0,0.4166666666666667,fast,46008625,1
0,0,0.4166666666666667,adaptive_gain,46008625,1
0,0,0.4166666666666667,surprise_reset,46008625,1
0,0,0.75,memoryless,46008625,1
,4,1.0,bayesian,46008625,1
,5,1.0,comparator,46008625,1
,0,0.4166666666666667,greedy,46008625,1
0,3,0.9583333333333334,slow,46009104,0
0,3,0.9791666666666666,fast,46009104,0
0,3,0.9791666666666666,adaptive_gain,46009104,0
0,3,0.9583333333333334,surprise_reset,46009104,0
0,0,0.5625,memoryless,46009104,0
,2,0.75,bayesian,46009104,0
,2,0.7083333333333334,comparator,46009104,0
,0,0.4375,greedy,46009104,0
0,2,1.0,slow,46009104,1
0,2,0.8958333333333334,fast,46009104,1
0,2,0.8958333333333334,adaptive_gain,46009104,1
0,2,1.0,surprise_reset,46009104,1
0,0,0.5625,memoryless,46009104,1
,2,0.7708333333333334,bayesian,46009104,1
,2,0.875,comparator,46009104,1
,0,0.4375,greedy,46009104,1
0,4,1.0,slow,46009583,0
0,3,1.0,fast,46009583,0
0,5,1.0,adaptive_gain,46009583,0
0,4,1.0,surprise_reset,46009583,0
0,0,0.6875,memoryless,46009583,0
,1,0.6041666666666666,bayesian,46009583,0
,1,0.6458333333333334,comparator,46009583,0
,7,1.0,greedy,46009583,0
0,1,0.8958333333333334,slow,46009583,1
0,1,1.0,fast,46009583,1
0,1,0.8958333333333334,adaptive_gain,46009583,1
0,1,0.8958333333333334,surprise_reset,46009583,1
0,0,0.625,memoryless,46009583,1
,1,0.6458333333333334,bayesian,46009583,1
,1,0.6666666666666666,comparator,46009583,1
,3,0.8541666666666666,greedy,46009583,1
0,2,1.0,slow,46010062,0
0,2,1.0,fast,46010062,0
0,2,1.0,adaptive_gain,46010062,0
0,2,1.0,surprise_reset,46010062,0
0,0,0.6875,memoryless,46010062,0
,1,0.5625,bayesian,46010062,0
,1,0.6041666666666666,comparator,46010062,0
,1,0.5416666666666666,greedy,46010062,0
0,1,0.8125,slow,46010062,1
0,1,0.9375,fast,46010062,1
0,1,0.9791666666666666,adaptive_gain,46010062,1
0,1,0.8125,surprise_reset,46010062,1
0,0,0.6666666666666666,memoryless,46010062,1
,1,0.5833333333333334,bayesian,46010062,1
,1,0.6458333333333334,comparator,46010062,1
,1,0.5208333333333334,greedy,46010062,1
0,4,1.0,slow,46010541,0
0,4,1.0,fast,46010541,0
0,3,1.0,adaptive_gain,46010541,0
0,4,1.0,surprise_reset,46010541,0
0,1,0.8333333333333334,memoryless,46010541,0
,1,0.7708333333333334,bayesian,46010541,0
,1,0.7083333333333334,comparator,46010541,0
,0,0.5625,greedy,46010541,0
0,1,0.7708333333333334,slow,46010541,1
0,1,0.8958333333333334,fast,46010541,1
0,2,1.0,adaptive_gain,46010541,1
0,1,0.7708333333333334,surprise_reset,46010541,1
0,1,0.8333333333333334,memoryless,46010541,1
,1,0.7708333333333334,bayesian,46010541,1
,1,0.7083333333333334,comparator,46010541,1
,0,0.6666666666666666,greedy,46010541,1
0,0,0.75,slow,46011020,0
0,0,0.75,fast,46011020,0
0,0,0.75,adaptive_gain,46011020,0
0,0,0.75,surprise_reset,46011020,0
0,0,0.75,memoryless,46011020,0
,1,0.6458333333333334,bayesian,46011020,0
,5,1.0,comparator,46011020,0
,3,1.0,greedy,46011020,0
0,0,0.75,slow,46011020,1
0,1,0.8333333333333334,fast,46011020,1
0,0,0.7916666666666666,adaptive_gain,46011020,1
1,0,0.7291666666666666,surprise_reset,46011020,1
0,0,0.6875,memoryless,46011020,1
,1,0.6041666666666666,bayesian,46011020,1
,4,1.0,comparator,46011020,1
,2,0.8125,greedy,46011020,1
