seed,cause,policy,noise,range_mse,inertial_mse,knn_range_mse,prequential_early,prequential_late,nonzero_probes,distinct_probe_commands,action_counts,counterfactual_by_action
11800041,none,uncertainty,0.025,0.0009913534837371622,0.0011972746333251986,0.003316438933307733,0.002051246078245663,0.0015867782526745808,30,4,"[120, 6, 9, 8, 7]","{""0"": 0.0006600998246862342, ""1"": 0.0007685697075110499, ""2"": 0.0015248068937897044, ""3"": 0.0006857931254834073, ""4"": 0.0013174978672154157}"
11800041,none,random,0.025,0.002943106150924697,0.0011267199279528979,0.01682385119227165,0.002104548684041838,0.0016321780819129673,30,4,"[120, 11, 7, 8, 4]","{""0"": 0.001104542316100386, ""1"": 0.0028693822463024157, ""2"": 0.00312237218504736, ""3"": 0.0011687667115981783, ""4"": 0.006450467295575145}"
11800041,none,cycle,0.025,0.0010525324996322786,0.0011908454202512822,0.0015502024000424296,0.0019694377116839727,0.0016691949821559706,30,4,"[120, 8, 7, 8, 7]","{""0"": 0.0007148407201340792, ""1"": 0.0004043040788794549, ""2"": 0.0021318464790762155, ""3"": 0.0006899360901106302, ""4"": 0.0013217351299610128}"
11800041,none,least_seen,0.025,0.000923575994401437,0.0011142367938566805,0.0016145749845399978,0.0021306411287332055,0.0014638080205430662,30,4,"[120, 8, 8, 7, 7]","{""0"": 0.0006335807700445061, ""1"": 0.0010334374224661386, ""2"": 0.0012303949107747758, ""3"": 0.0008738339523252118, ""4"": 0.0008466329163965535}"
11800041,none,single_action,0.025,0.039915679457015435,0.04257412156545823,0.05679173055061245,0.005663357452451172,0.0016150924802146313,30,1,"[120, 30, 0, 0, 0]","{""0"": 0.0057761139769781375, ""1"": 0.027485477346386688, ""2"": 0.0015362979091897214, ""3"": 0.10499000135529779, ""4"": 0.05979050669722485}"
11800041,none,no_probes,0.025,0.057622586714625126,0.058384273840795066,0.05715805115007543,0.0018750436881853193,0.0013389117828940579,0,0,"[150, 0, 0, 0, 0]","{""0"": 0.0008557301654600645, ""1"": 0.06972760063181029, ""2"": 0.06353375436864835, ""3"": 0.06401864939877709, ""4"": 0.08997719900842978}"
11800041,motor,uncertainty,0.025,0.0033384548067731676,0.002411714518670978,0.005850351134617973,0.00537663391496993,0.0022850421480679764,30,4,"[120, 8, 7, 7, 8]","{""0"": 0.0010415238250604027, ""1"": 0.004620017135910763, ""2"": 0.0017689245344886288, ""3"": 0.004968759084113984, ""4"": 0.00429304945429206}"
11800041,motor,random,0.025,0.014744996264327544,0.013288992534999778,0.02104707080050556,0.008015875459002652,0.002335166087098063,30,4,"[120, 11, 7, 8, 4]","{""0"": 0.0010171617926949723, ""1"": 0.02883586899176202, ""2"": 0.017366870393322974, ""3"": 0.012220515608000582, ""4"": 0.014284564535857169}"
11800041,motor,cycle,0.025,0.014789170825899792,0.012792258127684789,0.002752034403349568,0.010819578660439495,0.002408269924897666,30,4,"[120, 8, 7, 8, 7]","{""0"": 0.0008754070747472167, ""1"": 0.019551324105509964, ""2"": 0.014246201125629798, ""3"": 0.016565075787914826, ""4"": 0.02270784603569716}"
11800041,motor,least_seen,0.025,0.02255194995917055,0.018168736244635705,0.003070764177900761,0.013276048118117873,0.0017059943850057644,30,4,"[120, 8, 8, 7, 7]","{""0"": 0.0012780201265062924, ""1"": 0.028121196093974583, ""2"": 0.015724397038450428, ""3"": 0.02978679268361854, ""4"": 0.037849343853302915}"
11800041,motor,single_action,0.025,0.2812857957970491,0.2635378269286118,0.04699229176188288,0.004802095398245053,0.0074679297180177675,30,1,"[120, 30, 0, 0, 0]","{""0"": 0.04155058502669412, ""1"": 0.8331486288418873, ""2"": 0.3190928469087947, ""3"": 0.09917407807092297, ""4"": 0.11346284013694634}"
11800041,motor,no_probes,0.025,0.057795565679117526,0.05857732109861185,0.057368581509147185,0.0018750436881853193,0.0013389117828940579,0,0,"[150, 0, 0, 0, 0]","{""0"": 0.0008249314881631234, ""1"": 0.06435859964166486, ""2"": 0.08957534293217333, ""3"": 0.06395298885995437, ""4"": 0.07026596547363191}"
11800041,external,uncertainty,0.025,0.017720540495600914,0.01700349237073277,0.0018094247789487224,0.0075915241790292095,0.011753830443414192,30,4,"[120, 7, 8, 8, 7]","{""0"": 0.002520960751051555, ""1"": 0.01178836722491144, ""2"": 0.00839390397857547, ""3"": 0.005656982516604086, ""4"": 0.060242488006862015}"
11800041,external,random,0.025,0.028933897050995926,0.02956062530317557,0.030205622985596488,0.00968152344456733,0.005465260495771107,30,4,"[120, 11, 7, 8, 4]","{""0"": 0.004100209371597103, ""1"": 0.005145052527213325, ""2"": 0.031855852915201904, ""3"": 0.0014928933961874883, ""4"": 0.10207547704477983}"
11800041,external,cycle,0.025,0.018062132644272477,0.017398393299264018,0.0021871787974808627,0.007994684775252725,0.012862715665204512,30,4,"[120, 8, 7, 8, 7]","{""0"": 0.0026504021415631397, ""1"": 0.009150872679019859, ""2"": 0.01218579873697316, ""3"": 0.004956038885169135, ""4"": 0.06136755077863709}"
11800041,external,least_seen,0.025,0.016866667245732585,0.015656650150725603,0.0021201703838054603,0.007596752771910537,0.013776946445751163,30,4,"[120, 8, 8, 7, 7]","{""0"": 0.002381708332553404, ""1"": 0.011696140572498728, ""2"": 0.008876590173163194, ""3"": 0.008627013989345067, ""4"": 0.05275188316110253}"
11800041,external,single_action,0.025,0.08762689465816201,0.09358482880321248,0.034465802402862775,0.006061485690514132,0.0031510981136784193,30,1,"[120, 30, 0, 0, 0]","{""0"": 0.024859441464191005, ""1"": 0.041168514541222494, ""2"": 0.21491785394327848, ""3"": 0.050556092241417876, ""4"": 0.10663257110070028}"
11800041,external,no_probes,0.025,0.03518481437549343,0.034435293317953065,0.03464557682488444,0.0056208771434299,0.004646129984710914,0,0,"[150, 0, 0, 0, 0]","{""0"": 0.002478820590186703, ""1"": 0.03250942588503776, ""2"": 0.002478820590186703, ""3"": 0.07823426421063702, ""4"": 0.06022274060141893}"
11800041,sensor,uncertainty,0.025,0.0009458798900442849,0.0012281238541953685,0.003316438933307733,0.002311072251901374,0.0016012508904586786,30,4,"[120, 6, 9, 8, 7]","{""0"": 0.0005967520586509285, ""1"": 0.0007422867286341269, ""2"": 0.0014413710298301745, ""3"": 0.0006361211976639256, ""4"": 0.0013128684354422689}"
11800041,sensor,random,0.025,0.0028200861331582117,0.0012444100534421065,0.01682385119227165,0.002132485097341684,0.0016325740306992803,30,4,"[120, 11, 7, 8, 4]","{""0"": 0.0009786132868895264, ""1"": 0.0024197969529450012, ""2"": 0.003047682717411798, ""3"": 0.001151922871205477, ""4"": 0.006502414837339256}"
11800041,sensor,cycle,0.025,0.0009730731698307237,0.0012439401763934732,0.0015502024000424296,0.0021412994867587285,0.0016923599519380772,30,4,"[120, 8, 7, 8, 7]","{""0"": 0.0006274634089204536, ""1"": 0.0003728207325520019, ""2"": 0.0019874049277676504, ""3"": 0.0005996060771271374, ""4"": 0.0012780707027863754}"
11800041,sensor,least_seen,0.025,0.0008805584834403377,0.001183670890976972,0.0016145749845399978,0.0022237708643501864,0.0014574973245822748,30,4,"[120, 8, 8, 7, 7]","{""0"": 0.0005818159479247966, ""1"": 0.0010203873774659662, ""2"": 0.0011238958742710167, ""3"": 0.0007640621628468386, ""4"": 0.0009126310546930704}"
11800041,sensor,single_action,0.025,0.042747756832863686,0.03691844305439396,0.05679173055061245,0.006203741408530925,0.0016287427001661563,30,1,"[120, 30, 0, 0, 0]","{""0"": 0.008590809442885707, ""1"": 0.01967923934924098, ""2"": 0.015260224894567437, ""3"": 0.12070509036419297, ""4"": 0.04950342011343131}"
11800041,sensor,no_probes,0.025,0.05751482721681866,0.058415812814912586,0.05715805115007543,0.0019850894463431727,0.0013317295878917017,0,0,"[150, 0, 0, 0, 0]","{""0"": 0.0007219482620144085, ""1"": 0.06763603480302112, ""2"": 0.06543682349868021, ""3"": 0.06683991281418766, ""4"": 0.08693941670618986}"
11800041,motor_external,uncertainty,0.025,0.01715831561928861,0.017134018633845633,0.0037201196497690147,0.007811951014192571,0.012773864629952548,30,4,"[120, 7, 8, 8, 7]","{""0"": 0.006393995814901385, ""1"": 0.01524220289464398, ""2"": 0.04971823872411798, ""3"": 0.0042415906352867025, ""4"": 0.010195550027493014}"
11800041,motor_external,random,0.025,0.022881554292893742,0.029860809724228006,0.02088099071045635,0.010836392882145713,0.007011780049695412,30,4,"[120, 11, 7, 8, 4]","{""0"": 0.007004776597613169, ""1"": 0.00854536177196139, ""2"": 0.07595847004888275, ""3"": 0.0040957868604208905, ""4"": 0.018803376185590536}"
11800041,motor_external,cycle,0.025,0.01673957431768946,0.01669801819414129,0.005205073860826997,0.012258013573140526,0.011601164129230096,30,4,"[120, 8, 7, 8, 7]","{""0"": 0.005883581573051255, ""1"": 0.006937936456956351, ""2"": 0.05359044022784639, ""3"": 0.00517752580841095, ""4"": 0.01210838752218236}"
11800041,motor_external,least_seen,0.025,0.017150967690187997,0.015931614500316736,0.006861499365570196,0.009664166297043171,0.010660893067728685,30,4,"[120, 8, 8, 7, 7]","{""0"": 0.0056573065651566315, ""1"": 0.006761855054193681, ""2"": 0.0562437283508437, ""3"": 0.0069664758405354405, ""4"": 0.010125472640210556}"
11800041,motor_external,single_action,0.025,0.04581828685957636,0.05588368794139039,0.029620155572123608,0.018439150388151,0.008494735826059863,30,1,"[120, 30, 0, 0, 0]","{""0"": 0.011349731351711322, ""1"": 0.01511907864729276, ""2"": 0.15828490494792968, ""3"": 0.011349731351711322, ""4"": 0.03298798799923673}"
11800041,motor_external,no_probes,0.025,0.03735576152326215,0.037449038418752,0.03743665725349065,0.0056208771434299,0.004646129984710914,0,0,"[150, 0, 0, 0, 0]","{""0"": 0.005880093851914831, ""1"": 0.07434409441949563, ""2"": 0.06773896921896237, ""3"": 0.005880093851914831, ""4"": 0.0329355562740231}"
11800041,unknown_nonlinear,uncertainty,0.025,0.01683172023699437,0.013519315394241801,0.01972106254518292,0.0029113298306178777,0.005122830755106156,30,4,"[120, 6, 9, 8, 7]","{""0"": 0.0003744899291726306, ""1"": 0.029168575767862318, ""2"": 0.009365940075493786, ""3"": 0.037361195245448765, ""4"": 0.007888400166994344}"
11800041,unknown_nonlinear,random,0.025,0.023756777617231804,0.01971131026395949,0.039622503411029956,0.003767639475212791,0.0034417618477021296,30,4,"[120, 11, 7, 8, 4]","{""0"": 0.0057762709824871064, ""1"": 0.03994970248738119, ""2"": 0.046930183006524906, ""3"": 0.004552106294875601, ""4"": 0.021575625314890188}"
11800041,unknown_nonlinear,cycle,0.025,0.02334104362505245,0.014159125269571561,0.027519928787314348,0.0027847394023009565,0.004366442332278478,30,4,"[120, 8, 7, 8, 7]","{""0"": 0.0017997488648636196, ""1"": 0.00749443883623289, ""2"": 0.07381780939121114, ""3"": 0.029032779949144105, ""4"": 0.004560441083810487}"
11800041,unknown_nonlinear,least_seen,0.025,0.015302529803608654,0.01080282629960231,0.023132528784467157,0.002773386072290736,0.003998016540213423,30,4,"[120, 8, 8, 7, 7]","{""0"": 0.0008212906089696846, ""1"": 0.01416102361740877, ""2"": 0.030827685846654313, ""3"": 0.02521519083719434, ""4"": 0.00548745810781615}"
11800041,unknown_nonlinear,single_action,0.025,0.041164876397081954,0.027797889310270815,0.04035758389642326,0.006090046732927869,0.001602321837389836,30,1,"[120, 30, 0, 0, 0]","{""0"": 0.009895285749804477, ""1"": 0.03804620273165718, ""2"": 0.05410940352529192, ""3"": 0.056580951194972924, ""4"": 0.047192538783683284}"
11800041,unknown_nonlinear,no_probes,0.025,0.0481980978115429,0.046057277457643396,0.039235303541950595,0.0018750436881853193,0.0013389117828940579,0,0,"[150, 0, 0, 0, 0]","{""0"": 0.004413234149140217, ""1"": 0.05791635883119887, ""2"": 0.08192646384270931, ""3"": 0.028100551140965244, ""4"": 0.06863388109370083}"
11800178,none,uncertainty,0.025,0.004279435104776504,0.0025140846857987817,0.01700124262457847,0.0019569486726923897,0.0018082777215772299,30,4,"[120, 7, 8, 6, 9]","{""0"": 0.0013366017945169882, ""1"": 0.009185800519221023, ""2"": 0.004448572999180429, ""3"": 0.0026798329056604933, ""4"": 0.0037463673053035862}"
11800178,none,random,0.025,0.004599429853718086,0.002195735974412892,0.01228391354449876,0.0015139894747885768,0.0014562674917081824,30,4,"[120, 2, 9, 15, 4]","{""0"": 0.0010782170835981, ""1"": 0.004252103321709544, ""2"": 0.005404361763048401, ""3"": 0.006690960575569249, ""4"": 0.005571506524665138}"
11800178,none,cycle,0.025,0.002769931904981681,0.0021002933347449492,0.0036245043814487603,0.0015762513385175663,0.0014211295382031996,30,4,"[120, 8, 7, 8, 7]","{""0"": 0.0008680387626905944, ""1"": 0.006332022782149519, ""2"": 0.003002471570973907, ""3"": 0.0013970788428960526, ""4"": 0.002250047566198334}"
11800178,none,least_seen,0.025,0.0042189112942778665,0.0025877408744537068,0.00450877653159536,0.0016183010121095815,0.0015774502832677946,30,4,"[120, 7, 8, 8, 7]","{""0"": 0.0009271490540638557, ""1"": 0.00985282340105125, ""2"": 0.004617163844132542, ""3"": 0.0024418376498372154, ""4"": 0.0032555825223044674}"
11800178,none,single_action,0.025,0.02971262433899299,0.02477851886879916,0.0458411556471026,0.0018387436635159402,0.0014628189217397204,30,1,"[120, 30, 0, 0, 0]","{""0"": 0.0014131960068497235, ""1"": 0.0019043633695422267, ""2"": 0.008154559494063606, ""3"": 0.06572405048660503, ""4"": 0.07136695233790435}"
11800178,none,no_probes,0.025,0.04613752711850046,0.04636756852252015,0.045542104745833284,0.0015011756885960515,0.0013755077550779533,0,0,"[150, 0, 0, 0, 0]","{""0"": 0.0013467375478243518, ""1"": 0.040063558136262944, ""2"": 0.05213694813642214, ""3"": 0.0816526850116605, ""4"": 0.05548770676033237}"
11800178,motor,uncertainty,0.025,0.0020342221514342063,0.001336053186859045,0.002898761060474393,0.01629797302964056,0.002160762586521782,30,4,"[120, 8, 7, 6, 9]","{""0"": 0.0010859821976741456, ""1"": 0.0029924730636888895, ""2"": 0.0013379670526699637, ""3"": 0.0021588638293034627, ""4"": 0.0025958246138345705}"
11800178,motor,random,0.025,0.04598961424863695,0.04277893737691593,0.018390006222540858,0.012408918214061992,0.003462865745044789,30,4,"[120, 2, 9, 15, 4]","{""0"": 0.001906128840753579, ""1"": 0.025360838204238383, ""2"": 0.0489806768238932, ""3"": 0.07941788476735406, ""4"": 0.07428254260694557}"
11800178,motor,cycle,0.025,0.004375176636545117,0.005080049126133527,0.0059928657673933294,0.01919294580263968,0.0017809216501455249,30,4,"[120, 8, 7, 8, 7]","{""0"": 0.000946725578514402, ""1"": 0.003967717146829443, ""2"": 0.004328885475902367, ""3"": 0.005018491582336994, ""4"": 0.007614063399142377}"
11800178,motor,least_seen,0.025,0.004323032701576502,0.002195492755017298,0.0066733290900401355,0.017964562827275175,0.002616858854165162,30,4,"[120, 7, 8, 8, 7]","{""0"": 0.0008726783556677435, ""1"": 0.003413561447553335, ""2"": 0.003078863734197927, ""3"": 0.0047067232233526345, ""4"": 0.00954333674711087}"
11800178,motor,single_action,0.025,0.06757948973341145,0.08532061734614893,0.057220896702508635,0.006189081887844705,0.012680059357091789,30,1,"[120, 30, 0, 0, 0]","{""0"": 0.0019976670195154017, ""1"": 0.13776573770476594, ""2"": 0.09626595356872127, ""3"": 0.06440957678066779, ""4"": 0.03745851359338689}"
11800178,motor,no_probes,0.025,0.04981540065149066,0.05016383863438858,0.04928353927668911,0.0015011756885960515,0.0013755077550779533,0,0,"[150, 0, 0, 0, 0]","{""0"": 0.0012680765739724116, ""1"": 0.08655580918654883, ""2"": 0.061539408609860895, ""3"": 0.05674349449488975, ""4"": 0.042970214392181426}"
11800178,external,uncertainty,0.025,0.008860654127327401,0.005023680147470078,0.006028540337493606,0.009437296606044261,0.0064566705166231525,30,4,"[120, 8, 7, 7, 8]","{""0"": 0.002099101799278246, ""1"": 0.020444289654051206, ""2"": 0.009400959115766867, ""3"": 0.006263396167838032, ""4"": 0.0060955238997026625}"
11800178,external,random,0.025,0.016863110274421948,0.019345701315493746,0.013458688370220472,0.013319582036432815,0.0025988932649259043,30,4,"[120, 2, 9, 15, 4]","{""0"": 0.009314852949854263, ""1"": 0.015690143479923615, ""2"": 0.005083249847057436, ""3"": 0.014463992160981305, ""4"": 0.03976331293429312}"
11800178,external,cycle,0.025,0.008029065960784171,0.0040005957766428586,0.004793745021820911,0.011155403638474691,0.005048604881697159,30,4,"[120, 8, 7, 8, 7]","{""0"": 0.0018771304508604046, ""1"": 0.011606764361476079, ""2"": 0.015554955869126355, ""3"": 0.005673870129589204, ""4"": 0.0054326089928688134}"
11800178,external,least_seen,0.025,0.007788924430349295,0.004294159333655341,0.005179481637733037,0.015153198070101468,0.006366240625844477,30,4,"[120, 7, 8, 8, 7]","{""0"": 0.002005833544610553, ""1"": 0.015264617342380875, ""2"": 0.011316003405961839, ""3"": 0.004512719852962538, ""4"": 0.005845448005830669}"
11800178,external,single_action,0.025,0.044222932463838474,0.04566985255785183,0.040770411688746,0.0044681669039240935,0.001639463874492459,30,1,"[120, 30, 0, 0, 0]","{""0"": 0.0018077491849836137, ""1"": 0.006632487086931448, ""2"": 0.043645925204577656, ""3"": 0.08848190866662664, ""4"": 0.08054659217607302}"
11800178,external,no_probes,0.025,0.04180575792972366,0.04382627732389603,0.040779289645776075,0.008740633735581602,0.0018619687475868551,0,0,"[150, 0, 0, 0, 0]","{""0"": 0.002324897132980956, ""1"": 0.002324897132980956, ""2"": 0.03779237625298321, ""3"": 0.08328398632271428, ""4"": 0.08330263280695893}"
11800178,sensor,uncertainty,0.025,0.003712703458388876,0.0022294916682222927,0.01700124262457847,0.0020182066704214534,0.0018298745388944245,30,4,"[120, 7, 8, 6, 9]","{""0"": 0.0010231900821245387, ""1"": 0.008424718445028253, ""2"": 0.004153494745617023, ""3"": 0.002813581440492468, ""4"": 0.002148532578682093}"
11800178,sensor,random,0.025,0.005195413581158851,0.00241431711667663,0.01228391354449876,0.0015071366865057059,0.0014690200027140026,30,4,"[120, 2, 9, 15, 4]","{""0"": 0.0013086122974687103, ""1"": 0.004402521164423276, ""2"": 0.005718501802451702, ""3"": 0.007179532829902569, ""4"": 0.007367899811547997}"
11800178,sensor,cycle,0.025,0.002900283595539136,0.0020816762095473987,0.0036245043814487603,0.0016085790938855102,0.0014157301712221172,30,4,"[120, 8, 7, 8, 7]","{""0"": 0.0010070678137972264, ""1"": 0.006651182964901488, ""2"": 0.003078648560064889, ""3"": 0.0011571993252611423, ""4"": 0.0026073193136709368}"
11800178,sensor,least_seen,0.025,0.004189174145178919,0.002502390196828376,0.00450877653159536,0.0016751846874333786,0.0015709153777665199,30,4,"[120, 7, 8, 8, 7]","{""0"": 0.0008746416961461236, ""1"": 0.009827224712642394, ""2"": 0.004687809414464238, ""3"": 0.003106178928271248, ""4"": 0.002450015974370589}"
11800178,sensor,single_action,0.025,0.029009462931163008,0.023895235122059492,0.0458411556471026,0.0022352876936869125,0.001517734140289453,30,1,"[120, 30, 0, 0, 0]","{""0"": 0.0013203780044716848, ""1"": 0.0020916987267629345, ""2"": 0.004697469007516587, ""3"": 0.06765874324543968, ""4"": 0.06927902567162417}"
11800178,sensor,no_probes,0.025,0.0459156996627416,0.046445103168816164,0.045542104745833284,0.0015119336205439685,0.0013718588370705657,0,0,"[150, 0, 0, 0, 0]","{""0"": 0.0010911667596228945, ""1"": 0.04282175360732748, ""2"": 0.048958706263917386, ""3"": 0.07824537302789615, ""4"": 0.05846149865494409}"
11800178,motor_external,uncertainty,0.025,0.008456687510900016,0.0039736181802663365,0.005133312766076196,0.018766099547799557,0.006875990453784591,30,4,"[120, 8, 7, 7, 8]","{""0"": 0.001687430881715717, ""1"": 0.0073391820197508915, ""2"": 0.007308562294767872, ""3"": 0.007333090971800941, ""4"": 0.018615171386464655}"
11800178,motor_external,random,0.025,0.015054256700214095,0.0042263879407920014,0.02028906469068425,0.020963211478533493,0.00587280782719061,30,4,"[120, 2, 9, 15, 4]","{""0"": 0.0019198845734420406, ""1"": 0.01919254619361957, ""2"": 0.0318842101660579, ""3"": 0.007990825111473138, ""4"": 0.01428381745647783}"
11800178,motor_external,cycle,0.025,0.008336416558889686,0.0038659090054499654,0.004561398100606067,0.022911649472368335,0.007125903974892374,30,4,"[120, 8, 7, 8, 7]","{""0"": 0.001969409801114752, ""1"": 0.007124639364574396, ""2"": 0.006843953891039429, ""3"": 0.013423720100684294, ""4"": 0.012320359637035552}"
11800178,motor_external,least_seen,0.025,0.01061123421677897,0.00667215111957109,0.005676501067167854,0.02514448630874644,0.006978046121375886,30,4,"[120, 7, 8, 8, 7]","{""0"": 0.0022192591402805024, ""1"": 0.008537018887500714, ""2"": 0.01348542306559587, ""3"": 0.007853892494935651, ""4"": 0.020960577495582108}"
11800178,motor_external,single_action,0.025,0.08242626673477119,0.07580753165816863,0.03345427457379812,0.005896729673423819,0.0019868664701974317,30,1,"[120, 30, 0, 0, 0]","{""0"": 0.02592187288113082, ""1"": 0.09360074352327467, ""2"": 0.1835980407820079, ""3"": 0.08308880360631164, ""4"": 0.02592187288113089}"
11800178,motor_external,no_probes,0.025,0.04207588486201712,0.044204559361123046,0.04112530701112886,0.008740633735581602,0.0018619687475868551,0,0,"[150, 0, 0, 0, 0]","{""0"": 0.002280409448935261, ""1"": 0.08350306193654407, ""2"": 0.08431187027839811, ""3"": 0.03800367319727291, ""4"": 0.0022804094489352724}"
11800178,unknown_nonlinear,uncertainty,0.025,0.012034309466500841,0.00783086508472704,0.020477833836944053,0.0040839406417982685,0.004497534873185571,30,4,"[120, 8, 7, 7, 8]","{""0"": 0.001987915079028842, ""1"": 0.012650818995537444, ""2"": 0.011345388552853728, ""3"": 0.007745739948914092, ""4"": 0.026441684756170102}"
11800178,unknown_nonlinear,random,0.025,0.0162815659411172,0.012351303497755229,0.016346492346283745,0.00203790184752132,0.0016441350148828453,30,4,"[120, 2, 9, 15, 4]","{""0"": 0.0017227532824240705, ""1"": 0.046134413687981136, ""2"": 0.007144154985556599, ""3"": 0.01761462792381158, ""4"": 0.008791879825812603}"
11800178,unknown_nonlinear,cycle,0.025,0.011606480652132824,0.009465795286912175,0.01751411656185091,0.004775937258681266,0.00379943548122135,30,4,"[120, 8, 7, 8, 7]","{""0"": 0.0016464990016544691, ""1"": 0.020114345786046175, ""2"": 0.007557658438170078, ""3"": 0.009556458015796352, ""4"": 0.01915744201899704}"
11800178,unknown_nonlinear,least_seen,0.025,0.013189075703882185,0.008216476414283217,0.017847172720744726,0.004949709991503277,0.0042946090826260054,30,4,"[120, 7, 8, 8, 7]","{""0"": 0.002018164152478565, ""1"": 0.01963156463461951, ""2"": 0.010711330573495726, ""3"": 0.005973301794277116, ""4"": 0.027611017364540007}"
11800178,unknown_nonlinear,single_action,0.025,0.03240053555526287,0.029361016575436865,0.04101717345163243,0.00185438989656602,0.0014290672077434602,30,1,"[120, 30, 0, 0, 0]","{""0"": 0.0012201034869864299, ""1"": 0.033218885460346396, ""2"": 0.02306670915581423, ""3"": 0.043185913576004986, ""4"": 0.061311066097162324}"
11800178,unknown_nonlinear,no_probes,0.025,0.04684619658715419,0.04535844811977175,0.0406651920373174,0.0015011756885960515,0.0013755077550779533,0,0,"[150, 0, 0, 0, 0]","{""0"": 0.003201657672107191, ""1"": 0.06601897149622783, ""2"": 0.0589443735769549, ""3"": 0.06461912950018345, ""4"": 0.04144685069029758}"
11800315,none,uncertainty,0.025,0.001704214180652753,0.0005657205311653213,0.004962757007543686,0.00208117249359428,0.0015943160704755934,30,4,"[120, 6, 9, 6, 9]","{""0"": 0.0007762308507000145, ""1"": 0.0029252641378862848, ""2"": 0.0010184915576291014, ""3"": 0.0018386652811405405, ""4"": 0.001962419075907824}"
11800315,none,random,0.025,0.0014715057356097295,0.0017249311471940326,0.0035684954592458897,0.0019521071770096823,0.0012984660670383196,30,4,"[120, 9, 6, 6, 9]","{""0"": 0.0005490935350675725, ""1"": 0.0008687164919497636, ""2"": 0.002038797694789284, ""3"": 0.0015049506645344244, ""4"": 0.002395970291707602}"
11800315,none,cycle,0.025,0.001216670526000749,0.0004826316519245755,0.0017562823763061799,0.0018989312074942405,0.0011379393622011301,30,4,"[120, 8, 7, 8, 7]","{""0"": 0.0007216054904922955, ""1"": 0.0006301942321136404, ""2"": 0.0018792176580737288, ""3"": 0.00043396374918540603, ""4"": 0.0024183715001386743}"
11800315,none,least_seen,0.025,0.0023744273410476755,0.0004525645528207982,0.0025316398479664427,0.002188801343624578,0.001163204144157798,30,4,"[120, 8, 8, 7, 7]","{""0"": 0.00070658797882759, ""1"": 0.0009943058376862626, ""2"": 0.0017255405661038734, ""3"": 0.0025573389152398975, ""4"": 0.005888363407380752}"
11800315,none,single_action,0.025,0.04280475545594464,0.030801157008527903,0.05768589976239211,0.0037165739962582924,0.001376703042307571,30,1,"[120, 30, 0, 0, 0]","{""0"": 0.004115983213323287, ""1"": 0.016043138063261155, ""2"": 0.055468413413827404, ""3"": 0.06646265496566545, ""4"": 0.07193358762364589}"
11800315,none,no_probes,0.025,0.05774970429549944,0.057593344650480716,0.05770310845463141,0.0017611363661351298,0.0011060984979572167,0,0,"[150, 0, 0, 0, 0]","{""0"": 0.0009736573422906366, ""1"": 0.08420081348676227, ""2"": 0.07233970580408287, ""3"": 0.061945557461835686, ""4"": 0.06928878738252574}"
11800315,motor,uncertainty,0.025,0.007663259520753996,0.006574155162439912,0.007263235065748293,0.019496137251251107,0.0018681249078995176,30,4,"[120, 7, 8, 8, 7]","{""0"": 0.0010092496780969653, ""1"": 0.0051718180322294395, ""2"": 0.009212756918577312, ""3"": 0.013068297983726393, ""4"": 0.00985417499113987}"
11800315,motor,random,0.025,0.0045326756169837435,0.004748788540525561,0.0013157795955242807,0.012250329285097887,0.003944423079655037,30,4,"[120, 9, 6, 6, 9]","{""0"": 0.0004964035401143389, ""1"": 0.00301209962526348, ""2"": 0.002391664770757244, ""3"": 0.009874025358580061, ""4"": 0.006889184790203593}"
11800315,motor,cycle,0.025,0.002878460412141468,0.0014724942172891797,0.002563817257913109,0.014970063700860965,0.0017376011090129448,30,4,"[120, 8, 7, 8, 7]","{""0"": 0.0008176636077237913, ""1"": 0.003481613955776796, ""2"": 0.004878401123998761, ""3"": 0.0035617852756126786, ""4"": 0.0016528380975953125}"
11800315,motor,least_seen,0.025,0.004750952925695748,0.0021174874216052545,0.0040944129656327695,0.015371621446323312,0.0015852833503859993,30,4,"[120, 8, 8, 7, 7]","{""0"": 0.0008808425197306754, ""1"": 0.005092462334990293, ""2"": 0.008929560531114189, ""3"": 0.0064031675174641535, ""4"": 0.0024487317251794265}"
11800315,motor,single_action,0.025,0.15945356346126754,0.18859775954210714,0.05495359077496476,0.00592155871983722,0.004171345748647556,30,1,"[120, 30, 0, 0, 0]","{""0"": 0.02384860958986591, ""1"": 0.33153839889346587, ""2"": 0.2507947247808225, ""3"": 0.08196664236115685, ""4"": 0.10911944168102657}"
11800315,motor,no_probes,0.025,0.054347558009920124,0.054315017327771664,0.05455424503933977,0.0017611363661351298,0.0011060984979572167,0,0,"[150, 0, 0, 0, 0]","{""0"": 0.000844707287869245, ""1"": 0.059672087205963835, ""2"": 0.06672554610681938, ""3"": 0.06833296037498442, ""4"": 0.07616248907396371}"
11800315,external,uncertainty,0.025,0.0038453717153813867,0.003542888210016389,0.0011586219266498713,0.011642848425877308,0.002147985854902067,30,4,"[120, 7, 8, 8, 7]","{""0"": 0.0010693367181214125, ""1"": 0.0004335682189635537, ""2"": 0.015108914104336213, ""3"": 0.0004824008646219246, ""4"": 0.0021326386708638363}"
11800315,external,random,0.025,0.0031185270776419188,0.0022454437372604235,0.0010626660972975666,0.013163713684977955,0.0035186503061932395,30,4,"[120, 9, 6, 6, 9]","{""0"": 0.0007299799147824308, ""1"": 0.001764632783871584, ""2"": 0.009727031460789976, ""3"": 0.0019764503610748972, ""4"": 0.0013945408676907065}"
11800315,external,cycle,0.025,0.003588978007747362,0.003198562462993728,0.0010672027549427307,0.010323829637540529,0.002075516257905356,30,4,"[120, 8, 7, 8, 7]","{""0"": 0.001081054806331468, ""1"": 0.0005475415067169683, ""2"": 0.01321377093747942, ""3"": 0.0007912808285182434, ""4"": 0.002311241959690714}"
11800315,external,least_seen,0.025,0.00478886553517562,0.003669968171893314,0.000910051327225619,0.012145821372208043,0.002265228513383016,30,4,"[120, 8, 8, 7, 7]","{""0"": 0.0015414506993958463, ""1"": 0.00026771278956508847, ""2"": 0.01891609810677983, ""3"": 0.0009670815925528226, ""4"": 0.0022519844875845143}"
11800315,external,single_action,0.025,0.06659098503230532,0.07113773802253451,0.031773418019452514,0.019320475905026717,0.004420692574173057,30,1,"[120, 30, 0, 0, 0]","{""0"": 0.021866669761462666, ""1"": 0.0021997651903641418, ""2"": 0.11818073490862091, ""3"": 0.08411339815056244, ""4"": 0.10659435715051642}"
11800315,external,no_probes,0.025,0.03237910135783777,0.028997714191581193,0.03133601350353817,0.009108349307006375,0.0013157866125887972,0,0,"[150, 0, 0, 0, 0]","{""0"": 0.0010165921961070494, ""1"": 0.009215725961361044, ""2"": 0.0010165921961070494, ""3"": 0.07187226083576469, ""4"": 0.07877433559984902}"
11800315,sensor,uncertainty,0.025,0.002456558613188042,0.0006423353718285478,0.007974112561106594,0.002282456949613182,0.0013929527315646743,30,4,"[120, 6, 9, 7, 8]","{""0"": 0.0008603275427179033, ""1"": 0.0040084010638029586, ""2"": 0.001720779518977258, ""3"": 0.002079372947871378, ""4"": 0.0036139119925707158}"
11800315,sensor,random,0.025,0.0013966970292707145,0.0016644128813002833,0.0035684954592458897,0.0021611366601550397,0.0013030158688579346,30,4,"[120, 9, 6, 6, 9]","{""0"": 0.0005422832101917973, ""1"": 0.00092495949245699, ""2"": 0.001783416796373615, ""3"": 0.001489697477542847, ""4"": 0.0022431281697883236}"
11800315,sensor,cycle,0.025,0.001263922565742182,0.00047212889497636184,0.0017562823763061794,0.0021850408663526225,0.0011424779982612185,30,4,"[120, 8, 7, 8, 7]","{""0"": 0.0007337024832815326, ""1"": 0.0005628222332945593, ""2"": 0.0020735413617645982, ""3"": 0.00037399895033285885, ""4"": 0.0025755478000373607}"
11800315,sensor,least_seen,0.025,0.0024221092717713073,0.0004271990473086924,0.0025316398479664427,0.0023976410242248945,0.0011710508641683379,30,4,"[120, 8, 8, 7, 7]","{""0"": 0.0007286608209866769, ""1"": 0.0008931140252740874, ""2"": 0.0018379015458981865, ""3"": 0.002590414817680106, ""4"": 0.006060455149017481}"
11800315,sensor,single_action,0.025,0.04925907363822579,0.03418045645587499,0.05768589976239211,0.003980935850955831,0.0013669530965163814,30,1,"[120, 30, 0, 0, 0]","{""0"": 0.006619192644496068, ""1"": 0.039543540992235345, ""2"": 0.057493239576688636, ""3"": 0.05531620563847601, ""4"": 0.08732318933923289}"
11800315,sensor,no_probes,0.025,0.05784561545665737,0.05758655193504938,0.05770310845463141,0.001920859881806552,0.0011068197836226676,0,0,"[150, 0, 0, 0, 0]","{""0"": 0.0010942658570393113, ""1"": 0.08621901543327772, ""2"": 0.07050800748454934, ""3"": 0.06401289939123245, ""4"": 0.06739388911718801}"
11800315,motor_external,uncertainty,0.025,0.003557446826918012,0.003157051873767342,0.0009453567759950071,0.02719335291651138,0.0028010038357193304,30,4,"[120, 7, 8, 8, 7]","{""0"": 0.000791628214224557, ""1"": 0.001045575666096399, ""2"": 0.0013804854067948494, ""3"": 0.01362633961571394, ""4"": 0.0009432052317603143}"
11800315,motor_external,random,0.025,0.0020204511608132793,0.001140656366940684,0.0009883606621810268,0.028179169901337623,0.002736333625965241,30,4,"[120, 9, 6, 6, 9]","{""0"": 0.000588274815289857, ""1"": 0.0026122248789132254, ""2"": 0.00254588356920633, ""3"": 0.00301848430463768, ""4"": 0.0013373882360193038}"
11800315,motor_external,cycle,0.025,0.0023895361473152536,0.0025227538065872995,0.0008043124740458192,0.024292441705921965,0.0017139430083704338,30,4,"[120, 8, 7, 8, 7]","{""0"": 0.0007381518316301413, ""1"": 0.0011274502998380267, ""2"": 0.002202620371072832, ""3"": 0.006486710994263398, ""4"": 0.0013927472397718681}"
11800315,motor_external,least_seen,0.025,0.0021066559963141018,0.0012758153444360973,0.0008032346767548467,0.03531519520800297,0.0016423938255133266,30,4,"[120, 8, 8, 7, 7]","{""0"": 0.0008315396119923745, ""1"": 0.0008691294674250501, ""2"": 0.0018613369806471988, ""3"": 0.004869882505407749, ""4"": 0.002101391416098136}"
11800315,motor_external,single_action,0.025,0.07376160209598447,0.029812985138299927,0.022538511668842895,0.02569396796893703,0.01281570954257234,30,1,"[120, 30, 0, 0, 0]","{""0"": 0.052999541614365264, ""1"": 0.15177875133113417, ""2"": 0.04190756086140938, ""3"": 0.052999541614365264, ""4"": 0.06912261505864833}"
11800315,motor_external,no_probes,0.025,0.03022261779724931,0.026871233791097678,0.02975856317649861,0.009108349307006375,0.0013157866125887972,0,0,"[150, 0, 0, 0, 0]","{""0"": 0.0007199122921043467, ""1"": 0.06843422364721004, ""2"": 0.07419062739813774, ""3"": 0.0007199122921043467, ""4"": 0.007048413356690063}"
11800315,unknown_nonlinear,uncertainty,0.025,0.012652438239258277,0.008961192831706532,0.020220955815523557,0.00392065764367462,0.0040156854139971245,30,4,"[120, 7, 8, 6, 9]","{""0"": 0.0007186600103166532, ""1"": 0.009898122288606493, ""2"": 0.02718031631647476, ""3"": 0.015423136783514554, ""4"": 0.01004195579737893}"
11800315,unknown_nonlinear,random,0.025,0.008156658190096614,0.006054535006568118,0.003514159860088822,0.004842585308598028,0.0030862733946400507,30,4,"[120, 9, 6, 6, 9]","{""0"": 0.0005783231815598509, ""1"": 0.011778614830619585, ""2"": 0.01342570347913751, ""3"": 0.008379817314172845, ""4"": 0.006620832144993284}"
11800315,unknown_nonlinear,cycle,0.025,0.01792232299448082,0.012518609438529173,0.02168966487900696,0.0033413223508459307,0.004013548470055475,30,4,"[120, 8, 7, 8, 7]","{""0"": 0.0017303261366522335, ""1"": 0.011363773110813791, ""2"": 0.043250216090036896, ""3"": 0.025448175402297837, ""4"": 0.007819124232603333}"
11800315,unknown_nonlinear,least_seen,0.025,0.011747408061628852,0.0076860429922808405,0.022200267546724006,0.0043543666457249944,0.004460592096163251,30,4,"[120, 8, 8, 7, 7]","{""0"": 0.0005804058023508561, ""1"": 0.021929489367628563, ""2"": 0.008779262464096566, ""3"": 0.011589395128202562, ""4"": 0.015858487545865715}"
11800315,unknown_nonlinear,single_action,0.025,0.03235426666401141,0.030268815240723324,0.034921277801545976,0.0024517222554765366,0.001702662176087653,30,1,"[120, 30, 0, 0, 0]","{""0"": 0.0016060520006115672, ""1"": 0.017958665208315554, ""2"": 0.06042081440767872, ""3"": 0.05453688356579033, ""4"": 0.027248918137660907}"
11800315,unknown_nonlinear,no_probes,0.025,0.04246214322969936,0.03728978808741696,0.03618498126716389,0.0017611363661351298,0.0011060984979572167,0,0,"[150, 0, 0, 0, 0]","{""0"": 0.0025258578476994036, ""1"": 0.11835529069454535, ""2"": 0.0034675991699599415, ""3"": 0.06255351647842766, ""4"": 0.025408451957864397}"
11800452,none,uncertainty,0.025,0.002528544114267615,0.001625502224056013,0.008801284955364008,0.0014681985171865215,0.0018112529796299912,30,4,"[120, 9, 6, 7, 8]","{""0"": 0.0009870933442632948, ""1"": 0.0025532378771231223, ""2"": 0.0020134916288372154, ""3"": 0.004928722649102413, ""4"": 0.0021601750720120316}"
11800452,none,random,0.025,0.0023633450619145557,0.0006459264106748989,0.021431808160600505,0.0014503318809653079,0.0014697748141298344,30,4,"[120, 3, 6, 9, 12]","{""0"": 0.0010472555419253763, ""1"": 0.0037114689358180852, ""2"": 0.0013316416458040534, ""3"": 0.004181998641786726, ""4"": 0.0015443605442385393}"
11800452,none,cycle,0.025,0.0031467937195867935,0.001413626541451392,0.005198604395453482,0.0013479891325993835,0.0016104928053199204,30,4,"[120, 8, 7, 8, 7]","{""0"": 0.0009764703254573644, ""1"": 0.0026212808860640625, ""2"": 0.0017014889687049864, ""3"": 0.00603111601750174, ""4"": 0.0044036124002058115}"
11800452,none,least_seen,0.025,0.003098805257126497,0.0013108424769741568,0.003937319137568283,0.0013481319902865314,0.0014276874074983827,30,4,"[120, 7, 8, 7, 8]","{""0"": 0.0009329336670143695, ""1"": 0.0016618324883588846, ""2"": 0.0018004598160968454, ""3"": 0.00698841827954311, ""4"": 0.004110382034619275}"
11800452,none,single_action,0.025,0.03054637896242567,0.032353121191220316,0.057188456358751354,0.0018285463802919883,0.002421452980664872,30,1,"[120, 30, 0, 0, 0]","{""0"": 0.0009920120256734452, ""1"": 0.010322907818348917, ""2"": 0.009417089926571314, ""3"": 0.06855798548437424, ""4"": 0.06344189955716044}"
11800452,none,no_probes,0.025,0.06055862779482181,0.06080903331985537,0.06063956423595096,0.001257901385216774,0.0013557681213399423,0,0,"[150, 0, 0, 0, 0]","{""0"": 0.0011184224203883257, ""1"": 0.0809782744186418, ""2"": 0.08817375178184506, ""3"": 0.06764020605393868, ""4"": 0.06488248429929522}"
11800452,motor,uncertainty,0.025,0.008566735137418534,0.006114301489854124,0.010191395263175628,0.011957045846924695,0.0030650435799768508,30,4,"[120, 7, 8, 8, 7]","{""0"": 0.0013302380603020776, ""1"": 0.010275480963296271, ""2"": 0.004267744174489347, ""3"": 0.012765899092534857, ""4"": 0.014194313396470115}"
11800452,motor,random,0.025,0.21598368010441518,0.22351348896165485,0.02488898787615076,0.012079024786546709,0.002476903377691346,30,4,"[120, 3, 6, 9, 12]","{""0"": 0.0016203871652161334, ""1"": 0.09213737232528207, ""2"": 0.07408973276042304, ""3"": 0.44580795794132083, ""4"": 0.46626295032983406}"
11800452,motor,cycle,0.025,0.0030007755294719925,0.0013617006691276354,0.0039042748287272844,0.014079821502282468,0.0017833630307012534,30,4,"[120, 8, 7, 8, 7]","{""0"": 0.001081408187955985, ""1"": 0.005449879090509246, ""2"": 0.004097859206113559, ""3"": 0.0016511775303676274, ""4"": 0.0027235536324135474}"
11800452,motor,least_seen,0.025,0.016855819969451936,0.009494462454608998,0.009926129124662834,0.01696399857787697,0.0025529393444757827,30,4,"[120, 7, 8, 7, 8]","{""0"": 0.0015114952365450464, ""1"": 0.008729158112408474, ""2"": 0.004963631021040592, ""3"": 0.03124063539155354, ""4"": 0.037834180085712016}"
11800452,motor,single_action,0.025,0.061379277340151236,0.058693308527833256,0.047434988559087725,0.009462833050749303,0.0017639863434693508,30,1,"[120, 30, 0, 0, 0]","{""0"": 0.001121029947427699, ""1"": 0.07700066486587541, ""2"": 0.06300334489898961, ""3"": 0.08855328164621905, ""4"": 0.07721806534224447}"
11800452,motor,no_probes,0.025,0.05850956542462468,0.0586685728984395,0.05845002208669254,0.001257901385216774,0.0013557681213399423,0,0,"[150, 0, 0, 0, 0]","{""0"": 0.0012257789630067126, ""1"": 0.06458845341425558, ""2"": 0.06062981024177209, ""3"": 0.0879351286041483, ""4"": 0.07816865589994074}"
11800452,external,uncertainty,0.025,0.009583645392323096,0.00831663026560841,0.006711178854799221,0.00670717876252051,0.008284180251516728,30,4,"[120, 7, 8, 7, 8]","{""0"": 0.003270311860520374, ""1"": 0.0023879172319914675, ""2"": 0.007563573361515363, ""3"": 0.0059159789683129425, ""4"": 0.028780445539275338}"
11800452,external,random,0.025,0.012269545639715555,0.011084805371393,0.03817553444005858,0.005106618642138926,0.00859276941322176,30,4,"[120, 3, 6, 9, 12]","{""0"": 0.0040992284331798365, ""1"": 0.0048775130050729065, ""2"": 0.006780285766875224, ""3"": 0.008656162957248711, ""4"": 0.03693453803620109}"
11800452,external,cycle,0.025,0.00900948042680622,0.00801114467287568,0.011726974052077071,0.004744750590010796,0.005319104972920051,30,4,"[120, 8, 7, 8, 7]","{""0"": 0.0031309334794677197, ""1"": 0.0037318826314771507, ""2"": 0.003738686911712727, ""3"": 0.003664002744501947, ""4"": 0.030781896366871564}"
11800452,external,least_seen,0.025,0.01004985733728112,0.00840411506276573,0.013387248561031349,0.005368628388650666,0.005127848295655942,30,4,"[120, 7, 8, 7, 8]","{""0"": 0.0027180442402178506, ""1"": 0.004153490064650858, ""2"": 0.0024756499025511444, ""3"": 0.008605609114306875, ""4"": 0.03229649336467887}"
11800452,external,single_action,0.025,0.047902363074603674,0.04828640238744083,0.06530300474059401,0.016336974240778263,0.0017557068967365382,30,1,"[120, 30, 0, 0, 0]","{""0"": 0.01407857932621053, ""1"": 0.07426116670737144, ""2"": 0.044996905057272434, ""3"": 0.03574492695700506, ""4"": 0.07043023732515886}"
11800452,external,no_probes,0.025,0.06345042682918957,0.06555508970521041,0.06690265029054529,0.0026647026374914456,0.002403012630708976,0,0,"[150, 0, 0, 0, 0]","{""0"": 0.002522101340801296, ""1"": 0.1083148789355094, ""2"": 0.10917464280422935, ""3"": 0.04389830966280477, ""4"": 0.05334220140260307}"
11800452,sensor,uncertainty,0.025,0.002872573088425067,0.0013939039472011196,0.008555469002990198,0.0016663062335160628,0.0017395278020799197,30,4,"[120, 9, 6, 8, 7]","{""0"": 0.0010189371619898039, ""1"": 0.0032275550665360627, ""2"": 0.0031470176507527084, ""3"": 0.004799127596285317, ""4"": 0.0021702279665614453}"
11800452,sensor,random,0.025,0.0023796905878680314,0.0005264560232169027,0.021431808160600505,0.0014806507706360847,0.0014768221023585425,30,4,"[120, 3, 6, 9, 12]","{""0"": 0.001045426144141394, ""1"": 0.0036357925716568548, ""2"": 0.001217730136430376, ""3"": 0.00431777854495645, ""4"": 0.0016817255421550808}"
11800452,sensor,cycle,0.025,0.003262685035997901,0.0014259909866705454,0.005198604395453482,0.0013661966699554016,0.0016277089833876342,30,4,"[120, 8, 7, 8, 7]","{""0"": 0.0011398900753843407, ""1"": 0.0022311076664554693, ""2"": 0.002160134900303479, ""3"": 0.006093263178668997, ""4"": 0.004689029359177219}"
11800452,sensor,least_seen,0.025,0.0031303914717834536,0.001277287430861243,0.003937319137568283,0.0014590205710558368,0.001415172418904162,30,4,"[120, 7, 8, 7, 8]","{""0"": 0.0009393471769561186, ""1"": 0.0016084029869086723, ""2"": 0.0019064383212817786, ""3"": 0.007072529734852888, ""4"": 0.004125239138917811}"
11800452,sensor,single_action,0.025,0.03208856837286525,0.03459641702056541,0.057188456358751354,0.002151747370692522,0.002399468289022579,30,1,"[120, 30, 0, 0, 0]","{""0"": 0.0010845812899903187, ""1"": 0.011477339419412097, ""2"": 0.015590986404235023, ""3"": 0.06955744874595667, ""4"": 0.06273248600473214}"
11800452,sensor,no_probes,0.025,0.06066360750122769,0.060769954294661505,0.06063956423595096,0.001353877747727418,0.0013491354505830039,0,0,"[150, 0, 0, 0, 0]","{""0"": 0.0011921994774750496, ""1"": 0.08527599890431052, ""2"": 0.08410041794035243, ""3"": 0.07124406370471119, ""4"": 0.06150535747928929}"
11800452,motor_external,uncertainty,0.025,0.011170102047844287,0.01054461577576449,0.00789686841375209,0.014685799770124661,0.006107140918903838,30,4,"[120, 8, 7, 9, 6]","{""0"": 0.0034297447772584327, ""1"": 0.005293663786539532, ""2"": 0.03442829197277771, ""3"": 0.008154056082859311, ""4"": 0.004544753619786434}"
11800452,motor_external,random,0.025,0.014295229733734418,0.014044704393105518,0.025887302163419532,0.017303333540308666,0.00250647513014179,30,4,"[120, 3, 6, 9, 12]","{""0"": 0.0033475090149282434, ""1"": 0.021777223804297294, ""2"": 0.033384478135305214, ""3"": 0.010389112688113643, ""4"": 0.0025778250260276876}"
11800452,motor_external,cycle,0.025,0.009464703119121644,0.00765887078434639,0.00405719427998158,0.022748444262494158,0.008704820101334903,30,4,"[120, 8, 7, 8, 7]","{""0"": 0.0025067645011458226, ""1"": 0.002628278841438922, ""2"": 0.03184852452486441, ""3"": 0.0065021131785082545, ""4"": 0.003837834549650811}"
11800452,motor_external,least_seen,0.025,0.00872363667029023,0.0075367491042322675,0.007717822647167188,0.01551507774512444,0.010727457841012648,30,4,"[120, 7, 8, 7, 8]","{""0"": 0.0024947907617620777, ""1"": 0.004049605729974168, ""2"": 0.029520759265380076, ""3"": 0.004926673377877762, ""4"": 0.0026263542164570645}"
11800452,motor_external,single_action,0.025,0.08934650136554491,0.09855273025502012,0.06713379810175865,0.012124242218338872,0.002495773509066362,30,1,"[120, 30, 0, 0, 0]","{""0"": 0.029504080670731708, ""1"": 0.02348216629911044, ""2"": 0.1180732154859545, ""3"": 0.14068862656235787, ""4"": 0.13498441780957002}"
11800452,motor_external,no_probes,0.025,0.06335880497033496,0.06535666714982068,0.06684081832070173,0.0026647026374914456,0.002403012630708976,0,0,"[150, 0, 0, 0, 0]","{""0"": 0.002279695552729496, ""1"": 0.045622583779682264, ""2"": 0.05116096358915973, ""3"": 0.10886438973528549, ""4"": 0.10886639219481785}"
11800452,unknown_nonlinear,uncertainty,0.025,0.01485794043476612,0.01573538381972903,0.025170094167727634,0.003461565208866071,0.0059631510121559515,30,4,"[120, 8, 7, 8, 7]","{""0"": 0.0013051687086006421, ""1"": 0.0029057262410101064, ""2"": 0.02346095732540532, ""3"": 0.002248928247973042, ""4"": 0.04436892165084148}"
11800452,unknown_nonlinear,random,0.025,0.03226706096644144,0.026131740763392784,0.025824717791014928,0.0023959969389606805,0.004766091926037375,30,4,"[120, 3, 6, 9, 12]","{""0"": 0.0007532927865662404, ""1"": 0.07291715191790359, ""2"": 0.014196355718199216, ""3"": 0.0056344810700669585, ""4"": 0.06783402333947121}"
11800452,unknown_nonlinear,cycle,0.025,0.014684097219530404,0.014597091572437455,0.02465033586654513,0.003901386800773989,0.005517817283510538,30,4,"[120, 8, 7, 8, 7]","{""0"": 0.001102603127400366, ""1"": 0.0011817955858273866, ""2"": 0.02635010926792984, ""3"": 0.005491163267294047, ""4"": 0.03929481484920038}"
11800452,unknown_nonlinear,least_seen,0.025,0.01580620989843134,0.01652975700751805,0.024182028668945026,0.0033539283777604305,0.005343587085469452,30,4,"[120, 7, 8, 7, 8]","{""0"": 0.0010995713508478182, ""1"": 0.0022944338993225685, ""2"": 0.020562515131730113, ""3"": 0.00254744093091718, ""4"": 0.05252708817933902}"
11800452,unknown_nonlinear,single_action,0.025,0.04074864243633005,0.03901693715695284,0.040099903309520214,0.0018285463802919883,0.002421452980664872,30,1,"[120, 30, 0, 0, 0]","{""0"": 0.0016705225129871302, ""1"": 0.07598030262270057, ""2"": 0.027669430955330004, ""3"": 0.017231699240528402, ""4"": 0.08119125685010413}"
11800452,unknown_nonlinear,no_probes,0.025,0.045103129024040026,0.04799785203299735,0.039784002266573984,0.001257901385216774,0.0013557681213399423,0,0,"[150, 0, 0, 0, 0]","{""0"": 0.0025399579902813463, ""1"": 0.005870965022331343, ""2"": 0.11733043943938444, ""3"": 0.018226407815787573, ""4"": 0.08154787485241542}"
11800589,none,uncertainty,0.025,0.0012731828864166875,0.0005842169398877492,0.0017324670730952747,0.0023496980480558825,0.0022521031685994045,30,4,"[120, 6, 9, 8, 7]","{""0"": 0.0010352794094285252, ""1"": 0.0009583824415895958, ""2"": 0.002114090861794231, ""3"": 0.000983899917536294, ""4"": 0.0012742618017347912}"
11800589,none,random,0.025,0.002827438433103713,0.0019136152814603887,0.00938542063279005,0.002290603733034971,0.001997067057199211,30,4,"[120, 4, 8, 8, 10]","{""0"": 0.0010738465409838541, ""1"": 0.005083963246808519, ""2"": 0.002898352872087201, ""3"": 0.002212548518751138, ""4"": 0.0028684809868878506}"
11800589,none,cycle,0.025,0.0016101412050685284,0.0005517645920285538,0.00198997162850026,0.002479546713645128,0.0021419676071258594,30,4,"[120, 8, 7, 8, 7]","{""0"": 0.001221419326067363, ""1"": 0.0009293973759948139, ""2"": 0.0025601807663841497, ""3"": 0.0017585932230894262, ""4"": 0.0015811153338068894}"
11800589,none,least_seen,0.025,0.0015225088106195453,0.0007153100833898237,0.001778776141224145,0.002399813386487236,0.0021431982007028326,30,4,"[120, 7, 8, 8, 7]","{""0"": 0.0012786602387554063, ""1"": 0.0013371416754839806, ""2"": 0.0018377484352277418, ""3"": 0.0012781471898787881, ""4"": 0.0018808465137518094}"
11800589,none,single_action,0.025,0.02438181103771462,0.02378217246021252,0.03700443046385853,0.005058475956727988,0.0022838401201666055,30,1,"[120, 30, 0, 0, 0]","{""0"": 0.0043137702633234834, ""1"": 0.008639068233351107, ""2"": 0.0029617209312237255, ""3"": 0.06252418907845624, ""4"": 0.04347030668221855}"
11800589,none,no_probes,0.025,0.036699545855418084,0.036269899779071545,0.036652220473535585,0.002228339923063521,0.0019218544482396396,0,0,"[150, 0, 0, 0, 0]","{""0"": 0.0012981004472243413, ""1"": 0.04262967642880283, ""2"": 0.040300616157789605, ""3"": 0.04358866760747274, ""4"": 0.055680668635800866}"
11800589,motor,uncertainty,0.025,0.002255672830195592,0.0014812853175861754,0.0016935370708214814,0.009813928459406637,0.003134698246994357,30,4,"[120, 7, 8, 8, 7]","{""0"": 0.001085414667698182, ""1"": 0.003431890675169609, ""2"": 0.0016952363111125976, ""3"": 0.002300288032776836, ""4"": 0.0027655344642207353}"
11800589,motor,random,0.025,0.012631649767541966,0.009288975490803649,0.016145242843355674,0.003993391599736355,0.002748749430862859,30,4,"[120, 4, 8, 8, 10]","{""0"": 0.0013048456678374325, ""1"": 0.015698881821093434, ""2"": 0.007933937109365413, ""3"": 0.02028343451415882, ""4"": 0.017937149725254734}"
11800589,motor,cycle,0.025,0.0025660483617656843,0.0023323821023507663,0.0015405163170832403,0.009958346137583592,0.0033894038593723086,30,4,"[120, 8, 7, 8, 7]","{""0"": 0.0010784208993693018, ""1"": 0.004728795125613901, ""2"": 0.002121043282792128, ""3"": 0.002130822106858186, ""4"": 0.002771160394194904}"
11800589,motor,least_seen,0.025,0.002137316487504251,0.0018027674395166054,0.001834081159747757,0.00901995983032165,0.002853368092614372,30,4,"[120, 7, 8, 8, 7]","{""0"": 0.001058040798986564, ""1"": 0.003331578053902091, ""2"": 0.0013189318186726817, ""3"": 0.0022708614922096657, ""4"": 0.002707170273750253}"
11800589,motor,single_action,0.025,0.24064673254078664,0.25767402834235015,0.03580446942638648,0.009768421552751027,0.007155855434475605,30,1,"[120, 30, 0, 0, 0]","{""0"": 0.036219773968771185, ""1"": 0.7474459549039864, ""2"": 0.25583602183511306, ""3"": 0.1087898386251812, ""4"": 0.054942073370881535}"
11800589,motor,no_probes,0.025,0.04193091791002986,0.04195884013372749,0.042113362302106126,0.002228339923063521,0.0019218544482396396,0,0,"[150, 0, 0, 0, 0]","{""0"": 0.0010846231660464403, ""1"": 0.053346693524295434, ""2"": 0.05892238768368644, ""3"": 0.04626033890959356, ""4"": 0.05004054626652744}"
11800589,external,uncertainty,0.025,0.00969830590665806,0.012906689604191704,0.00779632316174654,0.0067954992875870045,0.01000615751921483,30,4,"[120, 7, 8, 8, 7]","{""0"": 0.0044309928922606654, ""1"": 0.005711509599953565, ""2"": 0.018682492076510338, ""3"": 0.008076450718042796, ""4"": 0.011590084246522936}"
11800589,external,random,0.025,0.014371235170177443,0.012630648608053201,0.01464484687849078,0.009292823911041814,0.010338645280266746,30,4,"[120, 4, 8, 8, 10]","{""0"": 0.004526285595223736, ""1"": 0.03377278888272881, ""2"": 0.006510444138409517, ""3"": 0.007960994260527874, ""4"": 0.01908566297399727}"
11800589,external,cycle,0.025,0.010874100493924387,0.014480497958945777,0.014210324963251563,0.008374848522236012,0.012771805663388959,30,4,"[120, 8, 7, 8, 7]","{""0"": 0.0045695257448250155, ""1"": 0.008846963632683886, ""2"": 0.014516203806483172, ""3"": 0.00821652690897535, ""4"": 0.018221282376654515}"
11800589,external,least_seen,0.025,0.010827528097509496,0.01369093119505277,0.007414597997902921,0.009909809269607252,0.011429192212498626,30,4,"[120, 7, 8, 8, 7]","{""0"": 0.00476181023622094, ""1"": 0.01582653522641117, ""2"": 0.007579652137251776, ""3"": 0.007959948241224639, ""4"": 0.01800969464643896}"
11800589,external,single_action,0.025,0.11533468913208324,0.11494417411060286,0.036883756605850304,0.005334068861173955,0.0058135944441842025,30,1,"[120, 30, 0, 0, 0]","{""0"": 0.06552361406498701, ""1"": 0.1522401400134221, ""2"": 0.13467402460130287, ""3"": 0.11813964017974578, ""4"": 0.10609602680095838}"
11800589,external,no_probes,0.025,0.031487981707801586,0.03847442094448054,0.031034772973904744,0.005734055316648291,0.003157533287028894,0,0,"[150, 0, 0, 0, 0]","{""0"": 0.004420818343895559, ""1"": 0.039180857891964335, ""2"": 0.004420818343895559, ""3"": 0.03837617185778136, ""4"": 0.07104124210147111}"
11800589,sensor,uncertainty,0.025,0.0011542769875410018,0.0005827743140168416,0.0014049742169442098,0.002563947575626841,0.0021182520695608668,30,4,"[120, 6, 9, 8, 7]","{""0"": 0.0009756828899398707, ""1"": 0.0011816742959176523, ""2"": 0.001473006994711052, ""3"": 0.0009560492823436676, ""4"": 0.0011849714747927667}"
11800589,sensor,random,0.025,0.002995897954302416,0.0019408300132650615,0.00938542063279005,0.0024043837817820314,0.0020113519038914007,30,4,"[120, 4, 8, 8, 10]","{""0"": 0.0011431392691399137, ""1"": 0.005870279008629408, ""2"": 0.0028222677078996537, ""3"": 0.0019966838400111305, ""4"": 0.003147119945831974}"
11800589,sensor,cycle,0.025,0.0014141968829523182,0.0005247051398515365,0.00198997162850026,0.002688912379286501,0.0021757684235828743,30,4,"[120, 8, 7, 8, 7]","{""0"": 0.0010181853954740695, ""1"": 0.0008839363292764559, ""2"": 0.001985233990070405, ""3"": 0.0016445255251548458, ""4"": 0.0015391031747858143}"
11800589,sensor,least_seen,0.025,0.0012561366394569261,0.0006940989531086224,0.001778776141224145,0.002651043461875425,0.0021466396722884056,30,4,"[120, 7, 8, 8, 7]","{""0"": 0.0010055472924871062, ""1"": 0.0010728845083541056, ""2"": 0.0015492993413152086, ""3"": 0.0012686288449612073, ""4"": 0.0013843232101670023}"
11800589,sensor,single_action,0.025,0.030660454230346648,0.02615638523745956,0.03700443046385853,0.0054693700029091906,0.0023067204578174376,30,1,"[120, 30, 0, 0, 0]","{""0"": 0.007133514247910391, ""1"": 0.011611328908287971, ""2"": 0.022917307473317782, ""3"": 0.07887114042997094, ""4"": 0.032768980092246165}"
11800589,sensor,no_probes,0.025,0.03647696365084839,0.03625038009711016,0.036652220473535585,0.002408992370801952,0.0019214579088855685,0,0,"[150, 0, 0, 0, 0]","{""0"": 0.0010648040286336325, ""1"": 0.04054367164219278, ""2"": 0.041934437324506225, ""3"": 0.04511301057699588, ""4"": 0.05372889468191344}"
11800589,motor_external,uncertainty,0.025,0.014169045679468474,0.016679779865554464,0.017673558736000516,0.012966889752708934,0.011046005974783233,30,4,"[120, 7, 8, 8, 7]","{""0"": 0.013320863724738114, ""1"": 0.027267052887316817, ""2"": 0.013686316638005838, ""3"": 0.004973771288714309, ""4"": 0.011597223858567285}"
11800589,motor_external,random,0.025,0.019973017954373982,0.021810344286403306,0.023926097911461056,0.009432307517282574,0.010230514422634085,30,4,"[120, 4, 8, 8, 10]","{""0"": 0.013325650139025652, ""1"": 0.048159074797204375, ""2"": 0.014613621000154132, ""3"": 0.006453215747601355, ""4"": 0.017313528087884403}"
11800589,motor_external,cycle,0.025,0.014878461246603244,0.016052998665066164,0.01681116623793075,0.013045467271989453,0.009634685143368554,30,4,"[120, 8, 7, 8, 7]","{""0"": 0.01368111546333895, ""1"": 0.025435586741834996, ""2"": 0.01425755087096048, ""3"": 0.007043623349143596, ""4"": 0.013974429807738211}"
11800589,motor_external,least_seen,0.025,0.014020391106330958,0.01616436896625952,0.021778013619133674,0.012437907069326412,0.012272438509171845,30,4,"[120, 7, 8, 8, 7]","{""0"": 0.013110440140469864, ""1"": 0.023984056897652605, ""2"": 0.011995188943300117, ""3"": 0.007207233081944958, ""4"": 0.013805036468287233}"
11800589,motor_external,single_action,0.025,0.04489166731124037,0.0649059661018194,0.03453644279658801,0.01506834877837835,0.011419957683167219,30,1,"[120, 30, 0, 0, 0]","{""0"": 0.011209400580834458, ""1"": 0.07460544540168867, ""2"": 0.0721143967398906, ""3"": 0.014833223394610483, ""4"": 0.05169587043917764}"
11800589,motor_external,no_probes,0.025,0.036340805882029134,0.042805179192073425,0.03585310076857874,0.005734055316648291,0.003157533287028894,0,0,"[150, 0, 0, 0, 0]","{""0"": 0.013281101196757808, ""1"": 0.047165371670028315, ""2"": 0.0631536465914316, ""3"": 0.017902559229628256, ""4"": 0.04020135072229969}"
11800589,unknown_nonlinear,uncertainty,0.025,0.010285820491480812,0.007394620140299093,0.009169284503094144,0.002743374869707933,0.003994712321730069,30,4,"[120, 7, 8, 7, 8]","{""0"": 0.0010912074605403759, ""1"": 0.007860403330817759, ""2"": 0.027036035789539586, ""3"": 0.008910440487418765, ""4"": 0.006531015389087573}"
11800589,unknown_nonlinear,random,0.025,0.011047334424733636,0.007654421034649573,0.011745864120166045,0.003496352791699415,0.0025862054999374667,30,4,"[120, 4, 8, 8, 10]","{""0"": 0.0015348015590684304, ""1"": 0.020882005607210635, ""2"": 0.01731418702157976, ""3"": 0.00522507389853797, ""4"": 0.010280604037271386}"
11800589,unknown_nonlinear,cycle,0.025,0.012783399065169038,0.009001213496086949,0.012553265497472987,0.0035434342291944003,0.003832030306959061,30,4,"[120, 8, 7, 8, 7]","{""0"": 0.0015627291031440284, ""1"": 0.009534674442062465, ""2"": 0.03433339104234468, ""3"": 0.011440728569255793, ""4"": 0.007045472169038228}"
11800589,unknown_nonlinear,least_seen,0.025,0.012320049823262149,0.00969314693807636,0.011071280140372789,0.00324877443991413,0.003346049418419319,30,4,"[120, 7, 8, 8, 7]","{""0"": 0.0020591582870658786, ""1"": 0.023158102921454704, ""2"": 0.021854440699550417, ""3"": 0.010584354154629444, ""4"": 0.0039441930536103}"
11800589,unknown_nonlinear,single_action,0.025,0.02818225355746269,0.028018592287030745,0.03817475837235071,0.005421482437898099,0.0022604815611225464,30,1,"[120, 30, 0, 0, 0]","{""0"": 0.0053664519487722565, ""1"": 0.01660991460640386, ""2"": 0.020164321187244427, ""3"": 0.057723984265868576, ""4"": 0.04104659577902436}"
11800589,unknown_nonlinear,no_probes,0.025,0.04188625344833266,0.03858140651573338,0.03758193029354202,0.002228339923063521,0.0019218544482396396,0,0,"[150, 0, 0, 0, 0]","{""0"": 0.0021203604578850805, ""1"": 0.05349198183493883, ""2"": 0.06005717453095074, ""3"": 0.03828899096738029, ""4"": 0.05547275945050842}"
11800726,none,uncertainty,0.025,0.004613751653054073,0.0024656321292942907,0.009163454392165362,0.0013145908347874163,0.002314325580715915,30,4,"[120, 8, 7, 7, 8]","{""0"": 0.002316045824932378, ""1"": 0.01285863734424513, ""2"": 0.002195821183706147, ""3"": 0.0033161537516596014, ""4"": 0.0023821001607271046}"
11800726,none,random,0.025,0.002547513923764833,0.0016358842666407169,0.005432443422865464,0.0018443736420526056,0.0019081173297758641,30,4,"[120, 10, 4, 6, 10]","{""0"": 0.0017931624231618097, ""1"": 0.00437085242587636, ""2"": 0.0014912880669565524, ""3"": 0.0026552153473179134, ""4"": 0.0024270513555115325}"
11800726,none,cycle,0.025,0.0037228775757845336,0.0017985855839911008,0.002688756447429737,0.001547597129466454,0.0016745010868342985,30,4,"[120, 8, 7, 8, 7]","{""0"": 0.002082095044194491, ""1"": 0.00708564285696707, ""2"": 0.001407276484358443, ""3"": 0.0018815826218228076, ""4"": 0.0061577908715798576}"
11800726,none,least_seen,0.025,0.004660627090776011,0.0023197800650424072,0.0054177615253867,0.0014437462431476766,0.0019710925113327563,30,4,"[120, 8, 7, 7, 8]","{""0"": 0.0018713556267662447, ""1"": 0.01283437525364275, ""2"": 0.0031483188768010387, ""3"": 0.002743873698784989, ""4"": 0.002705211997885031}"
11800726,none,single_action,0.025,0.031265028022430995,0.02690830604773849,0.0474300181751594,0.0014740544975532183,0.0014742669423259559,30,1,"[120, 30, 0, 0, 0]","{""0"": 0.001513643841681831, ""1"": 0.004157718932427677, ""2"": 0.009278308379545826, ""3"": 0.07330286895904846, ""4"": 0.06807259999945116}"
11800726,none,no_probes,0.025,0.04959040071779914,0.048733383666905335,0.048371053600997964,0.0012794941338683547,0.0017228205314664133,0,0,"[150, 0, 0, 0, 0]","{""0"": 0.002744146279161181, ""1"": 0.04939283485695306, ""2"": 0.051726559278168834, ""3"": 0.09261284897389836, ""4"": 0.051475614200814264}"
11800726,motor,uncertainty,0.025,0.00940779274172326,0.002774718787774181,0.013489503871578667,0.013268413547407898,0.002094566890878358,30,4,"[120, 8, 7, 8, 7]","{""0"": 0.0030179997761577136, ""1"": 0.011751311295168357, ""2"": 0.004590256374802387, ""3"": 0.0036330080347113914, ""4"": 0.024046388227776452}"
11800726,motor,random,0.025,0.00919762493716524,0.00792667003173143,0.008329449238259647,0.01095559029977142,0.0018144561927321483,30,4,"[120, 10, 4, 6, 10]","{""0"": 0.0020655915676948537, ""1"": 0.0210626726520373, ""2"": 0.012246656549036969, ""3"": 0.00874121452194923, ""4"": 0.001871989395107853}"
11800726,motor,cycle,0.025,0.0038844893424073894,0.00233268413530983,0.0031382719246167883,0.011816642907923811,0.0018949417073493415,30,4,"[120, 8, 7, 8, 7]","{""0"": 0.0017132875787719212, ""1"": 0.0016824454893571174, ""2"": 0.0058783613038328325, ""3"": 0.0015235792687625484, ""4"": 0.00862477307131253}"
11800726,motor,least_seen,0.025,0.009761302394554692,0.0032178930114848377,0.008363804026701335,0.013610477306821774,0.002348131879541947,30,4,"[120, 8, 7, 7, 8]","{""0"": 0.0034591894795019933, ""1"": 0.007331761480274115, ""2"": 0.006168924507572466, ""3"": 0.00850946208957735, ""4"": 0.02333717441584754}"
11800726,motor,single_action,0.025,0.06634181560469511,0.08096817577419012,0.05974636694577579,0.003982005667258508,0.012850329561620731,30,1,"[120, 30, 0, 0, 0]","{""0"": 0.002788592232903911, ""1"": 0.13318277942598558, ""2"": 0.08683624357043995, ""3"": 0.06383872220172715, ""4"": 0.04506274059241904}"
11800726,motor,no_probes,0.025,0.053976728981540774,0.05310558342558944,0.052997750817819524,0.0012794941338683547,0.0017228205314664133,0,0,"[150, 0, 0, 0, 0]","{""0"": 0.00276452975336908, ""1"": 0.10117462040272163, ""2"": 0.05768855172537537, ""3"": 0.05512807499143999, ""4"": 0.0531278680347978}"
11800726,external,uncertainty,0.025,0.007966531360089527,0.007905384214299442,0.006691012288370249,0.011691736052863331,0.006973576205234589,30,4,"[120, 8, 7, 7, 8]","{""0"": 0.002253170597033285, ""1"": 0.00366055177462792, ""2"": 0.013029707872738999, ""3"": 0.016670102258370432, ""4"": 0.004219124297676998}"
11800726,external,random,0.025,0.012347164295167835,0.016786585666997804,0.00534359146535442,0.008273910894403195,0.008774560210279942,30,4,"[120, 10, 4, 6, 10]","{""0"": 0.0029393386612299333, ""1"": 0.009540122441542075, ""2"": 0.0307639812594859, ""3"": 0.00926329397291918, ""4"": 0.009229085140662086}"
11800726,external,cycle,0.025,0.007350033759135548,0.007272478811218399,0.006544825993338282,0.008739908978074078,0.009537211826192077,30,4,"[120, 8, 7, 8, 7]","{""0"": 0.002371635973398078, ""1"": 0.0019244472017088514, ""2"": 0.013006307134303974, ""3"": 0.01384839528457472, ""4"": 0.005599383201692124}"
11800726,external,least_seen,0.025,0.00709723160511565,0.006795914689030809,0.003711057472275676,0.01030393941408865,0.0070789402045154355,30,4,"[120, 8, 7, 7, 8]","{""0"": 0.0022610348553288606, ""1"": 0.003129122514000962, ""2"": 0.008825975544901686, ""3"": 0.01717079703718046, ""4"": 0.004099228074166285}"
11800726,external,single_action,0.025,0.021364446461061042,0.030163691360701732,0.021139513226935278,0.01530670941776935,0.001764446496974283,30,1,"[120, 30, 0, 0, 0]","{""0"": 0.002803508028946331, ""1"": 0.020041283011906285, ""2"": 0.050154299250610684, ""3"": 0.002803508028946331, ""4"": 0.031019633984895597}"
11800726,external,no_probes,0.025,0.023548556687874565,0.028924183928983653,0.02213508562802672,0.004343930989460149,0.0022311265211975833,0,0,"[150, 0, 0, 0, 0]","{""0"": 0.0020340561604279554, ""1"": 0.020907888838047377, ""2"": 0.0609129226607713, ""3"": 0.0020340561604279554, ""4"": 0.03185385961969823}"
11800726,sensor,uncertainty,0.025,0.006209264036323416,0.0027271906504631235,0.013903683876235584,0.003562236038848145,0.0028811359436997476,30,4,"[120, 7, 8, 6, 9]","{""0"": 0.0026919612683431655, ""1"": 0.017088065880480282, ""2"": 0.0035902576487206648, ""3"": 0.0022787663537225367, ""4"": 0.0053972690303504345}"
11800726,sensor,random,0.025,0.002929357909548154,0.0016152487783307778,0.005432443422865464,0.0019394240413449586,0.002001602911599826,30,4,"[120, 10, 4, 6, 10]","{""0"": 0.0017914138964810692, ""1"": 0.005657379384484137, ""2"": 0.0019896794365884167, ""3"": 0.0029957110319727928, ""4"": 0.002212605798214355}"
11800726,sensor,cycle,0.025,0.004594329674082552,0.00179150200042814,0.002688756447429737,0.002545226576187436,0.0017952837148575084,30,4,"[120, 8, 7, 8, 7]","{""0"": 0.0020794018219365672, ""1"": 0.008993536158630494, ""2"": 0.003949503672904611, ""3"": 0.0017888953902151956, ""4"": 0.006160311326725894}"
11800726,sensor,least_seen,0.025,0.005856810318534564,0.0022524443426263476,0.0054177615253867,0.0030785566590974776,0.0019369821856941715,30,4,"[120, 8, 7, 7, 8]","{""0"": 0.0018476166885317876, ""1"": 0.01540484788700259, ""2"": 0.006536625790805629, ""3"": 0.002784020692232027, ""4"": 0.002710940534100788}"
11800726,sensor,single_action,0.025,0.03190974815545589,0.02629063146615291,0.0474300181751594,0.0015033599995339473,0.001528208239123951,30,1,"[120, 30, 0, 0, 0]","{""0"": 0.0016791974517663857, ""1"": 0.00609523512317747, ""2"": 0.010075903649633981, ""3"": 0.0762920394493415, ""4"": 0.06540636510336013}"
11800726,sensor,no_probes,0.025,0.049538299574341256,0.04868218610610488,0.048371053600997964,0.001342216321667876,0.0017164399201253058,0,0,"[150, 0, 0, 0, 0]","{""0"": 0.0026812736398951903, ""1"": 0.05169818671408353, ""2"": 0.04929509860419223, ""3"": 0.09135955968843514, ""4"": 0.05265737922510017}"
11800726,motor_external,uncertainty,0.025,0.010874755582042284,0.013121284777392479,0.0019410435967920452,0.017817738099478522,0.007289118014219454,30,4,"[120, 8, 7, 7, 8]","{""0"": 0.0015665183768397456, ""1"": 0.012199506160854119, ""2"": 0.009688626921489323, ""3"": 0.01672649685014548, ""4"": 0.014192629600882745}"
11800726,motor_external,random,0.025,0.011420395376226631,0.013361524867083923,0.005290696462662153,0.017013312582311868,0.006909995525506844,30,4,"[120, 10, 4, 6, 10]","{""0"": 0.0015785568707991384, ""1"": 0.0024003231182715846, ""2"": 0.021509396288142055, ""3"": 0.015048385336488617, ""4"": 0.01656531526743176}"
11800726,motor_external,cycle,0.025,0.012946181508212305,0.014835214559577285,0.0020460243121511504,0.01509455431610981,0.010225447196863156,30,4,"[120, 8, 7, 8, 7]","{""0"": 0.0015956136838314215, ""1"": 0.026236797006867544, ""2"": 0.0033204765971302755, ""3"": 0.00845963945832477, ""4"": 0.025118380794907514}"
11800726,motor_external,least_seen,0.025,0.011522474631709995,0.013223503712174213,0.0026774562204088404,0.019694646219640292,0.011234258145470142,30,4,"[120, 8, 7, 7, 8]","{""0"": 0.0016245144722287774, ""1"": 0.01760443530904036, ""2"": 0.003829179220815057, ""3"": 0.012586629646023717, ""4"": 0.02196761451044207}"
11800726,motor_external,single_action,0.025,0.014605230267492933,0.020082603362155876,0.016602090614163952,0.03441844523450691,0.0022986511696599914,30,1,"[120, 30, 0, 0, 0]","{""0"": 0.001657869283446462, ""1"": 0.002723040516157275, ""2"": 0.014268455015188454, ""3"": 0.052718917239226004, ""4"": 0.001657869283446462}"
11800726,motor_external,no_probes,0.025,0.018760368373853913,0.022653201874917327,0.016654114879316558,0.004343930989460149,0.0022311265211975833,0,0,"[150, 0, 0, 0, 0]","{""0"": 0.0015758559851268862, ""1"": 0.0015758559851268862, ""2"": 0.03167109385647093, ""3"": 0.05740318005741795, ""4"": 0.0015758559851268862}"
11800726,unknown_nonlinear,uncertainty,0.025,0.014700598512979347,0.010654914798615913,0.022785069892412507,0.005353276586859108,0.003598470616757045,30,4,"[120, 9, 6, 8, 7]","{""0"": 0.0012898143744165477, ""1"": 0.01839328633918545, ""2"": 0.017515567587925874, ""3"": 0.011687470419980986, ""4"": 0.024616853843387878}"
11800726,unknown_nonlinear,random,0.025,0.020007952078336718,0.013082427452257229,0.03498509457749546,0.0037830152822705947,0.005376433125046433,30,4,"[120, 10, 4, 6, 10]","{""0"": 0.001467284097810697, ""1"": 0.050291735204022255, ""2"": 0.012205990742658908, ""3"": 0.03133589646715753, ""4"": 0.0047388538800341865}"
11800726,unknown_nonlinear,cycle,0.025,0.013401755008411145,0.009776413100146734,0.025969897862691903,0.005327258307858505,0.005693028999189842,30,4,"[120, 8, 7, 8, 7]","{""0"": 0.0011102650761652484, ""1"": 0.02547995955892891, ""2"": 0.011017320671781775, ""3"": 0.01057745409045986, ""4"": 0.018823775644719914}"
11800726,unknown_nonlinear,least_seen,0.025,0.017136180770828045,0.018473095806150183,0.026810796560749743,0.006153959977193579,0.0045354245476504655,30,4,"[120, 8, 7, 7, 8]","{""0"": 0.0016974920045854467, ""1"": 0.012434995976145202, ""2"": 0.017254454267050225, ""3"": 0.009212344358903205, ""4"": 0.04508161724745613}"
11800726,unknown_nonlinear,single_action,0.025,0.03234511634373007,0.030353859533843803,0.03998648095406217,0.0014787608521799455,0.0014304806429091754,30,1,"[120, 30, 0, 0, 0]","{""0"": 0.0015872878129413448, ""1"": 0.03263087915312221, ""2"": 0.023698493295630663, ""3"": 0.051357096389642504, ""4"": 0.052451825067313655}"
11800726,unknown_nonlinear,no_probes,0.025,0.04931556768794732,0.04943528933711493,0.04144409237976495,0.0012794941338683547,0.0017228205314664133,0,0,"[150, 0, 0, 0, 0]","{""0"": 0.004693472679029597, ""1"": 0.06695767864703173, ""2"": 0.06565184132956275, ""3"": 0.07135128762307257, ""4"": 0.03792355816103998}"
