seed,condition,agent,food,survival
1103,normal,random,0.0,0.7291666666666666
1103,normal,greedy,0.16666666666666666,0.4878472222222223
1103,normal,one_step,2.75,0.857638888888889
1103,normal,bayesian,3.4166666666666665,0.8472222222222222
1103,corrupted,random,0.16666666666666666,0.7222222222222222
1103,corrupted,greedy,0.0,0.670138888888889
1103,corrupted,one_step,0.16666666666666666,0.7586805555555555
1103,corrupted,bayesian,0.16666666666666666,0.7725694444444445
1205,normal,random,0.3333333333333333,0.7690972222222222
1205,normal,greedy,0.6666666666666666,0.5729166666666667
1205,normal,one_step,2.6666666666666665,0.859375
1205,normal,bayesian,3.0833333333333335,0.8836805555555557
1205,corrupted,random,0.25,0.7309027777777777
1205,corrupted,greedy,0.25,0.6475694444444445
1205,corrupted,one_step,0.75,0.7829861111111112
1205,corrupted,bayesian,0.5833333333333334,0.7621527777777778
1411,normal,random,0.0,0.6944444444444443
1411,normal,greedy,1.0833333333333333,0.654513888888889
1411,normal,one_step,3.75,0.9409722222222222
1411,normal,bayesian,3.75,0.9166666666666666
1411,corrupted,random,0.16666666666666666,0.71875
1411,corrupted,greedy,0.4166666666666667,0.6857638888888888
1411,corrupted,one_step,0.9166666666666666,0.8072916666666665
1411,corrupted,bayesian,1.0833333333333333,0.8454861111111112
