seed,condition,generation,mean_score,best_score,mean_recurrent_edges
1103,evolved_recurrent,0,0.22690972222222225,0.709375,0.0
1103,evolved_recurrent,1,0.17569444444444446,0.6468750000000001,1.2222222222222223
1103,evolved_recurrent,2,0.24184027777777775,0.678125,2.1666666666666665
1103,evolved_recurrent,3,0.18888888888888888,0.675,2.7777777777777777
1103,evolved_recurrent,4,0.24409722222222227,0.71875,2.7777777777777777
1103,evolved_recurrent,5,0.2248263888888889,0.74375,2.9444444444444446
1103,evolved_recurrent,6,0.20625,0.6531250000000001,3.6666666666666665
1103,evolved_recurrent,7,0.24895833333333328,0.7156250000000001,3.888888888888889
1103,evolved_recurrent,8,0.33298611111111115,1.1531250000000002,4.666666666666667
1103,evolved_recurrent,9,0.3182291666666666,0.75,4.777777777777778
1103,evolved_recurrent,10,0.2378472222222222,0.70625,5.055555555555555
1103,evolved_recurrent,11,0.209375,0.24375,6.444444444444445
1103,evolved_recurrent,12,0.2928819444444445,0.771875,6.944444444444445
1103,evolved_recurrent,13,0.28124999999999994,0.7625,7.166666666666667
1103,evolved_feedforward,0,0.22690972222222225,0.709375,0.0
1103,evolved_feedforward,1,0.23576388888888886,0.7156250000000001,1.2222222222222223
1103,evolved_feedforward,2,0.23159722222222223,0.678125,1.8333333333333333
1103,evolved_feedforward,3,0.1512152777777778,0.18125,2.5
1103,evolved_feedforward,4,0.20850694444444445,0.7125,3.2222222222222223
1103,evolved_feedforward,5,0.23732638888888888,0.6468750000000001,3.2777777777777777
1103,evolved_feedforward,6,0.259375,0.76875,3.888888888888889
1103,evolved_feedforward,7,0.19670138888888886,0.703125,4.888888888888889
1103,evolved_feedforward,8,0.1668402777777778,0.23124999999999998,4.833333333333333
1103,evolved_feedforward,9,0.2173611111111111,0.68125,5.777777777777778
1103,evolved_feedforward,10,0.2732638888888889,0.7125,6.944444444444445
1103,evolved_feedforward,11,0.21631944444444443,0.70625,8.61111111111111
1103,evolved_feedforward,12,0.2149305555555555,0.68125,8.166666666666666
1103,evolved_feedforward,13,0.19895833333333332,0.68125,8.61111111111111
1103,random_selection,0,0.22690972222222225,0.709375,0.0
1103,random_selection,1,0.19687500000000002,0.659375,1.2222222222222223
1103,random_selection,2,0.27569444444444446,0.653125,1.7222222222222223
1103,random_selection,3,0.1949652777777778,0.671875,2.388888888888889
1103,random_selection,4,0.21927083333333333,1.1875,2.5555555555555554
1103,random_selection,5,0.18923611111111108,0.640625,3.388888888888889
1103,random_selection,6,0.18871527777777777,0.6875,4.166666666666667
1103,random_selection,7,0.15815972222222222,0.634375,4.333333333333333
1103,random_selection,8,0.15989583333333335,0.6468750000000001,4.444444444444445
1103,random_selection,9,0.15590277777777778,0.64375,5.666666666666667
1103,random_selection,10,0.18680555555555556,0.6468750000000001,6.166666666666667
1103,random_selection,11,0.1623263888888889,0.640625,5.5
1103,random_selection,12,0.1565972222222222,0.6375,5.166666666666667
1103,random_selection,13,0.12829861111111113,0.1375,5.166666666666667
1205,evolved_recurrent,0,0.2451388888888889,0.746875,0.0
1205,evolved_recurrent,1,0.26927083333333335,0.728125,0.8888888888888888
1205,evolved_recurrent,2,0.24618055555555557,0.74375,1.3333333333333333
1205,evolved_recurrent,3,0.23715277777777777,0.7593749999999999,1.8333333333333333
1205,evolved_recurrent,4,0.3494791666666667,0.76875,2.4444444444444446
1205,evolved_recurrent,5,0.20555555555555555,0.24375,3.1666666666666665
1205,evolved_recurrent,6,0.23715277777777777,0.7,3.8333333333333335
1205,evolved_recurrent,7,0.21545138888888887,0.24375,5.222222222222222
1205,evolved_recurrent,8,0.3001736111111111,0.76875,6.166666666666667
1205,evolved_recurrent,9,0.2498263888888889,0.7625000000000001,7.222222222222222
1205,evolved_recurrent,10,0.31649305555555557,0.7625000000000001,7.5
1205,evolved_recurrent,11,0.2833333333333333,0.771875,8.333333333333334
1205,evolved_recurrent,12,0.2142361111111111,0.24062499999999998,8.11111111111111
1205,evolved_recurrent,13,0.24149305555555556,0.71875,8.833333333333334
1205,evolved_feedforward,0,0.2451388888888889,0.746875,0.0
1205,evolved_feedforward,1,0.29635416666666664,0.728125,0.8888888888888888
1205,evolved_feedforward,2,0.25347222222222215,0.7374999999999999,1.3888888888888888
1205,evolved_feedforward,3,0.2383680555555555,0.753125,2.111111111111111
1205,evolved_feedforward,4,0.38159722222222225,1.24375,2.5555555555555554
1205,evolved_feedforward,5,0.3097222222222222,0.7593749999999999,3.4444444444444446
1205,evolved_feedforward,6,0.23628472222222227,0.7,4.166666666666667
1205,evolved_feedforward,7,0.2640624999999999,0.740625,4.777777777777778
1205,evolved_feedforward,8,0.23854166666666668,0.76875,4.444444444444445
1205,evolved_feedforward,9,0.2383680555555555,0.74375,4.388888888888889
1205,evolved_feedforward,10,0.2621527777777778,0.7531249999999999,4.944444444444445
1205,evolved_feedforward,11,0.29861111111111105,0.771875,5.111111111111111
1205,evolved_feedforward,12,0.2253472222222222,0.76875,5.055555555555555
1205,evolved_feedforward,13,0.23680555555555557,0.771875,5.833333333333333
1205,random_selection,0,0.2451388888888889,0.746875,0.0
1205,random_selection,1,0.1993055555555555,0.69375,0.8888888888888888
1205,random_selection,2,0.234375,0.721875,1.5555555555555556
1205,random_selection,3,0.1519097222222222,0.1875,2.1666666666666665
1205,random_selection,4,0.21180555555555552,0.7125,3.1666666666666665
1205,random_selection,5,0.1807291666666667,0.6625,3.7222222222222223
1205,random_selection,6,0.21875,0.7312500000000001,3.2777777777777777
1205,random_selection,7,0.24079861111111114,0.6968749999999999,4.166666666666667
1205,random_selection,8,0.2760416666666667,0.7312500000000001,4.722222222222222
1205,random_selection,9,0.1864583333333333,0.6937500000000001,4.944444444444445
1205,random_selection,10,0.2142361111111111,0.71875,6.444444444444445
1205,random_selection,11,0.3347222222222222,1.246875,6.833333333333333
1205,random_selection,12,0.2034722222222222,0.66875,6.888888888888889
1205,random_selection,13,0.2798611111111111,0.725,8.0
1411,evolved_recurrent,0,0.24062499999999998,0.753125,0.0
1411,evolved_recurrent,1,0.28593749999999996,0.740625,1.0
1411,evolved_recurrent,2,0.20399305555555552,0.759375,1.7777777777777777
1411,evolved_recurrent,3,0.21006944444444442,0.671875,2.7777777777777777
1411,evolved_recurrent,4,0.2291666666666667,0.703125,2.611111111111111
1411,evolved_recurrent,5,0.20694444444444446,0.728125,2.6666666666666665
1411,evolved_recurrent,6,0.27031249999999996,0.7124999999999999,2.888888888888889
1411,evolved_recurrent,7,0.23819444444444443,0.753125,2.9444444444444446
1411,evolved_recurrent,8,0.2435763888888889,0.7375,4.0
1411,evolved_recurrent,9,0.3008680555555555,0.7625,3.888888888888889
1411,evolved_recurrent,10,0.3190972222222222,1.196875,4.722222222222222
1411,evolved_recurrent,11,0.3265624999999999,0.771875,5.888888888888889
1411,evolved_recurrent,12,0.23368055555555559,0.6875,6.333333333333333
1411,evolved_recurrent,13,0.2185763888888889,0.759375,6.333333333333333
1411,evolved_feedforward,0,0.24062499999999998,0.753125,0.0
1411,evolved_feedforward,1,0.2557291666666666,0.740625,1.0
1411,evolved_feedforward,2,0.18159722222222222,0.2375,1.9444444444444444
1411,evolved_feedforward,3,0.24479166666666666,0.7687499999999999,1.9444444444444444
1411,evolved_feedforward,4,0.27100694444444445,1.234375,2.4444444444444446
1411,evolved_feedforward,5,0.2342013888888889,0.70625,3.111111111111111
1411,evolved_feedforward,6,0.29965277777777777,0.7250000000000001,3.388888888888889
1411,evolved_feedforward,7,0.17656249999999998,0.24375,3.7222222222222223
1411,evolved_feedforward,8,0.2013888888888889,0.24375,4.388888888888889
1411,evolved_feedforward,9,0.3116319444444444,1.259375,5.277777777777778
1411,evolved_feedforward,10,0.27829861111111115,0.74375,5.777777777777778
1411,evolved_feedforward,11,0.29618055555555556,1.2406249999999999,6.166666666666667
1411,evolved_feedforward,12,0.1996527777777778,0.24062499999999998,7.111111111111111
1411,evolved_feedforward,13,0.2883680555555556,0.76875,7.166666666666667
1411,random_selection,0,0.24062499999999998,0.753125,0.0
1411,random_selection,1,0.1887152777777778,0.7468750000000001,1.0
1411,random_selection,2,0.22170138888888888,0.753125,2.2777777777777777
1411,random_selection,3,0.22274305555555557,0.75625,2.6666666666666665
1411,random_selection,4,0.17743055555555556,0.24062499999999998,3.888888888888889
1411,random_selection,5,0.21666666666666667,0.74375,3.888888888888889
1411,random_selection,6,0.25937499999999997,0.73125,4.5
1411,random_selection,7,0.22795138888888886,0.703125,5.277777777777778
1411,random_selection,8,0.21059027777777778,0.7125,6.111111111111111
1411,random_selection,9,0.2265625,0.6812499999999999,6.333333333333333
1411,random_selection,10,0.2251736111111111,0.690625,7.055555555555555
1411,random_selection,11,0.18854166666666666,0.6906249999999999,7.888888888888889
1411,random_selection,12,0.25260416666666674,0.709375,8.833333333333334
1411,random_selection,13,0.22951388888888888,0.7687499999999999,9.11111111111111
