population_seed,world_seed,environment,controller,food,survival
1103,1201103,stable,greedy,0,0.4791666666666667
1103,1201103,stable,comparator,3,0.9791666666666666
1103,1201103,stable,bayesian,3,1.0
1103,1201103,stable,privileged_pathfinding_reference,7.0,1.0
1103,1201836,stable,greedy,0,0.5
1103,1201836,stable,comparator,6,1.0
1103,1201836,stable,bayesian,3,0.9375
1103,1201836,stable,privileged_pathfinding_reference,6.0,1.0
1103,1202569,stable,greedy,5,1.0
1103,1202569,stable,comparator,5,1.0
1103,1202569,stable,bayesian,5,1.0
1103,1202569,stable,privileged_pathfinding_reference,8.0,1.0
1103,1203302,stable,greedy,0,0.5
1103,1203302,stable,comparator,0,0.4375
1103,1203302,stable,bayesian,0,0.4583333333333333
1103,1203302,stable,privileged_pathfinding_reference,8.0,1.0
1103,1204035,stable,greedy,0,0.3333333333333333
1103,1204035,stable,comparator,0,0.4375
1103,1204035,stable,bayesian,0,0.4375
1103,1204035,stable,privileged_pathfinding_reference,7.0,1.0
1103,1204768,stable,greedy,0,0.4375
1103,1204768,stable,comparator,4,1.0
1103,1204768,stable,bayesian,6,1.0
1103,1204768,stable,privileged_pathfinding_reference,9.0,1.0
1103,1205501,stable,greedy,0,0.5
1103,1205501,stable,comparator,2,0.6666666666666666
1103,1205501,stable,bayesian,2,0.6666666666666666
1103,1205501,stable,privileged_pathfinding_reference,9.0,1.0
1103,1206234,stable,greedy,0,0.3958333333333333
1103,1206234,stable,comparator,8,1.0
1103,1206234,stable,bayesian,4,1.0
1103,1206234,stable,privileged_pathfinding_reference,7.0,1.0
1103,1206967,stable,greedy,0,0.3541666666666667
1103,1206967,stable,comparator,5,1.0
1103,1206967,stable,bayesian,5,1.0
1103,1206967,stable,privileged_pathfinding_reference,6.0,1.0
1103,1207700,stable,greedy,0,0.4375
1103,1207700,stable,comparator,7,1.0
1103,1207700,stable,bayesian,7,1.0
1103,1207700,stable,privileged_pathfinding_reference,7.0,1.0
1103,1208433,stable,greedy,0,0.4375
1103,1208433,stable,comparator,6,1.0
1103,1208433,stable,bayesian,2,0.8125
1103,1208433,stable,privileged_pathfinding_reference,7.0,1.0
1103,1209166,stable,greedy,0,0.3541666666666667
1103,1209166,stable,comparator,4,1.0
1103,1209166,stable,bayesian,5,1.0
1103,1209166,stable,privileged_pathfinding_reference,8.0,1.0
1103,1201103,shift+dropout,greedy,0,0.5
1103,1201103,shift+dropout,comparator,2,0.75
1103,1201103,shift+dropout,bayesian,2,0.9375
1103,1201103,shift+dropout,privileged_pathfinding_reference,7.0,1.0
1103,1201836,shift+dropout,greedy,0,0.5
1103,1201836,shift+dropout,comparator,0,0.5625
1103,1201836,shift+dropout,bayesian,0,0.5
1103,1201836,shift+dropout,privileged_pathfinding_reference,6.0,1.0
1103,1202569,shift+dropout,greedy,2,0.8125
1103,1202569,shift+dropout,comparator,3,1.0
1103,1202569,shift+dropout,bayesian,6,1.0
1103,1202569,shift+dropout,privileged_pathfinding_reference,8.0,1.0
1103,1203302,shift+dropout,greedy,0,0.5625
1103,1203302,shift+dropout,comparator,0,0.5
1103,1203302,shift+dropout,bayesian,0,0.4583333333333333
1103,1203302,shift+dropout,privileged_pathfinding_reference,8.0,1.0
1103,1204035,shift+dropout,greedy,0,0.3541666666666667
1103,1204035,shift+dropout,comparator,0,0.4791666666666667
1103,1204035,shift+dropout,bayesian,0,0.4791666666666667
1103,1204035,shift+dropout,privileged_pathfinding_reference,7.0,1.0
1103,1204768,shift+dropout,greedy,0,0.5
1103,1204768,shift+dropout,comparator,5,1.0
1103,1204768,shift+dropout,bayesian,5,1.0
1103,1204768,shift+dropout,privileged_pathfinding_reference,9.0,1.0
1103,1205501,shift+dropout,greedy,0,0.5
1103,1205501,shift+dropout,comparator,6,1.0
1103,1205501,shift+dropout,bayesian,7,1.0
1103,1205501,shift+dropout,privileged_pathfinding_reference,9.0,1.0
1103,1206234,shift+dropout,greedy,0,0.4166666666666667
1103,1206234,shift+dropout,comparator,3,1.0
1103,1206234,shift+dropout,bayesian,4,1.0
1103,1206234,shift+dropout,privileged_pathfinding_reference,7.0,1.0
1103,1206967,shift+dropout,greedy,0,0.4166666666666667
1103,1206967,shift+dropout,comparator,5,1.0
1103,1206967,shift+dropout,bayesian,5,1.0
1103,1206967,shift+dropout,privileged_pathfinding_reference,6.0,1.0
1103,1207700,shift+dropout,greedy,0,0.4375
1103,1207700,shift+dropout,comparator,3,1.0
1103,1207700,shift+dropout,bayesian,8,1.0
1103,1207700,shift+dropout,privileged_pathfinding_reference,7.0,1.0
1103,1208433,shift+dropout,greedy,0,0.4375
1103,1208433,shift+dropout,comparator,3,1.0
1103,1208433,shift+dropout,bayesian,2,0.8541666666666666
1103,1208433,shift+dropout,privileged_pathfinding_reference,7.0,1.0
1103,1209166,shift+dropout,greedy,0,0.4166666666666667
1103,1209166,shift+dropout,comparator,3,1.0
1103,1209166,shift+dropout,bayesian,2,0.9375
1103,1209166,shift+dropout,privileged_pathfinding_reference,8.0,1.0
1205,1201205,stable,greedy,0,0.4791666666666667
1205,1201205,stable,comparator,5,1.0
1205,1201205,stable,bayesian,4,1.0
1205,1201205,stable,privileged_pathfinding_reference,7.0,1.0
1205,1201938,stable,greedy,0,0.4375
1205,1201938,stable,comparator,8,1.0
1205,1201938,stable,bayesian,8,1.0
1205,1201938,stable,privileged_pathfinding_reference,5.0,1.0
1205,1202671,stable,greedy,0,0.6666666666666666
1205,1202671,stable,comparator,4,1.0
1205,1202671,stable,bayesian,4,1.0
1205,1202671,stable,privileged_pathfinding_reference,7.0,1.0
1205,1203404,stable,greedy,4,1.0
1205,1203404,stable,comparator,2,0.7708333333333334
1205,1203404,stable,bayesian,3,1.0
1205,1203404,stable,privileged_pathfinding_reference,7.0,1.0
1205,1204137,stable,greedy,1,0.5416666666666666
1205,1204137,stable,comparator,1,0.5833333333333334
1205,1204137,stable,bayesian,1,0.6666666666666666
1205,1204137,stable,privileged_pathfinding_reference,8.0,1.0
1205,1204870,stable,greedy,0,0.4166666666666667
1205,1204870,stable,comparator,6,1.0
1205,1204870,stable,bayesian,3,0.9791666666666666
1205,1204870,stable,privileged_pathfinding_reference,7.0,1.0
1205,1205603,stable,greedy,0,0.4166666666666667
1205,1205603,stable,comparator,6,1.0
1205,1205603,stable,bayesian,0,0.4166666666666667
1205,1205603,stable,privileged_pathfinding_reference,7.0,1.0
1205,1206336,stable,greedy,9,1.0
1205,1206336,stable,comparator,0,0.4583333333333333
1205,1206336,stable,bayesian,7,1.0
1205,1206336,stable,privileged_pathfinding_reference,8.0,1.0
1205,1207069,stable,greedy,0,0.5833333333333334
1205,1207069,stable,comparator,1,0.5416666666666666
1205,1207069,stable,bayesian,1,0.5416666666666666
1205,1207069,stable,privileged_pathfinding_reference,7.0,1.0
1205,1207802,stable,greedy,0,0.7291666666666666
1205,1207802,stable,comparator,1,0.5833333333333334
1205,1207802,stable,bayesian,1,0.5416666666666666
1205,1207802,stable,privileged_pathfinding_reference,5.0,1.0
1205,1208535,stable,greedy,0,0.4166666666666667
1205,1208535,stable,comparator,2,0.8333333333333334
1205,1208535,stable,bayesian,2,0.875
1205,1208535,stable,privileged_pathfinding_reference,8.0,1.0
1205,1209268,stable,greedy,0,0.4375
1205,1209268,stable,comparator,5,1.0
1205,1209268,stable,bayesian,6,1.0
1205,1209268,stable,privileged_pathfinding_reference,8.0,1.0
1205,1201205,shift+dropout,greedy,0,0.4791666666666667
1205,1201205,shift+dropout,comparator,4,1.0
1205,1201205,shift+dropout,bayesian,5,1.0
1205,1201205,shift+dropout,privileged_pathfinding_reference,7.0,1.0
1205,1201938,shift+dropout,greedy,0,0.4791666666666667
1205,1201938,shift+dropout,comparator,3,1.0
1205,1201938,shift+dropout,bayesian,7,1.0
1205,1201938,shift+dropout,privileged_pathfinding_reference,5.0,1.0
1205,1202671,shift+dropout,greedy,0,0.6041666666666666
1205,1202671,shift+dropout,comparator,6,1.0
1205,1202671,shift+dropout,bayesian,5,1.0
1205,1202671,shift+dropout,privileged_pathfinding_reference,7.0,1.0
1205,1203404,shift+dropout,greedy,2,0.8125
1205,1203404,shift+dropout,comparator,3,1.0
1205,1203404,shift+dropout,bayesian,3,1.0
1205,1203404,shift+dropout,privileged_pathfinding_reference,7.0,1.0
1205,1204137,shift+dropout,greedy,1,0.5833333333333334
1205,1204137,shift+dropout,comparator,1,0.5833333333333334
1205,1204137,shift+dropout,bayesian,1,0.7083333333333334
1205,1204137,shift+dropout,privileged_pathfinding_reference,8.0,1.0
1205,1204870,shift+dropout,greedy,0,0.375
1205,1204870,shift+dropout,comparator,3,1.0
1205,1204870,shift+dropout,bayesian,4,1.0
1205,1204870,shift+dropout,privileged_pathfinding_reference,7.0,1.0
1205,1205603,shift+dropout,greedy,0,0.4166666666666667
1205,1205603,shift+dropout,comparator,2,0.8333333333333334
1205,1205603,shift+dropout,bayesian,3,1.0
1205,1205603,shift+dropout,privileged_pathfinding_reference,7.0,1.0
1205,1206336,shift+dropout,greedy,5,1.0
1205,1206336,shift+dropout,comparator,0,0.4791666666666667
1205,1206336,shift+dropout,bayesian,3,0.875
1205,1206336,shift+dropout,privileged_pathfinding_reference,8.0,1.0
1205,1207069,shift+dropout,greedy,0,0.4791666666666667
1205,1207069,shift+dropout,comparator,1,0.6041666666666666
1205,1207069,shift+dropout,bayesian,1,0.6041666666666666
1205,1207069,shift+dropout,privileged_pathfinding_reference,7.0,1.0
1205,1207802,shift+dropout,greedy,0,0.7291666666666666
1205,1207802,shift+dropout,comparator,4,1.0
1205,1207802,shift+dropout,bayesian,1,0.5833333333333334
1205,1207802,shift+dropout,privileged_pathfinding_reference,5.0,1.0
1205,1208535,shift+dropout,greedy,0,0.4375
1205,1208535,shift+dropout,comparator,2,0.8125
1205,1208535,shift+dropout,bayesian,2,0.8333333333333334
1205,1208535,shift+dropout,privileged_pathfinding_reference,8.0,1.0
1205,1209268,shift+dropout,greedy,0,0.4791666666666667
1205,1209268,shift+dropout,comparator,3,1.0
1205,1209268,shift+dropout,bayesian,2,1.0
1205,1209268,shift+dropout,privileged_pathfinding_reference,8.0,1.0
1411,1201411,stable,greedy,0,0.3958333333333333
1411,1201411,stable,comparator,5,1.0
1411,1201411,stable,bayesian,5,1.0
1411,1201411,stable,privileged_pathfinding_reference,7.0,1.0
1411,1202144,stable,greedy,1,0.5208333333333334
1411,1202144,stable,comparator,1,0.5416666666666666
1411,1202144,stable,bayesian,1,0.5833333333333334
1411,1202144,stable,privileged_pathfinding_reference,8.0,1.0
1411,1202877,stable,greedy,0,0.5416666666666666
1411,1202877,stable,comparator,7,1.0
1411,1202877,stable,bayesian,5,1.0
1411,1202877,stable,privileged_pathfinding_reference,8.0,1.0
1411,1203610,stable,greedy,0,0.4375
1411,1203610,stable,comparator,7,1.0
1411,1203610,stable,bayesian,7,1.0
1411,1203610,stable,privileged_pathfinding_reference,8.0,1.0
1411,1204343,stable,greedy,2,0.7708333333333334
1411,1204343,stable,comparator,4,1.0
1411,1204343,stable,bayesian,2,0.875
1411,1204343,stable,privileged_pathfinding_reference,8.0,1.0
1411,1205076,stable,greedy,0,0.4375
1411,1205076,stable,comparator,6,1.0
1411,1205076,stable,bayesian,6,1.0
1411,1205076,stable,privileged_pathfinding_reference,7.0,1.0
1411,1205809,stable,greedy,7,1.0
1411,1205809,stable,comparator,6,1.0
1411,1205809,stable,bayesian,2,0.7916666666666666
1411,1205809,stable,privileged_pathfinding_reference,8.0,1.0
1411,1206542,stable,greedy,3,0.7916666666666666
1411,1206542,stable,comparator,7,1.0
1411,1206542,stable,bayesian,4,1.0
1411,1206542,stable,privileged_pathfinding_reference,9.0,1.0
1411,1207275,stable,greedy,0,0.4791666666666667
1411,1207275,stable,comparator,1,0.6458333333333334
1411,1207275,stable,bayesian,1,0.6458333333333334
1411,1207275,stable,privileged_pathfinding_reference,6.0,1.0
1411,1208008,stable,greedy,0,0.3958333333333333
1411,1208008,stable,comparator,0,0.4166666666666667
1411,1208008,stable,bayesian,0,0.4791666666666667
1411,1208008,stable,privileged_pathfinding_reference,9.0,1.0
1411,1208741,stable,greedy,0,0.4166666666666667
1411,1208741,stable,comparator,8,1.0
1411,1208741,stable,bayesian,8,1.0
1411,1208741,stable,privileged_pathfinding_reference,9.0,1.0
1411,1209474,stable,greedy,7,1.0
1411,1209474,stable,comparator,7,1.0
1411,1209474,stable,bayesian,6,1.0
1411,1209474,stable,privileged_pathfinding_reference,8.0,1.0
1411,1201411,shift+dropout,greedy,0,0.5
1411,1201411,shift+dropout,comparator,3,1.0
1411,1201411,shift+dropout,bayesian,3,1.0
1411,1201411,shift+dropout,privileged_pathfinding_reference,7.0,1.0
1411,1202144,shift+dropout,greedy,1,0.6458333333333334
1411,1202144,shift+dropout,comparator,3,1.0
1411,1202144,shift+dropout,bayesian,2,0.8125
1411,1202144,shift+dropout,privileged_pathfinding_reference,8.0,1.0
1411,1202877,shift+dropout,greedy,0,0.6041666666666666
1411,1202877,shift+dropout,comparator,5,1.0
1411,1202877,shift+dropout,bayesian,6,1.0
1411,1202877,shift+dropout,privileged_pathfinding_reference,8.0,1.0
1411,1203610,shift+dropout,greedy,0,0.4583333333333333
1411,1203610,shift+dropout,comparator,4,1.0
1411,1203610,shift+dropout,bayesian,4,1.0
1411,1203610,shift+dropout,privileged_pathfinding_reference,8.0,1.0
1411,1204343,shift+dropout,greedy,2,0.8125
1411,1204343,shift+dropout,comparator,3,1.0
1411,1204343,shift+dropout,bayesian,2,0.875
1411,1204343,shift+dropout,privileged_pathfinding_reference,8.0,1.0
1411,1205076,shift+dropout,greedy,0,0.4375
1411,1205076,shift+dropout,comparator,5,1.0
1411,1205076,shift+dropout,bayesian,5,1.0
1411,1205076,shift+dropout,privileged_pathfinding_reference,7.0,1.0
1411,1205809,shift+dropout,greedy,3,1.0
1411,1205809,shift+dropout,comparator,6,1.0
1411,1205809,shift+dropout,bayesian,5,1.0
1411,1205809,shift+dropout,privileged_pathfinding_reference,8.0,1.0
1411,1206542,shift+dropout,greedy,3,0.8958333333333334
1411,1206542,shift+dropout,comparator,4,1.0
1411,1206542,shift+dropout,bayesian,5,1.0
1411,1206542,shift+dropout,privileged_pathfinding_reference,9.0,1.0
1411,1207275,shift+dropout,greedy,0,0.5416666666666666
1411,1207275,shift+dropout,comparator,1,0.75
1411,1207275,shift+dropout,bayesian,1,0.7708333333333334
1411,1207275,shift+dropout,privileged_pathfinding_reference,6.0,1.0
1411,1208008,shift+dropout,greedy,0,0.5416666666666666
1411,1208008,shift+dropout,comparator,0,0.5416666666666666
1411,1208008,shift+dropout,bayesian,0,0.5416666666666666
1411,1208008,shift+dropout,privileged_pathfinding_reference,9.0,1.0
1411,1208741,shift+dropout,greedy,0,0.4166666666666667
1411,1208741,shift+dropout,comparator,5,1.0
1411,1208741,shift+dropout,bayesian,6,1.0
1411,1208741,shift+dropout,privileged_pathfinding_reference,9.0,1.0
1411,1209474,shift+dropout,greedy,4,1.0
1411,1209474,shift+dropout,comparator,6,1.0
1411,1209474,shift+dropout,bayesian,6,1.0
1411,1209474,shift+dropout,privileged_pathfinding_reference,8.0,1.0
