seed,mode,exact_payoff,active_links
100003,de_novo_no_inheritance_with_mutation,0.01420676621096829,2
100104,de_novo_no_inheritance_with_mutation,0.012057938951064114,1
100205,de_novo_no_inheritance_with_mutation,0.01229350119557849,1
100306,de_novo_no_inheritance_with_mutation,0.030077203617314613,2
100407,de_novo_no_inheritance_with_mutation,0.023357814395920266,1
100508,de_novo_no_inheritance_with_mutation,0.022701372193947935,1
100609,de_novo_no_inheritance_with_mutation,0.015393981996909126,2
100710,de_novo_no_inheritance_with_mutation,0.018302332286828524,1
100811,de_novo_no_inheritance_with_mutation,0.03800034347909577,1
100912,de_novo_no_inheritance_with_mutation,0.014145182411793772,2
101013,de_novo_no_inheritance_with_mutation,0.02468446116078394,1
101114,de_novo_no_inheritance_with_mutation,0.030965701951005363,1
101215,de_novo_no_inheritance_with_mutation,0.02863141937644212,3
101316,de_novo_no_inheritance_with_mutation,0.01643554032912689,1
101417,de_novo_no_inheritance_with_mutation,0.01433583489384982,1
101518,de_novo_no_inheritance_with_mutation,0.019625461875857595,1
101619,de_novo_no_inheritance_with_mutation,0.014590628882777235,2
101720,de_novo_no_inheritance_with_mutation,0.029824221387544966,2
101821,de_novo_no_inheritance_with_mutation,0.0148948030444853,1
101922,de_novo_no_inheritance_with_mutation,0.016555790616371087,1
102023,de_novo_no_inheritance_with_mutation,0.015386997983050613,1
102124,de_novo_no_inheritance_with_mutation,0.024963263211978694,3
102225,de_novo_no_inheritance_with_mutation,0.01913148333266096,2
102326,de_novo_no_inheritance_with_mutation,0.01652738182272913,1
