seed,mode,exact_payoff,selection_payoff,no_memory_payoff,q80_payoff,q50_payoff,q08_payoff,mc_payoff,scrambled_payoff,agency_auc,active_links,p_negneg,p_negpos,p_posneg,p_pospos
100003,evolve,0.20985871670138184,0.20825871670138185,0.0,0.1498990833581299,0.0,-0.20985871670138184,0.218775890531101,0.007158356790503437,0.7102892502074386,2,0.9996613811696867,0.0003259840069794528,0.0003345398002870978,0.999653587412645
100104,evolve,0.10492957411695707,0.10412957411695707,0.0,0.07494969579782648,0.0,-0.10492957411695704,0.11128935842233838,0.0025623330298404686,0.50482895829452,1,0.9996643860462074,0.9999998151674632,0.00033510495985695756,0.9999998113854656
100205,evolve,0.20992940449592662,0.2075294044959266,0.0,0.14994957463994762,0.0,-0.20992940449592662,0.21097068361176208,0.0035189715631808206,0.7091867947246101,3,0.9996623065595698,1.0918530567061939e-06,0.00033344230123862696,0.9999998894606932
100306,evolve,0.1049295763187651,0.1041295763187651,-2.4427371407629954e-18,0.07494969737054649,0.0,-0.10492957631876508,0.10153114384204796,-0.004717547150799799,0.49930024986906923,1,0.999664683262942,2.1980437730257907e-06,0.0003353848702205358,2.1979250047901536e-06
100407,evolve,0.1049295758823269,0.10412957588232691,-5.204170427930421e-18,0.07494969705880493,0.0,-0.10492957588232688,0.10981010002332894,0.009797224273158815,0.4984520771299997,1,0.9999998625617159,0.0003360079274196222,0.9999998635130518,0.9996653029961545
100508,evolve,0.10492957612793855,0.10412957612793855,0.0,0.07494969723424182,0.0,-0.10492957612793853,0.10720827487922001,0.0014792353135868522,0.5014865417956156,1,2.9575142611639372e-08,0.000335331179385385,2.985086263016347e-08,0.9996646279116629
100609,evolve,0.10492957621641479,0.10412957621641479,0.0,0.07494969729743914,0.0,-0.10492957621641477,0.10041235370281365,0.0015187264485167274,0.49498935863442356,1,7.670268040504315e-06,0.000335454737999143,7.67117123688066e-06,0.9996647529403839
100710,evolve,0.10492957462256598,0.10412957462256599,-6.071532165918825e-18,0.07494969615897572,0.0,-0.10492957462256595,0.09937116325204184,-0.0039195113257252156,0.5002546829602916,1,0.9999999018000746,0.00033413643293718536,0.999999905092135,0.9996634218446735
100811,evolve,0.20985912375986585,0.20825912375986586,0.0,0.14989937411418988,0.0,-0.20985912375986582,0.2066615431205271,0.000879682088098826,0.7072677486513591,2,0.9996636750503245,0.00033648944474358293,0.0003344280153021765,0.9996655639322529
100912,evolve,0.20985846077769443,0.20825846077769444,-6.7220534694101275e-18,0.14989890055549604,0.0,-0.20985846077769443,0.21233639545145397,-0.00040013115357550477,0.7149617319932194,2,0.9996773634247451,0.0003223745511881417,0.0003504470017638796,0.9996474655348205
101013,evolve,0.209858298262678,0.208258298262678,0.0,0.14989878447334143,0.0,-0.209858298262678,0.21773698863442056,0.0038813862540383456,0.7072209949995166,2,0.9996634245822489,0.000344739706989103,0.00033897868525133596,0.9996707534545437
101114,evolve,0.20985848688106695,0.20825848688106696,-6.938893903907228e-18,0.1498989192007621,0.0,-0.2098584868810669,0.20669965213451547,0.002917066541004129,0.7035435724109771,2,0.999668685622193,0.00035577826011786064,0.00034218004131762866,0.9996815286894035
101215,evolve,0.2098591179283734,0.2082591179283734,-1.734723475976807e-18,0.14989936994883812,0.0,-0.20985911792837336,0.1979042022182654,-0.0031608194248242075,0.7013037164125101,2,0.999661071363206,0.00033706976190650204,0.00033189584690320286,0.999666160230112
101316,evolve,0.2098572386747025,0.2082572386747025,0.0,0.14989802762478752,0.0,-0.20985723867470246,0.21505617420254367,-0.002315935438394111,0.7118407551399774,2,0.9996375791198395,0.0003569366039988975,0.0003156995223958201,0.9996754253370549
101417,evolve,0.20985908938019818,0.2082590893801982,3.469446951953614e-18,0.1498993495572844,0.0,-0.20985908938019815,0.20933652165472752,-0.004599830065720393,0.7145191625696782,2,0.9996649424027114,0.00033956348316770455,0.0003359049896421032,0.9996685201672236
101518,evolve,0.20985801717699884,0.20825801717699885,1.3877787807814457e-17,0.1498985836978563,0.0,-0.2098580171769988,0.21285487222922217,-0.0003608786657551633,0.7154375500805128,2,0.9996445021698975,0.0003441094876858265,0.00032205849621685473,0.999669448452089
101619,evolve,0.20985841094165358,0.2082584109416536,0.0,0.149898864958324,0.0,-0.20985841094165356,0.20885903421456783,-0.0013991069318460751,0.7102676119314034,2,0.9996496272496188,0.00035454946784756224,0.00032376298081335963,0.9996802179766952
101720,evolve,0.20985742739425972,0.20825742739425973,0.0,0.14989816242447124,0.0,-0.20985742739425967,0.2032583796291238,-0.009077367400947412,0.7115935739609596,2,0.9996557795437967,0.0003452553079861622,0.0003356485303485818,0.9996672899541541
101821,evolve,0.20985364648660143,0.20825364648660144,0.0,0.1498954617761439,0.0,-0.20985364648660143,0.2076558557993832,-0.0041164478017252926,0.7062213273959509,2,0.9996247456360355,0.0003276649278061311,0.00032284267437458503,0.9996319189813968
101922,evolve,0.20985912254931186,0.20825912254931186,0.0,0.14989937324950847,0.0,-0.20985912254931183,0.2085399618795024,0.001798746227857316,0.7107447285950651,2,0.9996652373461546,0.0003330604335212082,0.00033604938792171764,0.9996621824687344
102023,evolve,0.104929576266466,0.104129576266466,-4.2129301214060763e-19,0.07494969733319,0.0,-0.10492957626646598,0.10236952823175667,-0.0016006919082634345,0.4992070480493104,1,0.9996647992989622,6.382854606194827e-06,0.00033550132679170235,6.382658302242817e-06
102124,evolve,0.2098589622367366,0.20825896223673662,-1.5178830414797062e-18,0.14989925874052618,0.0,-0.20985896223673658,0.20985840278555395,0.000798902852419373,0.7127235901325928,2,0.9996576337325269,0.00033370660167379224,0.0003290655424788504,0.999661921618641
102225,evolve,0.1049295534103161,0.1041295534103161,2.1249608191997239e-19,0.07494968100736864,0.0,-0.10492955341031608,0.10916772162960449,0.0008004761623814173,0.49892304403057386,1,0.9996660330540326,2.928646377425238e-07,0.0003369437449926273,2.836538461744866e-07
102326,evolve,0.10492957073073012,0.10412957073073012,0.0,0.07494969337909295,0.0,-0.1049295707307301,0.10397052309158422,0.002118886400096788,0.49906406313744056,1,5.297175787442245e-07,0.0003352297448381044,5.445198288370678e-07,0.9996644896016607
100003,no_recurrence,6.938893903907228e-18,6.938893903907228e-18,6.938893903907228e-18,3.469446951953614e-18,0.0,2.7755575615628914e-17,0.004714061492840223,0.004714061492840223,0.4972365250557654,0,0.9973556174501103,0.3507141404767013,0.9973556174501103,0.3507141404767013
100104,no_recurrence,1.3877787807814457e-17,1.3877787807814457e-17,1.3877787807814457e-17,0.0,0.0,0.0,0.006055566474885241,0.006055566474885241,0.5033416051674492,0,0.3010300808566815,0.9897401453890885,0.3010300808566815,0.9897401453890885
100205,no_recurrence,6.938893903907228e-18,6.938893903907228e-18,6.938893903907228e-18,0.0,0.0,2.7755575615628914e-17,0.0017206264629480252,0.0017206264629480252,0.49661755823209636,0,0.9998656784166855,0.32713492251226906,0.9998656784166855,0.32713492251226906
100306,no_recurrence,6.938893903907228e-18,6.938893903907228e-18,6.938893903907228e-18,-3.469446951953614e-18,0.0,2.0816681711721685e-17,-0.0023597773165569317,-0.0023597773165569317,0.49937076888692866,0,0.9769904123027484,0.3435210029465525,0.9769904123027484,0.3435210029465525
100407,no_recurrence,6.938893903907228e-18,6.938893903907228e-18,6.938893903907228e-18,0.0,0.0,2.42861286636753e-17,0.00513063095565097,0.00513063095565097,0.5009249141802578,0,0.9998734439387218,0.2832757641651825,0.9998734439387218,0.2832757641651825
100508,no_recurrence,1.3877787807814457e-17,1.3877787807814457e-17,1.3877787807814457e-17,0.0,0.0,2.7755575615628914e-17,-0.00023167470148509608,-0.00023167470148509608,0.5015195338887325,0,0.38607391761214527,0.9992055059993616,0.38607391761214527,0.9992055059993616
100609,no_recurrence,1.3877787807814457e-17,1.3877787807814457e-17,1.3877787807814457e-17,0.0,0.0,2.7755575615628914e-17,0.0007710077695496017,0.0007710077695496017,0.4968838798582223,0,0.30541896722459055,0.9841339713343233,0.30541896722459055,0.9841339713343233
100710,no_recurrence,1.3877787807814457e-17,1.3877787807814457e-17,1.3877787807814457e-17,0.0,0.0,2.7755575615628914e-17,-0.004849881178510458,-0.004849881178510458,0.49812480046192,0,0.3120823889910841,0.9860449733185995,0.3120823889910841,0.9860449733185995
100811,no_recurrence,6.938893903907228e-18,6.938893903907228e-18,6.938893903907228e-18,0.0,0.0,2.0816681711721685e-17,-0.000942046394702059,-0.000942046394702059,0.49787651064096683,0,0.9999702381731287,0.3086914345062392,0.9999702381731287,0.3086914345062392
100912,no_recurrence,6.938893903907228e-18,6.938893903907228e-18,6.938893903907228e-18,-3.469446951953614e-18,0.0,2.7755575615628914e-17,0.0004654788551409426,0.0004654788551409426,0.502154509584981,0,0.9951710513970768,0.35470926088969373,0.9951710513970768,0.35470926088969373
101013,no_recurrence,1.3877787807814457e-17,1.3877787807814457e-17,1.3877787807814457e-17,0.0,0.0,2.7755575615628914e-17,0.00423288812411629,0.00423288812411629,0.49411396526268875,0,0.35533461722996373,0.9984910200679397,0.35533461722996373,0.9984910200679397
101114,no_recurrence,1.3877787807814457e-17,1.3877787807814457e-17,1.3877787807814457e-17,0.0,0.0,2.7755575615628914e-17,-0.009148589938824114,-0.009148589938824114,0.49023091973009764,0,0.17573065058756998,0.9719748456070908,0.17573065058756998,0.9719748456070908
101215,no_recurrence,1.3877787807814457e-17,1.3877787807814457e-17,1.3877787807814457e-17,0.0,0.0,2.7755575615628914e-17,-0.008652456359795929,-0.008652456359795929,0.49554849991505595,0,0.11669698584276673,0.9842945589390172,0.11669698584276673,0.9842945589390172
101316,no_recurrence,1.3877787807814457e-17,1.3877787807814457e-17,1.3877787807814457e-17,0.0,0.0,0.0,0.0060375972268167195,0.0060375972268167195,0.5020640278346526,0,0.3171743903290046,0.9920521702708273,0.3171743903290046,0.9920521702708273
101417,no_recurrence,6.938893903907228e-18,6.938893903907228e-18,6.938893903907228e-18,3.469446951953614e-18,0.0,2.7755575615628914e-17,-0.005946535532480441,-0.005946535532480441,0.49961543369227895,0,0.9979202850546461,0.32229005010724676,0.9979202850546461,0.32229005010724676
101518,no_recurrence,1.3877787807814457e-17,1.3877787807814457e-17,1.3877787807814457e-17,0.0,0.0,0.0,-0.0035016516148338103,-0.0035016516148338103,0.49768304827441434,0,0.3488760862211515,0.9573577543145511,0.3488760862211515,0.9573577543145511
101619,no_recurrence,6.938893903907228e-18,6.938893903907228e-18,6.938893903907228e-18,-3.469446951953614e-18,0.0,2.0816681711721685e-17,-0.0014636856320022194,-0.0014636856320022194,0.49811973100746043,0,0.9972380837302992,0.33179073186487873,0.9972380837302992,0.33179073186487873
101720,no_recurrence,6.938893903907228e-18,6.938893903907228e-18,6.938893903907228e-18,0.0,0.0,2.0816681711721685e-17,-0.007386370511213611,-0.007386370511213611,0.49898782652331675,0,0.9881714190700674,0.29993040785218855,0.9881714190700674,0.29993040785218855
101821,no_recurrence,6.938893903907228e-18,6.938893903907228e-18,6.938893903907228e-18,-2.6020852139652106e-18,0.0,2.168404344971009e-17,0.0012365871456794764,0.0012365871456794764,0.5001678215260631,0,0.980766181754392,0.06780423587977993,0.980766181754392,0.06780423587977993
101922,no_recurrence,6.938893903907228e-18,6.938893903907228e-18,6.938893903907228e-18,-3.469446951953614e-18,0.0,2.42861286636753e-17,0.0017067191397866065,0.0017067191397866065,0.502400038461441,0,0.9932514636289562,0.24097752251313362,0.9932514636289562,0.24097752251313362
102023,no_recurrence,1.3877787807814457e-17,1.3877787807814457e-17,1.3877787807814457e-17,0.0,0.0,0.0,-0.004723555323340979,-0.004723555323340979,0.5009832693794875,0,0.3026937866071458,0.984233635307444,0.3026937866071458,0.984233635307444
102124,no_recurrence,6.938893903907228e-18,6.938893903907228e-18,6.938893903907228e-18,0.0,0.0,2.7755575615628914e-17,-0.004717956214758514,-0.004717956214758514,0.49463829379157886,0,0.9911351551915578,0.3273944539367873,0.9911351551915578,0.3273944539367873
102225,no_recurrence,6.938893903907228e-18,6.938893903907228e-18,6.938893903907228e-18,0.0,0.0,2.7755575615628914e-17,0.005726332207034114,0.005726332207034114,0.4979210045944519,0,0.997100316554369,0.3819876057780735,0.997100316554369,0.3819876057780735
102326,no_recurrence,1.3877787807814457e-17,1.3877787807814457e-17,1.3877787807814457e-17,0.0,0.0,2.7755575615628914e-17,0.0008763133309081655,0.0008763133309081655,0.5004454148104943,0,0.3349008073135178,0.9379535854517663,0.3349008073135178,0.9379535854517663
100003,random_fitness,0.10412375438177937,0.09452375438177937,0.0,0.07437411027269955,0.0,-0.10412375438177934,0.11052593424744744,0.00505122788851054,0.7102892502074386,12,0.8100322856209893,0.019521670115090425,0.4757912858157847,0.6769354739458797
100104,random_fitness,0.09681456884196836,0.08801456884196836,0.0,0.06915326345854883,0.0,-0.09681456884196835,0.09724622887619287,-0.002820803524415069,0.6013527622967698,11,0.9608227134342081,0.03351449465863583,0.08240798362697435,0.07714327763205305
100205,random_fitness,0.06518601340621243,0.05318601340621243,0.0,0.0465614381472946,0.0,-0.06518601340621241,0.06405757651483358,0.0014885265529404072,0.4972554083947022,15,0.8112527416805635,0.11963885323329991,0.081036866088603,0.01024215293860065
100306,random_fitness,0.1412130785562944,0.12921307855629438,0.0,0.10086648468306741,0.0,-0.14121307855629436,0.1384939814389202,-0.0016297862223233807,0.7097182470673935,15,0.6433886677418265,0.05745950795462512,0.2407920163117077,0.9997493189654051
100407,random_fitness,0.03535092100080558,0.02495092100080558,0.0,0.02525065785771828,0.0,-0.03535092100080555,0.04070582484562188,0.007319587840590218,0.4984520771299997,13,0.8775999855809155,0.47569791207982653,0.9351076050412894,0.8698809696431108
100508,random_fitness,0.09663142547542332,0.08463142547542332,-9.961107459710572e-19,0.06902244676815951,0.0,-0.0966314254754233,0.09667688396972196,0.0011097215615330682,0.4983571825633121,15,0.9385153981190211,0.017692025228185776,0.0007536796668847695,0.00022959701817614066
100609,random_fitness,0.07696954521322717,0.06736954521322717,0.0,0.05497824658087655,0.0,-0.07696954521322716,0.07945585558979952,0.0023058435861088413,0.7081972794026765,12,0.7997164359707916,0.13380964163008813,0.15251864826806213,0.2196551416723793
100710,random_fitness,0.12226984980774251,0.11026984980774251,0.0,0.08733560700553038,0.0,-0.1222698498077425,0.11943412245025392,-0.005870550018441634,0.7135806390875052,15,0.9989543582526152,0.3825900749839409,0.2631565505927993,0.8112670273978632
100811,random_fitness,0.08216210101154231,0.07336210101154231,8.673617379884035e-19,0.05868721500824451,0.0,-0.0821621010115423,0.0803233398183316,-0.0014001691079131723,0.4999254975523184,11,0.9890832439699446,0.015686488595441275,0.1958559206765325,0.004955365411955825
100912,random_fitness,0.06841335587058461,0.058013355870584614,0.0,0.0488666827647033,0.0,-0.0684133558705846,0.06927750355767562,-0.003970304621468264,0.6079220524126281,13,0.9290907274170651,0.6339733397821125,0.09065336870365168,0.4470917512647429
101013,random_fitness,0.08210048744018078,0.07010048744018078,0.0,0.058643205314414845,0.0,-0.08210048744018077,0.08340416799581951,-0.0013240775785252736,0.7072209949995166,15,0.15332096250783755,0.12048538245585977,0.023135703004785207,0.7722095271450052
101114,random_fitness,0.130871604530641,0.122071604530641,0.0,0.09347971752188644,0.0,-0.13087160453064098,0.12847441305003773,0.001887128950023643,0.7041129260904543,11,0.9698190358416358,0.22763611597510683,0.4656776210498413,0.9698909348084647
101215,random_fitness,0.0915349439938346,0.0803349439938346,4.87890977618477e-18,0.06538210285273902,0.0,-0.0915349439938346,0.0902186502826026,0.0016498598228772414,0.6065987551987873,14,0.9804319348933753,0.0028551363649735586,0.10975299924938778,0.0039375720908393945
101316,random_fitness,0.10243158596959712,0.09363158596959711,0.0,0.07316541854971224,0.0,-0.10243158596959709,0.10878561357336883,-0.0019274304377123923,0.708489519651105,11,0.9863511273829604,0.021532110451273564,0.9636453523262655,0.9743652493907415
101417,random_fitness,0.07304975565785159,0.06264975565785158,0.0,0.05217839689846543,0.0,-0.07304975565785157,0.06954353869167104,-0.005189962339413838,0.6081863224656975,13,0.7983239166100474,0.821650969169545,0.11985171529315077,0.838890726498854
101518,random_fitness,0.08801039746508994,0.07841039746508995,0.0,0.06286456961792139,0.0,-0.08801039746508993,0.08916679969688436,-0.0018895061988238003,0.5000954089769879,12,0.06303281647412642,0.07145218215316779,0.07950538546904169,0.9261190127203681
101619,random_fitness,0.14733665809665167,0.13533665809665166,0.0,0.10524047006903692,0.0,-0.14733665809665164,0.1465174415723788,-0.0009930047880989427,0.7083691733370033,15,0.8050928220480249,0.12126629302129309,0.0007464289358603922,0.7201261674962872
101720,random_fitness,0.10712952628410873,0.09672952628410872,0.0,0.07652109020293481,0.0,-0.1071295262841087,0.09934432433158301,-0.01027556704777609,0.7100108747762158,13,0.9759667412915677,0.06597373445723244,0.8138989819543498,0.924187177825812
101821,random_fitness,0.015819547940659963,0.004619547940659963,-5.293955920339377e-23,0.0112996771004714,0.0,-0.01581954794065996,0.015774355886211577,-0.0004800351632451012,0.6033292342435991,14,0.2630338563333497,0.0006415757358268435,0.11657344970503986,0.004843530447135692
101922,random_fitness,0.03425062257629961,0.023050622576299605,0.0,0.024464730411642578,0.0,-0.034250622576299586,0.034254520878993944,0.000988798899941874,0.5014708352376533,14,0.6666359826586049,0.11010126952871108,0.7415548822570088,0.5112165746156827
102023,random_fitness,0.044635146567072695,0.03343514656707269,0.0,0.03188224754790907,0.0,-0.04463514656707268,0.04300945300413388,-0.00280301809056784,0.6072412949457714,14,0.17804313050056744,0.013714399770013729,0.2885604479616441,0.5493283512032112
102124,random_fitness,0.010847626926189055,0.00044762692618905385,0.0,0.007748304947277906,0.0,-0.010847626926189041,0.015045113045218538,0.004360649406228306,0.5048631190639976,13,6.487505391390924e-05,0.8660184817376996,0.0009263165605698424,0.9701906558747274
102225,random_fitness,0.10088894276851149,0.08808894276851148,0.0,0.07206353054893677,0.0,-0.10088894276851147,0.10588646390920133,0.003928024057134942,0.5004834291022592,16,0.0008101741382681567,0.003614628455912501,0.003677260047414986,0.9673287883508829
102326,random_fitness,0.08110296298012494,0.07070296298012493,-3.469446951953614e-18,0.05793068784294639,0.0,-0.08110296298012493,0.08046473261929628,0.0036406336640694456,0.6038374140965608,13,0.9999695739718645,0.27529134603295613,0.2083680000214164,0.256098943321793
100003,no_inheritance,3.469446951953614e-18,3.469446951953614e-18,3.469446951953614e-18,0.0,0.0,6.938893903907228e-18,0.00233842597191509,0.00233842597191509,0.5027634749442346,0,0.0799387133317418,0.2847318058531854,0.0799387133317418,0.2847318058531854
100104,no_inheritance,6.938893903907228e-18,6.938893903907228e-18,6.938893903907228e-18,5.204170427930421e-18,0.0,2.2551405187698492e-17,0.00012615979192546803,0.00012615979192546803,0.4966583948325508,0,0.9227031585060405,0.07936555373844288,0.9227031585060405,0.07936555373844288
100205,no_inheritance,6.938893903907228e-18,6.938893903907228e-18,6.938893903907228e-18,3.469446951953614e-18,0.0,2.7755575615628914e-17,0.0017197931056540904,0.0017197931056540904,0.49661755823209636,0,0.942128027869639,0.3237357225923208,0.942128027869639,0.3237357225923208
100306,no_inheritance,1.3877787807814457e-17,1.3877787807814457e-17,1.3877787807814457e-17,0.0,0.0,2.7755575615628914e-17,-0.0009607737787426987,-0.0009607737787426987,0.5006292311130713,0,0.1220451832026589,0.8357595123250744,0.1220451832026589,0.8357595123250744
100407,no_inheritance,3.469446951953614e-18,3.469446951953614e-18,3.469446951953614e-18,0.0,0.0,1.3877787807814457e-17,0.0030605108277008556,0.0030605108277008556,0.5009249141802578,0,0.565545656176179,0.2252000468355003,0.565545656176179,0.2252000468355003
100508,no_inheritance,1.3877787807814457e-17,1.3877787807814457e-17,1.3877787807814457e-17,0.0,0.0,2.7755575615628914e-17,0.00017973723272906057,0.00017973723272906057,0.5015195338887325,0,0.15069572258439384,0.7873222618062208,0.15069572258439384,0.7873222618062208
100609,no_inheritance,6.938893903907228e-18,6.938893903907228e-18,6.938893903907228e-18,8.673617379884035e-19,0.0,2.1250362580715887e-17,0.003564452364620634,0.003564452364620634,0.5031161201417776,0,0.6693072238868507,0.02617540387827874,0.6693072238868507,0.02617540387827874
100710,no_inheritance,3.469446951953614e-18,3.469446951953614e-18,3.469446951953614e-18,0.0,0.0,1.3877787807814457e-17,-0.0018621017630779046,-0.0018621017630779046,0.50187519953808,0,0.7239746638551483,0.264009495449434,0.7239746638551483,0.264009495449434
100811,no_inheritance,6.938893903907228e-18,6.938893903907228e-18,6.938893903907228e-18,0.0,0.0,1.3877787807814457e-17,0.0010736699385834666,0.0010736699385834666,0.5021234893590332,0,0.15306186628698273,0.530530297062332,0.15306186628698273,0.530530297062332
100912,no_inheritance,5.204170427930421e-18,5.204170427930421e-18,5.204170427930421e-18,8.673617379884035e-19,0.0,-4.7704895589362195e-18,0.0009188922051900405,0.0009188922051900405,0.502154509584981,0,0.6807845978820753,0.031221478758954414,0.6807845978820753,0.031221478758954414
101013,no_inheritance,6.938893903907228e-18,6.938893903907228e-18,6.938893903907228e-18,0.0,0.0,1.3877787807814457e-17,0.0010128545097231087,0.0010128545097231087,0.49411396526268875,0,0.08395222656904804,0.5554559052085578,0.08395222656904804,0.5554559052085578
101114,no_inheritance,3.469446951953614e-18,3.469446951953614e-18,3.469446951953614e-18,-1.734723475976807e-18,0.0,1.0408340855860843e-17,0.0029765881596496313,0.0029765881596496313,0.5097690802699023,0,0.5630456430902933,0.16816446580321892,0.5630456430902933,0.16816446580321892
101215,no_inheritance,6.938893903907228e-18,6.938893903907228e-18,6.938893903907228e-18,1.734723475976807e-18,0.0,2.0816681711721685e-17,-0.0015175537762959844,-0.0015175537762959844,0.5044515000849441,0,0.915642173336447,0.18077331251851134,0.915642173336447,0.18077331251851134
101316,no_inheritance,6.938893903907228e-18,6.938893903907228e-18,6.938893903907228e-18,-1.734723475976807e-18,0.0,2.42861286636753e-17,0.0023328050429106497,0.0023328050429106497,0.49793597216534735,0,0.8859522736915506,0.1760995690891952,0.8859522736915506,0.1760995690891952
101417,no_inheritance,6.938893903907228e-18,6.938893903907228e-18,6.938893903907228e-18,0.0,0.0,2.42861286636753e-17,-0.005232745407616469,-0.005232745407616469,0.49961543369227895,0,0.9569965239524462,0.19040446351490425,0.9569965239524462,0.19040446351490425
101518,no_inheritance,6.938893903907228e-18,6.938893903907228e-18,6.938893903907228e-18,3.469446951953614e-18,0.0,2.42861286636753e-17,-0.0002950297519802177,-0.0002950297519802177,0.5023169517255857,0,0.9169444635289461,0.24368106268394363,0.9169444635289461,0.24368106268394363
101619,no_inheritance,6.938893903907228e-18,6.938893903907228e-18,6.938893903907228e-18,-3.469446951953614e-18,0.0,2.0816681711721685e-17,-0.0014612193688614658,-0.0014612193688614658,0.49811973100746043,0,0.8979996144724034,0.21552316550130135,0.8979996144724034,0.21552316550130135
101720,no_inheritance,1.3877787807814457e-17,1.3877787807814457e-17,1.3877787807814457e-17,0.0,0.0,2.7755575615628914e-17,-0.003775581670432312,-0.003775581670432312,0.5010121734766833,0,0.10484608420291662,0.7441752258033878,0.10484608420291662,0.7441752258033878
101821,no_inheritance,1.734723475976807e-18,1.734723475976807e-18,1.734723475976807e-18,-4.336808689942018e-19,0.0,6.071532165918825e-18,0.0003099297263167287,0.0003099297263167287,0.5001678215260631,0,0.22307645291807793,0.047997707744358124,0.22307645291807793,0.047997707744358124
101922,no_inheritance,6.938893903907228e-18,6.938893903907228e-18,6.938893903907228e-18,0.0,0.0,2.7755575615628914e-17,0.0013258400840666423,0.0013258400840666423,0.502400038461441,0,0.9611897177460687,0.36456454076783823,0.9611897177460687,0.36456454076783823
102023,no_inheritance,5.204170427930421e-18,5.204170427930421e-18,5.204170427930421e-18,1.734723475976807e-18,0.0,-3.469446951953614e-18,-0.0043736301071865,-0.0043736301071865,0.4990167306205126,0,0.7560858081710837,0.1381199702177701,0.7560858081710837,0.1381199702177701
102124,no_inheritance,3.469446951953614e-18,3.469446951953614e-18,3.469446951953614e-18,0.0,0.0,0.0,-0.003343486064514902,-0.003343486064514902,0.49463829379157886,0,0.6430016945449911,0.14929564942987544,0.6430016945449911,0.14929564942987544
102225,no_inheritance,6.938893903907228e-18,6.938893903907228e-18,6.938893903907228e-18,0.0,0.0,1.3877787807814457e-17,0.003470117887755946,0.003470117887755946,0.5020789954055481,0,0.12223138063480415,0.4334390706496555,0.12223138063480415,0.4334390706496555
102326,no_inheritance,6.938893903907228e-18,6.938893903907228e-18,6.938893903907228e-18,0.0,0.0,1.3877787807814457e-17,0.0005568300688822259,0.0005568300688822259,0.5004454148104943,0,0.2547140982580149,0.5941755488607668,0.2547140982580149,0.5941755488607668
