mode,seed,early_accuracy_30gen,late_accuracy_30gen,final_memory_gene,final_decoder_gene
predict,11,0.87463,0.97237,0.92102,2.618136
predict,17,0.854222,0.976444,0.913475,2.349922
predict,42,0.878185,0.975444,0.930332,2.624998
predict,73,0.879889,0.971259,0.932222,2.399805
predict,101,0.848481,0.977074,0.911357,2.410003
predict,177,0.867556,0.974556,0.895803,2.655481
predict,202,0.862704,0.969926,0.912768,2.624449
predict,323,0.878741,0.975815,0.909629,2.687922
predict,404,0.852296,0.973593,0.899682,2.599531
predict,567,0.869593,0.974889,0.923624,2.572944
predict,777,0.882481,0.967148,0.909526,2.422032
predict,901,0.865852,0.976889,0.889447,2.617637
predict,1009,0.871778,0.972667,0.915388,2.521646
predict,2027,0.869852,0.980185,0.94261,2.593239
predict,3049,0.882815,0.979296,0.920033,2.628425
predict,4101,0.872,0.972519,0.925112,2.573863
predict,5321,0.867778,0.97437,0.912864,2.667584
predict,6607,0.870407,0.97163,0.895711,2.696131
predict,7759,0.89237,0.973074,0.924869,2.57417
predict,8009,0.847444,0.973556,0.933611,2.473041
blocked,11,0.503556,0.497926,0.274837,2.154255
blocked,17,0.499889,0.499074,0.300086,-2.131413
blocked,42,0.502222,0.499222,0.258861,0.97723
blocked,73,0.496333,0.499667,0.291752,0.081831
blocked,101,0.501259,0.501889,0.34734,2.871467
blocked,177,0.504815,0.498704,0.334177,-1.341064
blocked,202,0.499481,0.496963,0.357045,2.304563
blocked,323,0.495667,0.501815,0.189376,-1.073601
blocked,404,0.499593,0.494667,0.259248,2.414094
blocked,567,0.499148,0.50063,0.259182,0.237141
blocked,777,0.499667,0.502222,0.112754,-1.60779
blocked,901,0.497963,0.505222,0.422466,-1.940547
blocked,1009,0.502481,0.499741,0.210349,-0.320437
blocked,2027,0.501778,0.496815,0.135896,1.398777
blocked,3049,0.498926,0.50237,0.263427,1.288064
blocked,4101,0.498926,0.497926,0.281761,-1.204599
blocked,5321,0.498741,0.496185,0.229085,-0.131164
blocked,6607,0.498926,0.503889,0.199014,-2.28454
blocked,7759,0.500852,0.500259,0.201207,-0.693446
blocked,8009,0.503111,0.501778,0.31619,1.044095
random,11,0.498704,0.500741,0.238944,0.408843
random,17,0.497963,0.501926,0.259902,-0.251743
random,42,0.504741,0.501815,0.224351,0.355534
random,73,0.505889,0.50937,0.396436,1.765577
random,101,0.498889,0.517185,0.435267,1.852599
random,177,0.499185,0.501556,0.28009,1.416475
random,202,0.49737,0.501963,0.21343,-1.782521
random,323,0.494481,0.499852,0.293371,-2.087703
random,404,0.496667,0.495148,0.230155,0.310513
random,567,0.502519,0.502074,0.236387,-2.148118
random,777,0.493296,0.498259,0.233844,-1.219703
random,901,0.499185,0.498444,0.187258,1.745602
random,1009,0.493259,0.5,0.361271,-0.516285
random,2027,0.501778,0.496259,0.177774,-1.948795
random,3049,0.503778,0.505333,0.36932,0.780581
random,4101,0.512407,0.50137,0.386493,-1.752603
random,5321,0.502074,0.495593,0.215883,-0.185965
random,6607,0.49463,0.501926,0.158333,-1.800023
random,7759,0.498667,0.502037,0.404486,-1.054007
random,8009,0.502852,0.501963,0.274811,-1.206787
nonheritable,11,0.499556,0.498852,0.421858,0.016877
nonheritable,17,0.503852,0.502481,0.404127,-0.033305
nonheritable,42,0.499074,0.500481,0.417101,-0.023875
nonheritable,73,0.505778,0.493889,0.400677,0.024262
nonheritable,101,0.499556,0.494519,0.400896,-0.091399
nonheritable,177,0.49963,0.501852,0.39149,0.058155
nonheritable,202,0.494407,0.499481,0.404464,0.02314
nonheritable,323,0.495741,0.494704,0.417632,-0.036999
nonheritable,404,0.50363,0.505148,0.396044,0.007775
nonheritable,567,0.496704,0.502222,0.37843,0.063032
nonheritable,777,0.500074,0.500037,0.399517,0.128907
nonheritable,901,0.507333,0.507704,0.396043,-0.056323
nonheritable,1009,0.498074,0.499926,0.415221,0.01819
nonheritable,2027,0.496481,0.499296,0.387074,-0.132954
nonheritable,3049,0.498963,0.503556,0.398957,-0.021255
nonheritable,4101,0.500889,0.500926,0.376631,0.039537
nonheritable,5321,0.497259,0.498185,0.417842,-0.10475
nonheritable,6607,0.500889,0.500333,0.423457,0.087857
nonheritable,7759,0.502259,0.497111,0.379136,-0.0803
nonheritable,8009,0.497963,0.494963,0.423314,-0.097117
