seed,generation,mean_fitness,best_fitness,mean_edges,score_spread
1103,0,0.13749999999999998,0.1875,0.0,0.023269070733009038
1103,1,0.15312499999999998,0.196875,1.2222222222222223,0.02497828918392041
1103,2,0.1689236111111111,0.640625,2.111111111111111,0.11662235124782466
1103,3,0.16597222222222224,0.671875,2.0,0.12373443052699401
1103,4,0.15486111111111106,0.175,3.0,0.00909430614840889
1103,5,0.11840277777777779,0.14375,3.3333333333333335,0.012710420290085503
1103,6,0.33958333333333335,0.76875,4.111111111111111,0.2586984986319876
1103,7,0.2899305555555555,0.725,5.055555555555555,0.22247950600928573
1103,8,0.23159722222222223,0.6781250000000001,5.833333333333333,0.16023694237165562
1103,9,0.14600694444444443,0.184375,5.888888888888889,0.021444310637535907
1103,10,0.18854166666666664,0.221875,7.0,0.025958199571618986
1103,11,0.13333333333333336,0.18125,7.666666666666667,0.016002386974726265
1103,12,0.5062500000000001,0.759375,7.222222222222222,0.2617984176008964
1103,13,0.5338541666666666,0.721875,7.055555555555555,0.2583821568446522
1205,0,0.2800347222222222,0.7687499999999999,0.0,0.2394409424893759
1205,1,0.15885416666666663,0.23124999999999998,0.8888888888888888,0.03364518833231085
1205,2,0.22812500000000002,0.7625000000000001,1.6111111111111112,0.13668476760211595
1205,3,0.2097222222222222,0.24375,2.2222222222222223,0.03222252155033383
1205,4,0.21371527777777777,0.24375,2.5555555555555554,0.021603947907746335
1205,5,0.27934027777777776,0.759375,3.5,0.16538287756052808
1205,6,0.22256944444444443,0.24375,3.0,0.01919482633484063
1205,7,0.2869791666666667,0.746875,3.0555555555555554,0.1603092511041809
1205,8,0.3196180555555556,1.765625,3.4444444444444446,0.35079090566943977
1205,9,0.22083333333333333,0.234375,3.4444444444444446,0.012842529172852033
1205,10,0.45625000000000004,0.771875,4.444444444444445,0.26505044069216543
1205,11,0.2329861111111111,0.703125,4.722222222222222,0.11517942591592036
1205,12,0.2477430555555556,0.74375,6.111111111111111,0.12198982107057231
1205,13,0.20937499999999998,0.24375,6.166666666666667,0.028259708263021953
1411,0,0.30694444444444446,0.7375,0.0,0.24944285912636546
1411,1,0.25381944444444443,1.190625,1.0,0.25482444672694055
1411,2,0.25503472222222223,0.6843750000000001,2.4444444444444446,0.18921134203342435
1411,3,0.23420138888888886,0.69375,3.388888888888889,0.16390773858761007
1411,4,0.16909722222222223,0.2375,4.722222222222222,0.026039351748962047
1411,5,0.4097222222222222,0.71875,5.722222222222222,0.2582028587027726
1411,6,0.24479166666666666,0.771875,6.277777777777778,0.17939060617360472
1411,7,0.2303819444444445,0.684375,5.777777777777778,0.11215613707559266
1411,8,0.3345486111111111,0.765625,6.333333333333333,0.2161363507513869
1411,9,0.43506944444444445,1.2687499999999998,6.833333333333333,0.31968401342788166
1411,10,0.18350694444444443,0.24062499999999998,7.333333333333333,0.02572316806666322
1411,11,0.26006944444444446,0.76875,7.222222222222222,0.1758182617070575
1411,12,0.18489583333333334,0.23124999999999998,7.666666666666667,0.023367952368931823
1411,13,0.2059027777777778,0.771875,8.166666666666666,0.1417772580319627
