subject_id,n_events,text_onsets,fixations,contemplations,rating_markers,complete_quartet_candidates,leading_task_markers,unrecognized_codes,ordering_errors,duration_errors,text_markers_minus_210_ratings,rest_markers,ratings_to_events_join_verified
sub-001,853,212,212,212,213,212,65284,,0,0,2,4,False
sub-002,853,212,212,212,213,212,65284,,0,0,2,4,False
sub-003,853,212,212,212,213,212,65284,,0,0,2,4,False
sub-004,853,212,212,212,213,212,65284,,0,0,2,4,False
sub-005,853,212,212,212,213,212,65284,,0,0,2,4,False
sub-006,853,212,212,212,213,212,65284,,0,0,2,4,False
sub-007,853,212,212,212,213,212,65284,,0,0,2,4,False
sub-008,853,212,212,212,213,212,65284,,0,0,2,4,False
sub-009,853,212,212,212,213,212,65284,,0,0,2,4,False
sub-010,853,212,212,212,213,212,65284,,0,0,2,4,False
sub-011,853,212,212,212,213,212,65284,,0,0,2,4,False
sub-012,853,212,212,212,212,212,,65280,0,0,2,4,False
sub-013,853,212,212,212,213,212,65284,,0,0,2,4,False
sub-014,853,212,212,212,212,212,,65280,0,0,2,4,False
sub-015,853,212,212,212,212,212,,65280,0,0,2,4,False
sub-016,853,212,212,212,212,212,,65280,0,0,2,4,False
sub-017,853,212,212,212,212,212,,65280,0,0,2,4,False
sub-018,853,212,212,212,212,212,,65280,0,0,2,4,False
sub-019,853,212,212,212,213,212,65284,,0,0,2,4,False
sub-020,853,212,212,212,213,212,65284,,0,0,2,4,False
sub-021,853,212,212,212,213,212,65284,,0,0,2,4,False
sub-022,853,212,212,212,212,212,,65280,0,0,2,4,False
sub-023,853,212,212,212,213,212,65284,,0,0,2,4,False
sub-024,853,212,212,212,213,212,65284,,0,0,2,4,False
sub-025,853,212,212,212,213,212,65284,,0,0,2,4,False
sub-026,853,212,212,212,212,212,,65280,0,0,2,4,False
sub-027,853,212,212,212,212,212,,65280,0,0,2,4,False
sub-028,853,212,212,212,213,212,65284,,0,0,2,4,False
sub-029,853,212,212,212,213,212,65284,,0,0,2,4,False
sub-030,853,212,212,212,213,212,65284,,0,0,2,4,False
sub-031,853,212,212,212,213,212,65284,,0,0,2,4,False
sub-032,853,212,212,212,212,212,,65280,0,0,2,4,False
sub-033,853,212,212,212,213,212,65284,,0,0,2,4,False
sub-034,853,212,212,212,212,212,,65280,0,0,2,4,False
sub-035,853,212,212,212,212,212,,65280,0,0,2,4,False
sub-036,853,212,212,212,213,212,65284,,0,0,2,4,False
sub-037,853,212,212,212,213,212,65284,,0,0,2,4,False
sub-038,853,212,212,212,212,212,,65280,0,0,2,4,False
sub-039,853,212,212,212,212,212,,65280,0,0,2,4,False
sub-040,853,212,212,212,213,212,65284,,0,0,2,4,False
sub-041,853,212,212,212,212,212,,65280,0,0,2,4,False
sub-042,853,212,212,212,213,212,65284,,0,0,2,4,False
sub-043,853,212,212,212,213,212,65284,,0,0,2,4,False
sub-044,853,212,212,212,212,212,,65280,0,0,2,4,False
sub-045,853,212,212,212,213,212,65284,,0,0,2,4,False
sub-046,853,212,212,212,212,212,,65280,0,0,2,4,False
sub-047,852,212,212,212,212,212,,65280,0,0,2,3,False
