seed,condition,environment,mean_food,mean_survival,recurrent_edges
1103,evolved_recurrent,stable,0.0,0.44618055555555564,13
1103,evolved_recurrent,shift+dropout,0.0,0.45312500000000006,13
1103,evolved_feedforward,stable,0.0,0.6423611111111112,7
1103,evolved_feedforward,shift+dropout,0.0,0.6059027777777778,7
1103,random_selection,stable,0.0,0.40972222222222227,6
1103,random_selection,shift+dropout,0.0,0.40972222222222227,6
1103,random,stable,0.0,0.7309027777777777,
1103,random,shift+dropout,0.0,0.7291666666666666,
1103,greedy,stable,0.4166666666666667,0.47743055555555564,
1103,greedy,shift+dropout,0.16666666666666666,0.4878472222222223,
1103,comparator,stable,4.166666666666667,0.876736111111111,
1103,comparator,shift+dropout,2.75,0.857638888888889,
1205,evolved_recurrent,stable,0.08333333333333333,0.6111111111111112,7
1205,evolved_recurrent,shift+dropout,0.08333333333333333,0.5868055555555557,7
1205,evolved_feedforward,stable,0.08333333333333333,0.640625,10
1205,evolved_feedforward,shift+dropout,0.25,0.6701388888888888,10
1205,random_selection,stable,0.16666666666666666,0.5711805555555556,13
1205,random_selection,shift+dropout,0.16666666666666666,0.6631944444444445,13
1205,random,stable,0.25,0.7638888888888888,
1205,random,shift+dropout,0.3333333333333333,0.7690972222222222,
1205,greedy,stable,1.1666666666666667,0.59375,
1205,greedy,shift+dropout,0.6666666666666666,0.5729166666666667,
1205,comparator,stable,3.4166666666666665,0.8142361111111112,
1205,comparator,shift+dropout,2.6666666666666665,0.859375,
1411,evolved_recurrent,stable,0.08333333333333333,0.5,7
1411,evolved_recurrent,shift+dropout,0.08333333333333333,0.5069444444444444,7
1411,evolved_feedforward,stable,0.16666666666666666,0.4774305555555556,5
1411,evolved_feedforward,shift+dropout,0.08333333333333333,0.4756944444444445,5
1411,random_selection,stable,0.08333333333333333,0.7447916666666666,7
1411,random_selection,shift+dropout,0.08333333333333333,0.7499999999999999,7
1411,random,stable,0.08333333333333333,0.7152777777777777,
1411,random,shift+dropout,0.0,0.6944444444444443,
1411,greedy,stable,1.6666666666666667,0.5989583333333334,
1411,greedy,shift+dropout,1.0833333333333333,0.654513888888889,
1411,comparator,stable,4.916666666666667,0.8836805555555555,
1411,comparator,shift+dropout,3.75,0.9409722222222222,
