seed,condition,development_food,stable_food,stable_survival,reversal_food,reversal_survival,scrambled_reversal_food,scrambled_reversal_survival
870000,full,8.541666666666666,8.309895833333334,1.0,7.608072916666667,0.9986979166666666,0.8736979166666666,0.6679361979166667
870000,reactive,6.427083333333333,4.169270833333333,0.7454427083333334,1.9986979166666667,0.748046875,,
870000,random_selection,4.9375,4.2578125,0.7545572916666666,2.0169270833333335,0.751953125,,
870000,no_inheritance,3.8645833333333335,3.8072916666666665,0.7875,2.44921875,0.8101562499999999,,
870071,full,6.09375,4.08984375,0.7408854166666666,1.9583333333333333,0.7447916666666666,1.9973958333333333,0.7447916666666666
870071,reactive,6.15625,4.115885416666667,0.7408854166666666,1.9739583333333333,0.7447916666666666,,
870071,random_selection,1.7708333333333333,1.4088541666666667,0.6552408854166667,0.9713541666666666,0.6604492187499998,,
870071,no_inheritance,3.1979166666666665,3.3541666666666665,0.7521484374999999,1.91796875,0.7633138020833332,,
870142,full,8.59375,8.291666666666666,1.0,7.654947916666667,1.0,0.9309895833333334,0.6743815104166667
870142,reactive,6.09375,4.342447916666667,0.7545572916666666,1.9765625,0.7421875,,
870142,random_selection,3.7291666666666665,3.3932291666666665,0.7735677083333333,2.27734375,0.7790690104166668,,
870142,no_inheritance,4.864583333333333,3.8984375,0.7759440104166666,1.9244791666666667,0.7564778645833333,,
870213,full,8.541666666666666,8.251302083333334,0.9993164062500001,7.61328125,1.0,0.86328125,0.6741536458333334
870213,reactive,5.729166666666667,4.05078125,0.7421875,2.0859375,0.7583658854166666,,
870213,random_selection,4.083333333333333,4.044270833333333,0.7827799479166666,2.1783854166666665,0.76962890625,,
870213,no_inheritance,3.7604166666666665,3.7877604166666665,0.7893554687500001,2.3268229166666665,0.7925455729166666,,
870284,full,8.59375,8.166666666666666,0.9947916666666666,6.963541666666667,0.9954427083333334,1.1705729166666667,0.6952473958333334
870284,reactive,6.1875,4.333333333333333,0.7545572916666666,2.0208333333333335,0.751953125,,
870284,random_selection,5.104166666666667,4.157552083333333,0.7667968750000002,2.296875,0.775,,
870284,no_inheritance,4.09375,3.9765625,0.8150390625,2.40234375,0.8150065104166666,,
870355,full,8.416666666666666,8.209635416666666,0.9986979166666666,7.080729166666667,0.9993489583333334,1.3372395833333333,0.71474609375
870355,reactive,6.197916666666667,4.44921875,0.7630208333333334,2.046875,0.7526041666666666,,
870355,random_selection,4.145833333333333,3.8854166666666665,0.7675130208333334,2.1106770833333335,0.7664388020833334,,
870355,no_inheritance,3.9270833333333335,4.110677083333333,0.7739908854166666,2.1510416666666665,0.7735026041666666,,
870426,full,5.822916666666667,4.875,0.8587565104166667,3.44921875,0.8524739583333334,0.8671875,0.6666992187499999
870426,reactive,6.239583333333333,4.39453125,0.7552083333333334,2.0169270833333335,0.7467447916666666,,
870426,random_selection,3.3333333333333335,2.890625,0.7272786458333332,1.55859375,0.7067382812499999,,
870426,no_inheritance,2.21875,1.8723958333333333,0.7307617187500001,1.7005208333333333,0.7475260416666666,,
870497,full,7.270833333333333,6.557291666666667,0.9753906249999998,6.192708333333333,0.9787760416666668,0.6263020833333334,0.6434244791666667
870497,reactive,5.947916666666667,4.127604166666667,0.7467447916666666,2.0013020833333335,0.7510091145833334,,
870497,random_selection,5.322916666666667,4.276041666666667,0.792578125,2.4869791666666665,0.7935546875,,
870497,no_inheritance,2.4479166666666665,1.9830729166666667,0.7136718750000001,1.4713541666666667,0.7262044270833333,,
870568,full,8.479166666666666,8.184895833333334,1.0,7.565104166666667,1.0,0.890625,0.6693684895833334
870568,reactive,5.947916666666667,4.334635416666667,0.75390625,2.15234375,0.7643229166666666,,
870568,random_selection,2.8854166666666665,2.6380208333333335,0.7352213541666667,1.5338541666666667,0.7374348958333333,,
870568,no_inheritance,3.1354166666666665,2.70703125,0.7513997395833334,1.8033854166666667,0.7618489583333333,,
870639,full,6.354166666666667,4.194010416666667,0.7447916666666666,2.0481770833333335,0.7506510416666666,2.0390625,0.7506510416666666
870639,reactive,6.3125,4.19921875,0.7447916666666666,2.0494791666666665,0.7506510416666666,,
870639,random_selection,2.8125,2.4440104166666665,0.7932942708333334,2.0104166666666665,0.7893554687500001,,
870639,no_inheritance,3.4479166666666665,3.3880208333333335,0.7577473958333334,1.9322916666666667,0.7597330729166667,,
870710,full,8.552083333333334,8.334635416666666,1.0,7.811197916666667,1.0,0.671875,0.6436197916666666
870710,reactive,5.520833333333333,3.9296875,0.7311197916666666,2.0989583333333335,0.7545572916666666,,
870710,random_selection,4.989583333333333,4.317708333333333,0.7661783854166666,1.8684895833333333,0.7367513020833334,,
870710,no_inheritance,4.104166666666667,3.4934895833333335,0.7763020833333334,2.3229166666666665,0.7888671875000002,,
870781,full,8.520833333333334,8.190104166666666,0.9947916666666666,6.098958333333333,0.99609375,1.6471354166666667,0.7403320312499999
870781,reactive,5.864583333333333,4.3046875,0.751953125,2.0065104166666665,0.7454427083333334,,
870781,random_selection,5.458333333333333,4.161458333333333,0.751953125,1.9700520833333333,0.7446940104166666,,
870781,no_inheritance,4.46875,4.201822916666667,0.7651041666666667,1.8828125,0.7459309895833334,,
870852,full,8.572916666666666,8.296875,1.0,7.625,0.9993489583333334,0.99609375,0.6962890625
870852,reactive,6.208333333333333,4.3046875,0.7545572916666666,2.03515625,0.7525390625,,
870852,random_selection,4.114583333333333,3.640625,0.7945963541666666,2.4908854166666665,0.8121744791666666,,
870852,no_inheritance,4.25,4.092447916666667,0.7591145833333334,2.1640625,0.7626953125,,
870923,full,6.3125,3.9270833333333335,0.7311197916666666,2.1015625,0.76171875,2.1067708333333335,0.76171875
870923,reactive,5.947916666666667,3.9296875,0.7311197916666666,2.1106770833333335,0.76171875,,
870923,random_selection,5.020833333333333,3.7213541666666665,0.8170247395833333,2.8489583333333335,0.8463216145833332,,
870923,no_inheritance,3.8854166666666665,3.02734375,0.7551757812499998,1.6549479166666667,0.7343424479166666,,
870994,full,8.489583333333334,8.302083333333334,0.9993489583333334,7.484375,0.9993489583333334,0.91015625,0.6726236979166668
870994,reactive,5.864583333333333,4.14453125,0.7434895833333334,2.01953125,0.7513020833333334,,
870994,random_selection,1.53125,1.0390625,0.6891927083333332,1.2877604166666667,0.7032226562499999,,
870994,no_inheritance,3.8854166666666665,3.3229166666666665,0.7493489583333334,1.8359375,0.7556315104166668,,
871065,full,8.333333333333334,7.98828125,0.9856770833333334,5.359375,0.978515625,1.97265625,0.7669270833333334
871065,reactive,5.802083333333333,4.126302083333333,0.7454427083333334,2.0247395833333335,0.7473958333333334,,
871065,random_selection,2.9375,2.37890625,0.7998372395833333,2.0520833333333335,0.8044921875000001,,
871065,no_inheritance,5.0625,4.244791666666667,0.77255859375,2.13671875,0.7689453125,,
871136,full,6.28125,4.2890625,0.75869140625,2.0234375,0.7480143229166667,1.91796875,0.7401041666666667
871136,reactive,6.239583333333333,4.3125,0.751953125,1.9921875,0.7415364583333334,,
871136,random_selection,4.197916666666667,3.94921875,0.7967447916666668,2.4544270833333335,0.8099609375,,
871136,no_inheritance,3.03125,2.7786458333333335,0.7565755208333332,1.9700520833333333,0.7767578125,,
871207,full,8.520833333333334,8.173177083333334,0.9915364583333334,6.751302083333333,0.9934895833333334,1.15625,0.6804687500000001
871207,reactive,5.78125,4.196614583333333,0.7571614583333334,2.05078125,0.7635416666666667,,
871207,random_selection,4.114583333333333,4.092447916666667,0.78798828125,2.2213541666666665,0.7876627604166666,,
871207,no_inheritance,2.75,3.0677083333333335,0.75673828125,1.8020833333333333,0.7608723958333333,,
871278,full,5.84375,4.106770833333333,0.74609375,2.1510416666666665,0.767578125,1.8046875,0.7619791666666668
871278,reactive,5.979166666666667,4.192708333333333,0.74609375,2.1744791666666665,0.767578125,,
871278,random_selection,4.208333333333333,3.7239583333333335,0.74228515625,1.93359375,0.7563151041666667,,
871278,no_inheritance,4.104166666666667,4.08203125,0.7781250000000001,2.0729166666666665,0.7694661458333334,,
871349,full,6.166666666666667,4.263020833333333,0.7513020833333334,1.9322916666666667,0.7369791666666666,1.8138020833333333,0.7359700520833333
871349,reactive,6.239583333333333,4.27734375,0.7513020833333334,1.9479166666666667,0.7369791666666666,,
871349,random_selection,1.4895833333333333,1.0481770833333333,0.6603190104166666,0.8255208333333334,0.6517903645833334,,
871349,no_inheritance,3.28125,2.48046875,0.7257161458333333,1.6705729166666667,0.73876953125,,
871420,full,8.46875,8.1953125,0.994140625,7.130208333333333,0.99609375,1.1627604166666667,0.7057291666666666
871420,reactive,6.520833333333333,4.295572916666667,0.7532552083333334,2.1145833333333335,0.7584635416666666,,
871420,random_selection,3.4791666666666665,3.2395833333333335,0.73251953125,1.7760416666666667,0.7320638020833333,,
871420,no_inheritance,2.90625,2.625,0.7567708333333334,1.83984375,0.7531575520833332,,
871491,full,5.8125,4.272135416666667,0.7506510416666666,1.9635416666666667,0.7395833333333334,1.9348958333333333,0.7395833333333334
871491,reactive,5.604166666666667,4.212239583333333,0.7493489583333334,2.1158854166666665,0.7604166666666666,,
871491,random_selection,4.458333333333333,4.134114583333333,0.8385091145833333,3.55859375,0.8747721354166668,,
871491,no_inheritance,4.177083333333333,3.7565104166666665,0.7291666666666666,1.9388020833333333,0.7418619791666666,,
871562,full,8.53125,8.235677083333334,0.9986979166666666,7.475260416666667,0.9993489583333334,1.0078125,0.6921875000000001
871562,reactive,5.729166666666667,4.46875,0.7623697916666666,2.0091145833333335,0.7473958333333334,,
871562,random_selection,3.5520833333333335,3.3697916666666665,0.7825195312500001,2.0885416666666665,0.773828125,,
871562,no_inheritance,4.041666666666667,3.4947916666666665,0.79345703125,2.2213541666666665,0.79150390625,,
871633,full,8.604166666666666,8.290364583333334,1.0,7.716145833333333,0.9997395833333332,0.7057291666666666,0.6500976562499999
871633,reactive,6.166666666666667,4.15234375,0.7415364583333334,2.1197916666666665,0.7565104166666666,,
871633,random_selection,1.5729166666666667,0.9388020833333334,0.6717447916666667,1.1653645833333333,0.6875325520833334,,
871633,no_inheritance,5.416666666666667,4.158854166666667,0.7537434895833334,1.9088541666666667,0.74423828125,,
871704,full,6.364583333333333,4.920572916666667,0.8431966145833334,3.515625,0.8438151041666666,1.2447916666666667,0.69619140625
871704,reactive,6.510416666666667,4.10546875,0.7415364583333334,1.9739583333333333,0.740234375,,
871704,random_selection,1.5,0.98046875,0.6816080729166666,1.0546875,0.6859375,,
871704,no_inheritance,5.1875,4.166666666666667,0.8126302083333332,2.7174479166666665,0.8211263020833334,,
871775,full,5.895833333333333,3.9765625,0.7438802083333332,1.96484375,0.7487630208333332,1.9479166666666667,0.74453125
871775,reactive,6.09375,4.016927083333333,0.744140625,1.9739583333333333,0.7486328125,,
871775,random_selection,4.916666666666667,4.240885416666667,0.7574869791666666,1.98828125,0.7545898437499999,,
871775,no_inheritance,3.78125,3.8177083333333335,0.7450846354166667,1.9700520833333333,0.7542643229166667,,
871846,full,6.166666666666667,4.485677083333333,0.7739908854166666,2.2799479166666665,0.7712239583333332,1.8424479166666667,0.7467773437500002
871846,reactive,6.041666666666667,4.311197916666667,0.759765625,2.0091145833333335,0.75390625,,
871846,random_selection,2.6354166666666665,2.3046875,0.7414388020833332,1.703125,0.7367838541666667,,
871846,no_inheritance,3.8645833333333335,3.3151041666666665,0.7789713541666666,2.1315104166666665,0.7900390625,,
871917,full,6.260416666666667,4.497395833333333,0.7792317708333334,2.3151041666666665,0.77197265625,1.5416666666666667,0.7322591145833334
871917,reactive,5.677083333333333,4.069010416666667,0.7395833333333334,2.03515625,0.7467447916666666,,
871917,random_selection,4.864583333333333,3.79296875,0.7626953125,2.1484375,0.7710611979166666,,
871917,no_inheritance,3.7291666666666665,3.6575520833333335,0.7584309895833333,2.09765625,0.7660481770833334,,
871988,full,6.083333333333333,4.16796875,0.7447916666666666,2.0598958333333335,0.7493489583333334,1.9869791666666667,0.7490559895833333
871988,reactive,6.0,4.329427083333333,0.7552083333333334,2.0520833333333335,0.7506510416666666,,
871988,random_selection,2.34375,1.9635416666666667,0.7390624999999998,1.4583333333333333,0.7408528645833333,,
871988,no_inheritance,4.4375,3.7942708333333335,0.7715494791666666,2.27734375,0.7867838541666666,,
872059,full,6.166666666666667,4.59375,0.8140625,3.0989583333333335,0.8449218750000002,1.1171875,0.6965169270833332
872059,reactive,6.510416666666667,4.143229166666667,0.7421875,1.8372395833333333,0.728515625,,
872059,random_selection,3.71875,3.5755208333333335,0.7506510416666666,1.78125,0.7395833333333334,,
872059,no_inheritance,3.7604166666666665,3.9231770833333335,0.7740885416666666,2.18359375,0.7702473958333332,,
872130,full,8.5625,8.302083333333334,1.0,7.688802083333333,1.0,0.7721354166666666,0.6580078125000001
872130,reactive,6.385416666666667,4.095052083333333,0.740234375,2.0833333333333335,0.7552083333333334,,
872130,random_selection,3.9479166666666665,3.5026041666666665,0.7831380208333334,1.9713541666666667,0.7750651041666666,,
872130,no_inheritance,4.15625,3.7395833333333335,0.7966796875000001,2.2903645833333335,0.7962890625,,
872201,full,8.59375,8.255208333333334,0.9993489583333334,7.634114583333333,1.0,0.7591145833333334,0.6551106770833334
872201,reactive,5.875,4.188802083333333,0.744140625,1.98046875,0.7428385416666666,,
872201,random_selection,4.479166666666667,4.072916666666667,0.75625,1.9388020833333333,0.7571940104166667,,
872201,no_inheritance,4.84375,3.8372395833333335,0.7681315104166666,2.05859375,0.7628906250000002,,
