seed,cause,adaptive_alarm_steps
9100001,none,0
9100001,motor,0
9100001,external,0
9100001,sensor,1
9100001,motor_external,1
9100001,unknown_nonlinear,0
9100102,none,0
9100102,motor,1
9100102,external,0
9100102,sensor,1
9100102,motor_external,7
9100102,unknown_nonlinear,0
9100203,none,0
9100203,motor,1
9100203,external,0
9100203,sensor,1
9100203,motor_external,4
9100203,unknown_nonlinear,0
9100304,none,0
9100304,motor,1
9100304,external,0
9100304,sensor,1
9100304,motor_external,0
9100304,unknown_nonlinear,0
9100405,none,0
9100405,motor,0
9100405,external,0
9100405,sensor,1
9100405,motor_external,5
9100405,unknown_nonlinear,0
9100506,none,0
9100506,motor,0
9100506,external,0
9100506,sensor,1
9100506,motor_external,0
9100506,unknown_nonlinear,0
9100607,none,1
9100607,motor,2
9100607,external,1
9100607,sensor,2
9100607,motor_external,1
9100607,unknown_nonlinear,1
9100708,none,0
9100708,motor,1
9100708,external,0
9100708,sensor,1
9100708,motor_external,0
9100708,unknown_nonlinear,0
9100809,none,0
9100809,motor,0
9100809,external,0
9100809,sensor,1
9100809,motor_external,0
9100809,unknown_nonlinear,0
9100910,none,0
9100910,motor,1
9100910,external,0
9100910,sensor,1
9100910,motor_external,2
9100910,unknown_nonlinear,0
9101011,none,0
9101011,motor,1
9101011,external,0
9101011,sensor,1
9101011,motor_external,0
9101011,unknown_nonlinear,0
9101112,none,0
9101112,motor,0
9101112,external,0
9101112,sensor,1
9101112,motor_external,0
9101112,unknown_nonlinear,0
9101213,none,0
9101213,motor,0
9101213,external,0
9101213,sensor,1
9101213,motor_external,0
9101213,unknown_nonlinear,0
9101314,none,0
9101314,motor,0
9101314,external,0
9101314,sensor,1
9101314,motor_external,2
9101314,unknown_nonlinear,0
9101415,none,0
9101415,motor,1
9101415,external,0
9101415,sensor,1
9101415,motor_external,0
9101415,unknown_nonlinear,0
9101516,none,0
9101516,motor,1
9101516,external,0
9101516,sensor,1
9101516,motor_external,0
9101516,unknown_nonlinear,0
9101617,none,0
9101617,motor,1
9101617,external,0
9101617,sensor,1
9101617,motor_external,0
9101617,unknown_nonlinear,0
9101718,none,0
9101718,motor,0
9101718,external,0
9101718,sensor,1
9101718,motor_external,0
9101718,unknown_nonlinear,0
9101819,none,0
9101819,motor,1
9101819,external,0
9101819,sensor,1
9101819,motor_external,0
9101819,unknown_nonlinear,0
9101920,none,0
9101920,motor,0
9101920,external,0
9101920,sensor,1
9101920,motor_external,1
9101920,unknown_nonlinear,0
9102021,none,0
9102021,motor,0
9102021,external,0
9102021,sensor,1
9102021,motor_external,0
9102021,unknown_nonlinear,0
9102122,none,0
9102122,motor,0
9102122,external,0
9102122,sensor,1
9102122,motor_external,0
9102122,unknown_nonlinear,0
9102223,none,0
9102223,motor,1
9102223,external,0
9102223,sensor,1
9102223,motor_external,0
9102223,unknown_nonlinear,0
9102324,none,0
9102324,motor,0
9102324,external,0
9102324,sensor,1
9102324,motor_external,0
9102324,unknown_nonlinear,0
